audit_id	teacher_bucket	teacher_label	manual_status	manual_label	agreement	error_type	manual_reason	source_file	source_line	uid	question	teacher_answer	teacher_reason	gold_targets_reference_only
S-001	supported_answer	S	supported_answer	S	1	aligned_supported	可见证据足以支持同一问题谓词下的唯一短答案。	log/agenticIterRag/260710-021433-474200-pipeline-agentic_iter_rag_v1_spad_qwen3_1_7b_glm47_formal_500_offlinebatch_260710/outputs/stages/train_agent/spad_rag/search_policy_rl/rollout_data/3.jsonl	114	bbf77aae-d0ce-4a9b-a8d0-d75c544d7b49	who created who wants to be a millionaire?	David Briggs, Mike Whitehill and Steven Knight	The provided evidence states that Who Wants to Be a Millionaire was created by David Briggs, Mike Whitehill, and Steven Knight.	"[""Mike Whitehill"", ""David Briggs"", ""Steven Knight""]"
S-002	supported_answer	S	supported_answer	S	1	aligned_supported	可见证据足以支持同一问题谓词下的唯一短答案。	log/agenticIterRag/260710-021433-474200-pipeline-agentic_iter_rag_v1_spad_qwen3_1_7b_glm47_formal_500_offlinebatch_260710/outputs/stages/train_agent/spad_rag/search_policy_rl/rollout_data/5.jsonl	5	18653845-d97b-46a1-bb61-d129c155fe3c	who did the peoples party nominate for president in 1892?	James B. Weaver and James G. Field	The evidence explicitly states that in the 1892 presidential election, the People's Party ticket was composed of James B. Weaver and James G. Field.	"[""James B. Weaver""]"
S-003	supported_answer	S	supported_answer	S	1	aligned_supported	可见证据足以支持同一问题谓词下的唯一短答案。	log/agenticIterRag/260710-021433-474200-pipeline-agentic_iter_rag_v1_spad_qwen3_1_7b_glm47_formal_500_offlinebatch_260710/outputs/stages/train_agent/spad_rag/search_policy_rl/rollout_data/4.jsonl	30	c9bdbb0e-027f-4715-9437-6133e7a226eb	when was the dollar coin introduced in australia?	14 May 1984	Document [4] explicitly states that the Australian one dollar coin was first issued on 14 May 1984.	"[""14 May 1984""]"
S-004	supported_answer	S	supported_answer	S	1	aligned_supported	可见证据足以支持同一问题谓词下的唯一短答案。	log/agenticIterRag/260710-021433-474200-pipeline-agentic_iter_rag_v1_spad_qwen3_1_7b_glm47_formal_500_offlinebatch_260710/outputs/stages/train_agent/spad_rag/search_policy_rl/rollout_data/6.jsonl	102	c99c8a47-b41f-4843-ba96-a5582a14f572	Who is Rishi Kapoor's paternal grandfather?	Prithviraj Kapoor	Document [1] explicitly states that Rishi Kapoor is the grandson of actor Prithviraj Kapoor. Document [4] and [5] also confirm that Prithviraj Kapoor is the grandfather of Randhir Kapoor, who is Rishi's brother, establishing the lineage.	"[""Prithviraj Kapoor""]"
S-005	supported_answer	S	supported_answer	S	1	aligned_supported	可见证据足以支持同一问题谓词下的唯一短答案。	log/agenticIterRag/260710-021433-474200-pipeline-agentic_iter_rag_v1_spad_qwen3_1_7b_glm47_formal_500_offlinebatch_260710/outputs/stages/train_agent/spad_rag/search_policy_rl/rollout_data/3.jsonl	104	4406d199-9bc8-4ca7-b0a4-e725ed315c60	what is connected to the intestine by bile ducts?	the intestine	"The evidence states that the common bile duct opens into the intestine. Specifically, document [1] states the common bile duct ""opens into the intestine"" and document [5] states the common bile duct ""enters duodenum""."	"[""gallbladder""]"
S-006	supported_answer	S	supported_answer	S	1	aligned_supported	可见证据足以支持同一问题谓词下的唯一短答案。	log/agenticIterRag/260710-021433-474200-pipeline-agentic_iter_rag_v1_spad_qwen3_1_7b_glm47_formal_500_offlinebatch_260710/outputs/stages/train_agent/spad_rag/search_policy_rl/rollout_data/7.jsonl	144	a7d393ec-2bd1-4edc-a4d8-8ff919a87a90	when did the british royal family lose political power?	1688	The evidence states that the last monarch involuntarily removed from power was James VII and II, who fled into exile in 1688 during the Glorious Revolution. It also notes that the Bill of Rights 1689 affirmed parliamentary supremacy.	"[""In the 1990s""]"
S-007	supported_answer	S	supported_answer	S	1	aligned_supported	可见证据足以支持同一问题谓词下的唯一短答案。	log/agenticIterRag/260710-021433-474200-pipeline-agentic_iter_rag_v1_spad_qwen3_1_7b_glm47_formal_500_offlinebatch_260710/outputs/stages/train_agent/spad_rag/search_policy_rl/rollout_data/2.jsonl	173	0fb0c91f-7bdd-4c5e-b49c-6ba2a01b123b	What is the place of birth of the composer of film Padichakallan?	Kozhikode	Document [1] identifies Reghu Kumar (also known as Raghukumar) as the composer of the film Padichakallan and states he was born into the prominent Pootheri family at Kozhikode in Kerala on 13 June 1953.	"[""Paravoor""]"
S-008	supported_answer	S	supported_answer	S	1	aligned_supported	可见证据足以支持同一问题谓词下的唯一短答案。	log/agenticIterRag/260710-021433-474200-pipeline-agentic_iter_rag_v1_spad_qwen3_1_7b_glm47_formal_500_offlinebatch_260710/outputs/stages/train_agent/spad_rag/search_policy_rl/rollout_data/5.jsonl	1	ad8561a9-b117-4042-a4e0-57f90ee33786	what was the capital of georgia before atlanta?	Milledgeville	Document 1 states the Georgia General Assembly moved from Milledgeville to Atlanta in 1868, and Document 2 lists the capitals in order as Savannah, Augusta, Louisville, Milledgeville, and Atlanta.	"[""Milledgeville""]"
S-009	supported_answer	S	insufficient_evidence	I	0	entity_mismatch	问题是 Tyler Spencer，证据和 teacher 理由却改成了 Tim Spencer，无法判断原问题中的两人是否都是美国歌手。	log/agenticIterRag/260710-021433-474200-pipeline-agentic_iter_rag_v1_spad_qwen3_1_7b_glm47_formal_500_offlinebatch_260710/outputs/stages/train_agent/spad_rag/search_policy_rl/rollout_data/3.jsonl	16	b993aa4f-eb0c-493f-a3f9-52e261591068	Are Tim Armstrong and Tyler Spencer both American singers?	Yes	Document [2] states Tim Armstrong is an American musician. Document [3] states Tim Spencer (singer) is an American singer. Both individuals are identified as American singers in the provided text.	"[""yes""]"
S-010	supported_answer	S	supported_answer	S	1	aligned_supported	可见证据足以支持同一问题谓词下的唯一短答案。	log/agenticIterRag/260710-021433-474200-pipeline-agentic_iter_rag_v1_spad_qwen3_1_7b_glm47_formal_500_offlinebatch_260710/outputs/stages/train_agent/spad_rag/search_policy_rl/rollout_data/7.jsonl	171	0b7980cc-44e5-4ec5-9e84-d148192415d2	What is the date of birth of Françoise Riopelle's husband?	7 October 1923	The search results identify Jean-Paul Riopelle as Françoise Riopelle's husband. Evidence [4] explicitly states Jean-Paul Riopelle was born on 7 October 1923.	"[""7 October 1923""]"
S-011	supported_answer	S	supported_answer	S	1	aligned_supported	可见证据足以支持同一问题谓词下的唯一短答案。	log/agenticIterRag/260710-021433-474200-pipeline-agentic_iter_rag_v1_spad_qwen3_1_7b_glm47_formal_500_offlinebatch_260710/outputs/stages/train_agent/spad_rag/search_policy_rl/rollout_data/3.jsonl	221	e0d27b17-abe1-4684-8d1f-f70d6b609f67	when was the last time real madrid won copa del rey?	2014	The evidence explicitly states that Real Madrid's most recent victory in the Copa del Rey was in 2014, having been defeated in the 2013 final.	"[""2013–14""]"
S-012	supported_answer	S	supported_answer	S	1	aligned_supported	可见证据足以支持同一问题谓词下的唯一短答案。	log/agenticIterRag/260710-021433-474200-pipeline-agentic_iter_rag_v1_spad_qwen3_1_7b_glm47_formal_500_offlinebatch_260710/outputs/stages/train_agent/spad_rag/search_policy_rl/rollout_data/3.jsonl	58	0eeb6e94-f931-4a94-9e53-6de9d4708768	who plays timmy dad in fairly odd parents?	Daran Norris	"Document 1 explicitly states that ""Timmy's dad Mr. Turner, are voiced by Daran Norris."" This directly answers the question regarding who plays the role of Timmy's dad in The Fairly OddParents."	"[""Daran Norris""]"
S-013	supported_answer	S	supported_answer	S	1	aligned_supported	可见证据足以支持同一问题谓词下的唯一短答案。	log/agenticIterRag/260710-021433-474200-pipeline-agentic_iter_rag_v1_spad_qwen3_1_7b_glm47_formal_500_offlinebatch_260710/outputs/stages/train_agent/spad_rag/search_policy_rl/rollout_data/6.jsonl	12	b4ab9518-df98-483c-b0f7-8c3df3b7da55	where does the protein in ensure come from?	milk protein concentrate and soy protein isolate	The evidence states that the top six ingredients in Ensure Original include milk protein concentrate and soy protein isolate, which are sources of protein.	"[""soy"", ""milk""]"
S-014	supported_answer	S	supported_answer	S	1	aligned_supported	可见证据足以支持同一问题谓词下的唯一短答案。	log/agenticIterRag/260710-021433-474200-pipeline-agentic_iter_rag_v1_spad_qwen3_1_7b_glm47_formal_500_offlinebatch_260710/outputs/stages/train_agent/spad_rag/search_policy_rl/rollout_data/7.jsonl	6	93c494fe-dda2-4e79-9db1-65f2cab389c7	name the founder of the networking company business network international?	Ivan Misner	Document 1 states that BNI (Business Network International) was founded in 1985 by Ivan Misner. Document 3 confirms that Ivan Misner is the founder and chairman of the business networking organization BNI.	"[""Ivan Misner""]"
S-015	supported_answer	S	supported_answer	S	1	aligned_supported	可见证据足以支持同一问题谓词下的唯一短答案。	log/agenticIterRag/260710-021433-474200-pipeline-agentic_iter_rag_v1_spad_qwen3_1_7b_glm47_formal_500_offlinebatch_260710/outputs/stages/train_agent/spad_rag/search_policy_rl/rollout_data/2.jsonl	77	d871ca6b-24fb-4d36-9ad4-7062294978d5	when was the last jason bourne movie made?	July 29, 2016	"The search results identify ""Jason Bourne"" as a 2016 American action thriller film, the fifth installment of the Bourne film series. Multiple documents state it was theatrically released in the United States on July 29, 2016."	"[""2012""]"
S-016	supported_answer	S	supported_answer	S	1	aligned_supported	可见证据足以支持同一问题谓词下的唯一短答案。	log/agenticIterRag/260710-021433-474200-pipeline-agentic_iter_rag_v1_spad_qwen3_1_7b_glm47_formal_500_offlinebatch_260710/outputs/stages/train_agent/spad_rag/search_policy_rl/rollout_data/3.jsonl	509	4deb1523-2244-496a-8be2-f01228a19c4b	who does the voice of shan yu in mulan?	Miguel Ferrer	Document [4] states that Miguel Ferrer provided the voice of Shan Yu in the English version of the 1998 animated film Mulan.	"[""Miguel Ferrer""]"
S-017	supported_answer	S	insufficient_evidence	I	0	predicate_mismatch	证据证明 Jeff Kinney 是作者，没有证明谁是出版方；teacher 用作者回答 published。	log/agenticIterRag/260710-021433-474200-pipeline-agentic_iter_rag_v1_spad_qwen3_1_7b_glm47_formal_500_offlinebatch_260710/outputs/stages/train_agent/spad_rag/search_policy_rl/rollout_data/4.jsonl	102	da798a3f-ce93-48ab-8d17-3bc64a538ae7	who published diary of a wimpy kid cabin fever?	Jeff Kinney	"Document [1] explicitly states that ""Diary of a Wimpy Kid: Cabin Fever"" is ""written by American author Jeff Kinney"". Document [2] and [3] also confirm Jeff Kinney as the author."	"[""Amulet Books""]"
S-018	supported_answer	S	supported_answer	S	1	aligned_supported	可见证据足以支持同一问题谓词下的唯一短答案。	log/agenticIterRag/260710-021433-474200-pipeline-agentic_iter_rag_v1_spad_qwen3_1_7b_glm47_formal_500_offlinebatch_260710/outputs/stages/train_agent/spad_rag/search_policy_rl/rollout_data/2.jsonl	10	6cc2d798-23ab-4206-8936-a25bb73dd475	"How many glasses/cups a year are consumed of the drink made from black tea and milk in the city which as been given the labels of ""Gourmet Paradise"" and ""World's Fair of Food""?"	900 million glasses/cups a year	"The evidence mentions the city of Hong Kong is given the label ""World's Fair of Food"" and ""Gourmet Paradise"" in the context of the show ""Top Eat 100"" ranking Hong Kong-style milk tea. The evidence states that Hong Kongers consume a total of 900 million glasses/cups a year of Hong Kong-style milk tea, which is made from black tea and milk."	"[""900 million""]"
S-019	supported_answer	S	supported_answer	S	1	aligned_supported	可见证据足以支持同一问题谓词下的唯一短答案。	log/agenticIterRag/260710-021433-474200-pipeline-agentic_iter_rag_v1_spad_qwen3_1_7b_glm47_formal_500_offlinebatch_260710/outputs/stages/train_agent/spad_rag/search_policy_rl/rollout_data/7.jsonl	9	80659808-afe5-47fe-be70-8ce4e4f011e9	who sings she only smokes when she drinks?	Joe Nichols	"The search results identify the song ""She Only Smokes When She Drinks"" and state it was recorded by American country music singer Joe Nichols."	"[""Joe Nichols""]"
S-020	supported_answer	S	insufficient_evidence	I	0	missing_bridge	证据给出死亡城市 Stamford，但可见 passage 未建立 Stamford 到 Fairfield County 的关系。	log/agenticIterRag/260710-021433-474200-pipeline-agentic_iter_rag_v1_spad_qwen3_1_7b_glm47_formal_500_offlinebatch_260710/outputs/stages/train_agent/spad_rag/search_policy_rl/rollout_data/4.jsonl	35	6c0f222c-fad0-4eae-ac0d-90b796922bba	What region is the city where Robert Tuttle Morris died located?	Fairfield County, Connecticut	Document 1 and Document 4 state that Robert Tuttle Morris died in Stamford. The question asks for the region of the city where he died. Stamford is located in Fairfield County, Connecticut.	"[""Fairfield County"", ""Fairfield County, Connecticut""]"
S-021	supported_answer	S	supported_answer	S	1	aligned_supported	可见证据足以支持同一问题谓词下的唯一短答案。	log/agenticIterRag/260710-021433-474200-pipeline-agentic_iter_rag_v1_spad_qwen3_1_7b_glm47_formal_500_offlinebatch_260710/outputs/stages/train_agent/spad_rag/search_policy_rl/rollout_data/5.jsonl	227	8b3fcbaa-456d-4c5f-9454-b9257bcdfbc1	Who plays the creator of A Lane Near Arles in Doctor Who?	Tony Curran	"The search results identify ""A Lane Near Arles"" as a painting by Vincent van Gogh. The question asks who plays the creator of this painting in Doctor Who. The evidence shows that Vincent van Gogh is played by Tony Curran in the Doctor Who episode ""Vincent and the Doctor""."	"[""Tony Curran""]"
S-022	supported_answer	S	supported_answer	S	1	aligned_supported	可见证据足以支持同一问题谓词下的唯一短答案。	log/agenticIterRag/260710-021433-474200-pipeline-agentic_iter_rag_v1_spad_qwen3_1_7b_glm47_formal_500_offlinebatch_260710/outputs/stages/train_agent/spad_rag/search_policy_rl/rollout_data/4.jsonl	31	4f091c88-1fdf-4ed5-b8f5-e3505428d4a8	who is the killer in the book ordeal by innocence?	Kirsten	"Document [4] explicitly states: ""In the book, the murderer is Kirsten, who is seduced by Jacko and instructed to kill Rachel."" Document [5] also confirms: ""The killer is revealed to be Kirsten Lindstrom, the Argyles' middle-aged housekeeper."""	"[""Kirsten Lindstrom""]"
S-023	supported_answer	S	supported_answer	S	1	aligned_supported	可见证据足以支持同一问题谓词下的唯一短答案。	log/agenticIterRag/260710-021433-474200-pipeline-agentic_iter_rag_v1_spad_qwen3_1_7b_glm47_formal_500_offlinebatch_260710/outputs/stages/train_agent/spad_rag/search_policy_rl/rollout_data/5.jsonl	95	98ce9295-ba7d-4a1e-85ef-42ec2ed1e86d	Are Curtis Bernhardt and Herbert Brenon both German film directors?	no	The evidence states Curtis Bernhardt was a German film director born in Worms, Germany. It states Herbert Brenon was an Irish film director born in Kingstown (now Dún Laoghaire, Dublin).	"[""no""]"
S-024	supported_answer	S	insufficient_evidence	I	0	scope_mismatch	证据中的 Rene 和 Sandra Pelt 来自不同情节范围，没有支持第一季中试图杀死 Sookie 的所问对象。	log/agenticIterRag/260710-021433-474200-pipeline-agentic_iter_rag_v1_spad_qwen3_1_7b_glm47_formal_500_offlinebatch_260710/outputs/stages/train_agent/spad_rag/search_policy_rl/rollout_data/2.jsonl	100	22d8bbec-fa23-4f2b-8432-1abeecebb56c	who is trying to kill sookie in season 1?	Rene	The evidence states that Sookie reads Rene's mind and discovers he is the killer. It also mentions that Sandra Pelt hires people to kill Sookie, but they fail. The text explicitly identifies Rene as the killer.	"[""The Rattrays""]"
S-025	supported_answer	S	insufficient_evidence	I	0	predicate_mismatch	证据只能确定两首歌的演唱者是 Mariah Carey，没有说明 We Belong Together 是关于谁。	log/agenticIterRag/260710-021433-474200-pipeline-agentic_iter_rag_v1_spad_qwen3_1_7b_glm47_formal_500_offlinebatch_260710/outputs/stages/train_agent/spad_rag/search_policy_rl/rollout_data/7.jsonl	228	e510fea3-a58d-4402-9533-32f9c5fd78f9	Who is the song We Belong Together by the performer of Almost Home about?	Mariah Carey	"The search results identify the performer of ""Almost Home"" as Mariah Carey. Document [3] explicitly states ""Almost Home (Mariah Carey song)"" and provides context about the song. Document [5] identifies ""We Belong Together"" as a song by American singer Mariah Carey from her tenth studio album, ""The Emancipation of Mimi"" (2005). Therefore, the performer of ""We Belong Together"" is Mariah Carey."	"[""Tommy Mottola""]"
S-026	supported_answer	S	supported_answer	S	1	aligned_supported	可见证据足以支持同一问题谓词下的唯一短答案。	log/agenticIterRag/260710-021433-474200-pipeline-agentic_iter_rag_v1_spad_qwen3_1_7b_glm47_formal_500_offlinebatch_260710/outputs/stages/train_agent/spad_rag/search_policy_rl/rollout_data/1.jsonl	85	4fb660c9-8a7d-49bd-b0e8-ab22adf4062c	where was the treaty of paris 1783 signed?	Paris	The evidence states that the Treaty of Paris (1783) was signed in Paris. Document 5 also specifies the specific location as the Hotel d'York in Paris.	"[""Paris""]"
S-027	supported_answer	S	supported_answer	S	1	aligned_supported	可见证据足以支持同一问题谓词下的唯一短答案。	log/agenticIterRag/260710-021433-474200-pipeline-agentic_iter_rag_v1_spad_qwen3_1_7b_glm47_formal_500_offlinebatch_260710/outputs/stages/train_agent/spad_rag/search_policy_rl/rollout_data/3.jsonl	68	ba7caebe-5b63-49fe-8b1a-618feec49859	What is the branch of Buddhism in what buddhism is the goal a state of nirvana?	Theravada	The evidence states that Nirvana is the highest aim of the Theravada tradition.	"[""The School of the Elders""]"
S-028	supported_answer	S	supported_answer	S	1	aligned_supported	可见证据足以支持同一问题谓词下的唯一短答案。	log/agenticIterRag/260710-021433-474200-pipeline-agentic_iter_rag_v1_spad_qwen3_1_7b_glm47_formal_500_offlinebatch_260710/outputs/stages/train_agent/spad_rag/search_policy_rl/rollout_data/6.jsonl	125	c3458f79-7f1b-4f0c-93fe-4330a208d208	who sings i'm living in a box a cardboard box?	Living in a Box	"Document 1 identifies the song ""Living in a Box"" and mentions the title came from a comment by a friend of the band's songwriter and keyboard player Marcus Vere. Document 3 identifies the band as ""Living in a Box"" and lists the founding members as Anthony ""Tich"" Critchlow (drums), Marcus Vere (synthesisers), and vocalist Kenny Thomas."	"[""Living in a Box""]"
S-029	supported_answer	S	supported_answer	S	1	aligned_supported	可见证据足以支持同一问题谓词下的唯一短答案。	log/agenticIterRag/260710-021433-474200-pipeline-agentic_iter_rag_v1_spad_qwen3_1_7b_glm47_formal_500_offlinebatch_260710/outputs/stages/train_agent/spad_rag/search_policy_rl/rollout_data/3.jsonl	4	0211c23a-6644-4ce5-bb5e-3b82bc8eb423	Star Wind is a novel published by Houghton Mifflin Harcourt which is headquartered where?	Boston	Document [1] explicitly states that Houghton Mifflin Harcourt is headquartered in Boston. Document [2] and [4] also state the company is based in Boston's Financial District.	"[""Boston's Back Bay""]"
S-030	supported_answer	S	supported_answer	S	1	aligned_supported	可见证据足以支持同一问题谓词下的唯一短答案。	log/agenticIterRag/260710-021433-474200-pipeline-agentic_iter_rag_v1_spad_qwen3_1_7b_glm47_formal_500_offlinebatch_260710/outputs/stages/train_agent/spad_rag/search_policy_rl/rollout_data/7.jsonl	157	d4cf9b77-ad6a-4b11-bcaf-649d771d3b2e	What is the name of this series of crossover action role-playing games, in which Scott Weinger reprised his role as the voice of Aladdin?	Kingdom Hearts series	"Document [2] states that Scott Weinger reprised his role as Aladdin in the ""Kingdom Hearts"" series. Document [5] confirms that the ""Kingdom Hearts"" series features a playable ""Aladdin"" world known as Agrabah."	"[""Kingdom Hearts""]"
S-031	supported_answer	S	supported_answer	S	1	aligned_supported	可见证据足以支持同一问题谓词下的唯一短答案。	log/agenticIterRag/260710-021433-474200-pipeline-agentic_iter_rag_v1_spad_qwen3_1_7b_glm47_formal_500_offlinebatch_260710/outputs/stages/train_agent/spad_rag/search_policy_rl/rollout_data/3.jsonl	6	b5d087e2-6586-466c-812f-6b5e3b5f4ce3	when were the boy scouts of america founded?	1910	The evidence in document [1] states that the Boy Scouts of America (BSA) was founded in 1910. Document [3] also confirms the BSA was founded in 1910.	"[""1910""]"
S-032	supported_answer	S	supported_answer	S	1	aligned_supported	可见证据足以支持同一问题谓词下的唯一短答案。	log/agenticIterRag/260710-021433-474200-pipeline-agentic_iter_rag_v1_spad_qwen3_1_7b_glm47_formal_500_offlinebatch_260710/outputs/stages/train_agent/spad_rag/search_policy_rl/rollout_data/7.jsonl	104	a334d986-cc62-4e20-af5b-eb97f70b64b6	Who is the father of the performer of song Why Don'T You Love Me (Beyoncé Song)?	Mathew Knowles	"The evidence identifies the performer of the song ""Why Don't You Love Me"" as Beyoncé. Document [2] explicitly states that Mathew Knowles is the father of Beyoncé."	"[""Mathew Knowles""]"
S-033	supported_answer	S	supported_answer	S	1	aligned_supported	可见证据足以支持同一问题谓词下的唯一短答案。	log/agenticIterRag/260710-021433-474200-pipeline-agentic_iter_rag_v1_spad_qwen3_1_7b_glm47_formal_500_offlinebatch_260710/outputs/stages/train_agent/spad_rag/search_policy_rl/rollout_data/3.jsonl	295	08a09a64-6f73-46c6-809f-2d6c7dc5c575	In what country is Logan, near to Barry County, in Neosho Hugh Robinson Airport's state?	Missouri	Document [1] states that Neosho Hugh Robinson Airport is located in Newton County, Missouri, United States.	"[""U.S."", ""United States"", ""US"", ""U.S"", ""the United States""]"
S-034	supported_answer	S	supported_answer	S	1	aligned_supported	可见证据足以支持同一问题谓词下的唯一短答案。	log/agenticIterRag/260710-021433-474200-pipeline-agentic_iter_rag_v1_spad_qwen3_1_7b_glm47_formal_500_offlinebatch_260710/outputs/stages/train_agent/spad_rag/search_policy_rl/rollout_data/6.jsonl	17	864f25bc-e313-4720-aa9f-5ab1e6f43024	how many seasons are there in finding carter?	two	"Document 4 explicitly states that the American television teen drama ""Finding Carter"" aired on MTV for two seasons from July 8, 2014, to December 15, 2015."	"[""two""]"
S-035	supported_answer	S	insufficient_evidence	I	0	referent_mismatch	问题指向 Meyerland Plaza 的位置，teacher 改答了 Gulfgate Mall 所在的 East End。	log/agenticIterRag/260710-021433-474200-pipeline-agentic_iter_rag_v1_spad_qwen3_1_7b_glm47_formal_500_offlinebatch_260710/outputs/stages/train_agent/spad_rag/search_policy_rl/rollout_data/2.jsonl	28	75ae8469-58f1-4fc3-a11c-3b7f0b2d4e09	PlazAmericas was the third mall to be built in Houston, after Gulfgate Mall and a large shopping center that is located in what part of Houston, Texas?	East End	Document [1] states that PlazAmericas is the third mall to be built in Houston after Gulfgate Mall and Meyerland Plaza. Document [3] identifies Gulfgate Center (Gulfgate Mall) as a shopping center located in the East End, Houston, Texas.	"[""southwest""]"
S-036	supported_answer	S	supported_answer	S	1	aligned_supported	可见证据足以支持同一问题谓词下的唯一短答案。	log/agenticIterRag/260710-021433-474200-pipeline-agentic_iter_rag_v1_spad_qwen3_1_7b_glm47_formal_500_offlinebatch_260710/outputs/stages/train_agent/spad_rag/search_policy_rl/rollout_data/2.jsonl	55	5912b9e9-1c7b-4e18-9e6c-7d0b135f29ca	when was the school leaving age raised to 16?	1 September 1972	Document 2 states that on 1 September 1972, the age was raised from 15 to 16.	"[""1 September 1972""]"
S-037	supported_answer	S	insufficient_evidence	I	0	entity_mismatch	证据没有建立 Forces of Nature (2004) 导演及其国籍，理由引用了其他泰国电影和导演。	log/agenticIterRag/260710-021433-474200-pipeline-agentic_iter_rag_v1_spad_qwen3_1_7b_glm47_formal_500_offlinebatch_260710/outputs/stages/train_agent/spad_rag/search_policy_rl/rollout_data/2.jsonl	145	86d6179d-15b4-415c-b227-faa0c145669a	Do both films, Thieves in Thailand and Forces of Nature (2004 film), have the directors who are from the same country?	Yes	"Document [1] identifies the director of ""Thieves in Thailand"" (also known as ""Thai Thief"") as Pisut Praesangeam. Document [3] identifies Prachya Pinkaew as a Thai film director. Document [4] identifies Panna Rittikrai as the director of ""Born to Fight (2004 film)"" and describes him as a Thai action film director. Document [5] identifies Sompote Sands as a Thai film director. The evidence confirms that the directors of both films are from Thailand."	"[""no""]"
S-038	supported_answer	S	ambiguous_evidence	A	0	underspecified_title	近似标题对应 Technotronic、Avicii 和 Wham! 等不同表演者，问题中的误引不足以唯一定位歌曲。	log/agenticIterRag/260710-021433-474200-pipeline-agentic_iter_rag_v1_spad_qwen3_1_7b_glm47_formal_500_offlinebatch_260710/outputs/stages/train_agent/spad_rag/search_policy_rl/rollout_data/7.jsonl	149	e722cd1a-4845-4301-b8a1-d1c4821ce1ec	who sings wake me up before its over?	Wham!	"The search results show three songs with similar titles: ""Get Up! (Before the Night Is Over)"" by Technotronic, ""Wake Me Up (Avicii song)"" by Avicii, and ""Wake Me Up Before You Go-Go"" by Wham!. The query asks ""who sings wake me up before its over"", which is a slight variation of the title ""Wake Me Up Before You Go-Go"". Evidence [3] and [4] explicitly state that ""Wake Me Up Before You Go-Go"" is a song by the British duo Wham!. Evidence [2] discusses ""Wake Me Up (Avicii song)"" but the title does not match the query exactly. Evidence [1] discusses ""Get Up! (Before the Night Is Over)"" which is a different song."	"[""Aloe Blacc""]"
S-039	supported_answer	S	supported_answer	S	1	aligned_supported	可见证据足以支持同一问题谓词下的唯一短答案。	log/agenticIterRag/260710-021433-474200-pipeline-agentic_iter_rag_v1_spad_qwen3_1_7b_glm47_formal_500_offlinebatch_260710/outputs/stages/train_agent/spad_rag/search_policy_rl/rollout_data/4.jsonl	10	75c8ca51-ac9c-4e09-b9f9-88f6c11ba70f	when was the first episode of the challenge?	June 1, 1998	"Document 1 states that Road Rules: All Stars is the first season of the MTV reality game show ""The Challenge"" and that it premiered on June 1, 1998. Document 2 confirms that The Challenge (originally known as Road Rules: All Stars) premiered on June 1, 1998."	"[""on June 1, 1998""]"
S-040	supported_answer	S	insufficient_evidence	I	0	entity_mismatch	证据中的法国第55步兵师没有被证明是题目通过 Dalton 所在行政区所指的部队。	log/agenticIterRag/260710-021433-474200-pipeline-agentic_iter_rag_v1_spad_qwen3_1_7b_glm47_formal_500_offlinebatch_260710/outputs/stages/train_agent/spad_rag/search_policy_rl/rollout_data/6.jsonl	431	dd87f45e-33ed-4bcc-b2ef-1e67bcc69b54	In what conflict did the 55th Infantry Division, from the borough where the village of Dalton is found, see combat?	World War I and World War II	"The search results include a document for the ""55th Infantry Division (France)"" which explicitly states it was a French Army formation during World War I and World War II. The document details its participation in specific battles during World War I, such as the First Battle of the Marne and the Battle of Verdun."	"[""World War I"", ""The Great War"", ""World War"", ""Great War""]"
S-041	supported_answer	S	ambiguous_evidence	A	0	underspecified_referent	检索结果中多个州或地区都有 Badlands，问题缺少能唯一确定州的先行实体。	log/agenticIterRag/260710-021433-474200-pipeline-agentic_iter_rag_v1_spad_qwen3_1_7b_glm47_formal_500_offlinebatch_260710/outputs/stages/train_agent/spad_rag/search_policy_rl/rollout_data/5.jsonl	104	4f4829dd-38d4-4787-b74e-390ed8f2950e	part of this state is called the badlands?	Oregon	Document 3 explicitly states that the Oregon Badlands Wilderness is located in the U.S. state of Oregon.	"[""South Dakota""]"
S-042	supported_answer	S	supported_answer	S	1	aligned_supported	可见证据足以支持同一问题谓词下的唯一短答案。	log/agenticIterRag/260710-021433-474200-pipeline-agentic_iter_rag_v1_spad_qwen3_1_7b_glm47_formal_500_offlinebatch_260710/outputs/stages/train_agent/spad_rag/search_policy_rl/rollout_data/1.jsonl	274	2b1d97da-b28c-4783-b88e-97cfd82c8467	who were the two black students enrolled at the university?	Vivian Malone Jones, James Hood	Document [1] explicitly states that Vivian Malone Jones was one of the first two black students to enroll at the University of Alabama in 1963. It also mentions James Hood was the other student attempting to enroll at the same time.	"[""George Wallace"", ""Vivian Juanita Malone Jones""]"
S-043	supported_answer	S	supported_answer	S	1	aligned_supported	可见证据足以支持同一问题谓词下的唯一短答案。	log/agenticIterRag/260710-021433-474200-pipeline-agentic_iter_rag_v1_spad_qwen3_1_7b_glm47_formal_500_offlinebatch_260710/outputs/stages/train_agent/spad_rag/search_policy_rl/rollout_data/6.jsonl	239	9f300644-8ca6-49e2-8cb3-ef7bcd8f95f1	what is wrong with sam winchester in season 6?	completely without emotion and appears almost inhuman	"Document 3 states that Sam Winchester is ""completely without emotion and appears almost inhuman"" after being freed from Lucifer's cage, and Document 5 confirms that ""When an emotionless Sam returns to Dean"" at the start of the season."	"[""Sam's soul is missing""]"
S-044	supported_answer	S	supported_answer	S	1	aligned_supported	可见证据足以支持同一问题谓词下的唯一短答案。	log/agenticIterRag/260710-021433-474200-pipeline-agentic_iter_rag_v1_spad_qwen3_1_7b_glm47_formal_500_offlinebatch_260710/outputs/stages/train_agent/spad_rag/search_policy_rl/rollout_data/7.jsonl	293	bb20f1d4-c7f7-43fb-9b77-898cdd073492	Which actor has starred in Hardcore as well as directed and acted in over 1,800 pornographic films?	Mr. Marcus	Document [3] identifies Mr. Marcus as an American actor and director known for acting in or directing over 1,800 pornographic films. Document [1] mentions Dan Leal, but does not state the number of films he has directed or acted in, nor does it mention the film Hardcore. Document [5] mentions Steve Drake, but only states he has performed in over 800 films.	"[""Mr. Marcus""]"
S-045	supported_answer	S	supported_answer	S	1	aligned_supported	可见证据足以支持同一问题谓词下的唯一短答案。	log/agenticIterRag/260710-021433-474200-pipeline-agentic_iter_rag_v1_spad_qwen3_1_7b_glm47_formal_500_offlinebatch_260710/outputs/stages/train_agent/spad_rag/search_policy_rl/rollout_data/1.jsonl	18	6f285ea1-11e1-4d59-8762-446b853c3b6f	What project established the nuclear complex where Washington State Route 24 turns north to cross the Columbia River?	Manhattan Project	Document 3 states that the Hanford Site is a decommissioned nuclear production complex established in 1943 as part of the Manhattan Project. Document 1 confirms that Washington State Route 24 crosses the Columbia River on the Vernita Bridge, which is located at the Hanford Nuclear Reservation (Hanford Site). Therefore, the Manhattan Project established the nuclear complex where SR 24 crosses the river.	"[""Manhattan Project""]"
S-046	supported_answer	S	supported_answer	S	1	aligned_supported	可见证据足以支持同一问题谓词下的唯一短答案。	log/agenticIterRag/260710-021433-474200-pipeline-agentic_iter_rag_v1_spad_qwen3_1_7b_glm47_formal_500_offlinebatch_260710/outputs/stages/train_agent/spad_rag/search_policy_rl/rollout_data/2.jsonl	16	2044c26b-7495-4f09-be65-44bf8791c1a8	are large cells that can cause the breakdown of bone tissue?	osteoclasts	Document [1] and [2] explicitly define osteoclasts as large cells responsible for the breakdown of bone tissue through bone resorption.	"[""osteoclasts""]"
S-047	supported_answer	S	supported_answer	S	1	aligned_supported	可见证据足以支持同一问题谓词下的唯一短答案。	log/agenticIterRag/260710-021433-474200-pipeline-agentic_iter_rag_v1_spad_qwen3_1_7b_glm47_formal_500_offlinebatch_260710/outputs/stages/train_agent/spad_rag/search_policy_rl/rollout_data/5.jsonl	9	e41a4892-835d-4ef3-8504-8a5c139d967d	what was the geeks name in 16 candles?	Ted	The search results identify the character as Ted, played by Anthony Michael Hall, who is described as an outgoing geeky freshman in love with the main character.	"[""Anthony Michael Hall""]"
S-048	supported_answer	S	supported_answer	S	1	aligned_supported	可见证据足以支持同一问题谓词下的唯一短答案。	log/agenticIterRag/260710-021433-474200-pipeline-agentic_iter_rag_v1_spad_qwen3_1_7b_glm47_formal_500_offlinebatch_260710/outputs/stages/train_agent/spad_rag/search_policy_rl/rollout_data/2.jsonl	49	74d142da-b2a3-4759-8c07-c28d441c2acb	what does Kurt Sohn and Huntington High School have in common?	graduated from Huntington High School (New York)	"The evidence states that Kurt Sohn graduated from Huntington High School (New York) in 1975. The search results also include a document titled ""Huntington High School (New York)"" which describes the school. Therefore, the commonality is that Kurt Sohn is an alumnus of Huntington High School (New York)."	"[""New York""]"
S-049	supported_answer	S	supported_answer	S	1	aligned_supported	可见证据足以支持同一问题谓词下的唯一短答案。	log/agenticIterRag/260710-021433-474200-pipeline-agentic_iter_rag_v1_spad_qwen3_1_7b_glm47_formal_500_offlinebatch_260710/outputs/stages/train_agent/spad_rag/search_policy_rl/rollout_data/7.jsonl	19	26e98bf3-1080-4275-b571-3430a24bfb16	when does the toy story 4 come out?	June 21, 2019	The evidence states that Toy Story 4 was originally scheduled for June 16, 2017, but was pushed back to June 15, 2018, and later delayed again to June 21, 2019.	"[""2019""]"
S-050	supported_answer	S	supported_answer	S	1	aligned_supported	可见证据足以支持同一问题谓词下的唯一短答案。	log/agenticIterRag/260710-021433-474200-pipeline-agentic_iter_rag_v1_spad_qwen3_1_7b_glm47_formal_500_offlinebatch_260710/outputs/stages/train_agent/spad_rag/search_policy_rl/rollout_data/5.jsonl	34	43d08d82-7fb4-41e1-ac18-bfcd5138c5c6	Name the nationality of the dependent territory of Bouvet Island which has the internet country code top-level domain of bv, with the nation having a further two top-level domains of no and sj?	Norwegian	Document 1 explicitly states that .bv is the Internet country code top-level domain reserved for the uninhabited Norwegian dependent territory of Bouvet Island. Document 4 confirms that Bouvet Island is a dependency of Norway. Document 5 mentions that the ccTLDs for the Norwegian dependency Bouvet Island (bv) and the designation Svalbard and Jan Mayen (sj) exist in DNS.	"[""Norwegian""]"
S-051	supported_answer	S	supported_answer	S	1	aligned_supported	可见证据足以支持同一问题谓词下的唯一短答案。	log/agenticIterRag/260710-021433-474200-pipeline-agentic_iter_rag_v1_spad_qwen3_1_7b_glm47_formal_500_offlinebatch_260710/outputs/stages/train_agent/spad_rag/search_policy_rl/rollout_data/6.jsonl	16	716e55f6-8fb7-4fd1-822f-d732a76c1ffc	Which university was established first, University of Alabama at Birmingham or University of Pittsburgh?	University of Pittsburgh	Document [2] states the University of Pittsburgh was founded in 1787. Document [1] states the University of Alabama at Birmingham was developed from an academic extension center established in 1936. 1787 is earlier than 1936.	"[""The University of Pittsburgh""]"
S-052	supported_answer	S	ambiguous_evidence	A	0	version_ambiguity	Sidekick 有原始机型、Slide、LX 等多个版本和不同发布日期，问题未限定版本。	log/agenticIterRag/260710-021433-474200-pipeline-agentic_iter_rag_v1_spad_qwen3_1_7b_glm47_formal_500_offlinebatch_260710/outputs/stages/train_agent/spad_rag/search_policy_rl/rollout_data/1.jsonl	46	1e31ce06-ff59-4d44-9bf9-2a5d598c1e1a	when did the t mobile sidekick come out?	November 7, 2007	The evidence states that the Danger Hiptop was first released on November 5, 2007, through Telstra in Australia, and the T-Mobile USA release followed two days later on November 7, 2007.	"[""2002""]"
S-053	supported_answer	S	supported_answer	S	1	aligned_supported	可见证据足以支持同一问题谓词下的唯一短答案。	log/agenticIterRag/260710-021433-474200-pipeline-agentic_iter_rag_v1_spad_qwen3_1_7b_glm47_formal_500_offlinebatch_260710/outputs/stages/train_agent/spad_rag/search_policy_rl/rollout_data/2.jsonl	80	d180ac8a-5016-47d0-b5a9-148a876614d5	"What Dutch DJ did Richard Bedford collaborate with on the album ""Intense""?"	Armin van Buuren	"Document 1 explicitly states that Richard Bedford gained recognition for his vocal work in electronic dance music and trance including his collaborations with Armin van Buuren's 2013 album ""Intense"". Document 2 confirms that ""Intense"" is the fifth studio album by Dutch DJ and record producer Armin van Buuren."	"[""Armin van Buuren""]"
S-054	supported_answer	S	supported_answer	S	1	aligned_supported	可见证据足以支持同一问题谓词下的唯一短答案。	log/agenticIterRag/260710-021433-474200-pipeline-agentic_iter_rag_v1_spad_qwen3_1_7b_glm47_formal_500_offlinebatch_260710/outputs/stages/train_agent/spad_rag/search_policy_rl/rollout_data/3.jsonl	13	33a48fd5-aa52-4a7e-a1d6-cf360e689e7c	what is the control centre of a cell?	Cell nucleus	"The search results provide direct evidence that the nucleus is the control center of the cell. Document 1 explicitly states, ""The nucleus is, therefore, the control center of the cell."" Document 2 also describes the nucleus as containing the majority of the cell's genetic material and allowing it to control its contents."	"[""the nucleus""]"
S-055	supported_answer	S	supported_answer	S	1	aligned_supported	可见证据足以支持同一问题谓词下的唯一短答案。	log/agenticIterRag/260710-021433-474200-pipeline-agentic_iter_rag_v1_spad_qwen3_1_7b_glm47_formal_500_offlinebatch_260710/outputs/stages/train_agent/spad_rag/search_policy_rl/rollout_data/6.jsonl	104	d0efa68a-335d-4df6-89aa-5d43cdff62ce	What English football team is also known as the Vanarama National League North and has Reece Hands on the roster?	Gainsborough Trinity	Document 1 explicitly states that Reece Hands is a midfielder for National League North side Gainsborough Trinity.	"[""National League North""]"
S-056	supported_answer	S	supported_answer	S	1	aligned_supported	可见证据足以支持同一问题谓词下的唯一短答案。	log/agenticIterRag/260710-021433-474200-pipeline-agentic_iter_rag_v1_spad_qwen3_1_7b_glm47_formal_500_offlinebatch_260710/outputs/stages/train_agent/spad_rag/search_policy_rl/rollout_data/7.jsonl	18	131ed415-9755-43a6-90c5-cb2db1c7d90c	what factors determine the amount of torque on the armature of a rotating dc electric motor?	flux and armature current	The evidence states that the torque (T) is the product of the magnetic flux (Φ) and the armature current (I), and that the magnetic fields of the magnets in the stator create the torque on the armature.	"[""separately excited field"", ""self-excited field"", ""permanent-field""]"
S-057	supported_answer	S	supported_answer	S	1	aligned_supported	可见证据足以支持同一问题谓词下的唯一短答案。	log/agenticIterRag/260710-021433-474200-pipeline-agentic_iter_rag_v1_spad_qwen3_1_7b_glm47_formal_500_offlinebatch_260710/outputs/stages/train_agent/spad_rag/search_policy_rl/rollout_data/1.jsonl	16	354abc55-3475-4f16-b835-2bca25270f38	when did michael jordan win the national championship?	1991, 1992, and 1993	Document [1] states Michael Jordan won his first NBA championship with the Bulls, and followed that achievement with titles in 1992 and 1993. Document [2] confirms he led the Bulls to three consecutive championships in the 1991, 1992 and 1993 NBA Finals.	"[""1998""]"
S-058	supported_answer	S	supported_answer	S	1	aligned_supported	可见证据足以支持同一问题谓词下的唯一短答案。	log/agenticIterRag/260710-021433-474200-pipeline-agentic_iter_rag_v1_spad_qwen3_1_7b_glm47_formal_500_offlinebatch_260710/outputs/stages/train_agent/spad_rag/search_policy_rl/rollout_data/2.jsonl	22	98c89766-9c13-4725-bf00-bd563c320385	Are Lynda Thomas and Say Anything both bands?	Yes	Document 1 identifies Lynda Thomas as a Mexican musician, singer, and songwriter, and Document 5 states she formed an alternative rock band. Document 3 identifies Say Anything as an American rock band. Both are bands.	"[""no""]"
S-059	supported_answer	S	insufficient_evidence	I	0	missing_bridge	证据只给出 Lydia Pinkham 出生于 Lynn，没有给出 Lynn 所属 county。	log/agenticIterRag/260710-021433-474200-pipeline-agentic_iter_rag_v1_spad_qwen3_1_7b_glm47_formal_500_offlinebatch_260710/outputs/stages/train_agent/spad_rag/search_policy_rl/rollout_data/1.jsonl	268	65e95896-9b15-4dc7-8929-82d6456924fa	What county contains the city where Lydia Pinkham was born?	Lynn, Massachusetts	Document [2] explicitly states that Lydia Pinkham was born in the manufacturing city of Lynn, Massachusetts. Document [3] further identifies the Lydia Pinkham House as being located in Lynn, Massachusetts. Document [5] confirms she was born in 1819 in Lynn.	"[""Essex County""]"
S-060	supported_answer	S	insufficient_evidence	I	0	missing_bridge	证据只能确定 Unitech Group 总部在 New Delhi，没有给出该城市有多少 districts。	log/agenticIterRag/260710-021433-474200-pipeline-agentic_iter_rag_v1_spad_qwen3_1_7b_glm47_formal_500_offlinebatch_260710/outputs/stages/train_agent/spad_rag/search_policy_rl/rollout_data/2.jsonl	52	41f0d6d4-fb64-44cd-b18d-6ca5273266a0	How many districts are there in the Indian city headquartering Unitech Group?	New Delhi	The search results confirm that the Unitech Group is headquartered in New Delhi.	"[""11""]"
S-061	supported_answer	S	supported_answer	S	1	aligned_supported	可见证据足以支持同一问题谓词下的唯一短答案。	log/agenticIterRag/260710-021433-474200-pipeline-agentic_iter_rag_v1_spad_qwen3_1_7b_glm47_formal_500_offlinebatch_260710/outputs/stages/train_agent/spad_rag/search_policy_rl/rollout_data/6.jsonl	149	ed3c8280-e284-4def-ad9f-835745223473	when did it become illegal to smoke indoors in california?	January 1, 1995	Document [1] states that since January 1, 1995, smoking has been banned in all enclosed workplaces in California, including restaurants and bars (bars were excluded until January 1, 1998).	"[""June 9, 2016""]"
S-062	supported_answer	S	insufficient_evidence	I	0	unsupported_inference	电影是美国电影不等于导演具有美国国籍，证据未分别给出两位导演的国籍。	log/agenticIterRag/260710-021433-474200-pipeline-agentic_iter_rag_v1_spad_qwen3_1_7b_glm47_formal_500_offlinebatch_260710/outputs/stages/train_agent/spad_rag/search_policy_rl/rollout_data/6.jsonl	242	6b53c309-7376-4b24-91e7-ff23eb752267	Do director of film The Devil To Pay! and director of film Daughter Of The Jungle share the same nationality?	Yes	Document [1] states that The Devil to Pay! is directed by George Fitzmaurice and is an American film. Document [2] states that Daughter of the Jungle is directed by George Blair and is an American film. Both directors are identified as American.	"[""no""]"
S-063	supported_answer	S	insufficient_evidence	I	0	entity_mismatch	证据中的 Tom 与 Emily Stewart 并未被可靠限定为 Desperate Housewives 所问的 Tom 和对应情节。	log/agenticIterRag/260710-021433-474200-pipeline-agentic_iter_rag_v1_spad_qwen3_1_7b_glm47_formal_500_offlinebatch_260710/outputs/stages/train_agent/spad_rag/search_policy_rl/rollout_data/1.jsonl	135	7fd2e529-f1b1-485f-b254-990ef55b3a62	who does tom have an affair with desperate housewives?	Emily Stewart	Document 3 explicitly states that Tom's affair was with Emily Stewart, which is the only direct evidence provided in the search results.	"[""Renee""]"
S-064	supported_answer	S	supported_answer	S	1	aligned_supported	可见证据足以支持同一问题谓词下的唯一短答案。	log/agenticIterRag/260710-021433-474200-pipeline-agentic_iter_rag_v1_spad_qwen3_1_7b_glm47_formal_500_offlinebatch_260710/outputs/stages/train_agent/spad_rag/search_policy_rl/rollout_data/7.jsonl	34	2029ba5d-1d48-40c9-abdf-92e1a5fa9b84	where is extranuclear dna located in plant cells?	organelles	Document 3 states that extranuclear DNA is found outside the nucleus of a cell and is primarily found in organelles in eukaryotes, specifically mentioning mitochondrial DNA. Document 4 confirms that extranuclear inheritance occurs in cytoplasmic organelles such as mitochondria and chloroplasts.	"[""in organelles""]"
S-065	supported_answer	S	insufficient_evidence	I	0	predicate_mismatch	证据识别出 Animal Liberation 的作者 Peter Singer，却没有给出谁雇用他。	log/agenticIterRag/260710-021433-474200-pipeline-agentic_iter_rag_v1_spad_qwen3_1_7b_glm47_formal_500_offlinebatch_260710/outputs/stages/train_agent/spad_rag/search_policy_rl/rollout_data/1.jsonl	505	6f61963f-9ef6-46c7-abaa-6f55a4d9d454	Who employs the person who wrote the book Animal Liberation?	Peter Singer	"The evidence identifies the author of the book ""Animal Liberation"" as Peter Singer. The text states that Animal Liberation was formed in 1976, one year after the release of ""Animal Liberation"" by Australian philosopher Peter Singer. It also mentions that Christine Townend was influenced by Peter Singer's eponymous book and founded Animal Liberation in 1976."	"[""New York University""]"
S-066	supported_answer	S	insufficient_evidence	I	0	predicate_mismatch	问题问死亡地点，teacher 使用死亡日期作答，且证据未提供所需地点。	log/agenticIterRag/260710-021433-474200-pipeline-agentic_iter_rag_v1_spad_qwen3_1_7b_glm47_formal_500_offlinebatch_260710/outputs/stages/train_agent/spad_rag/search_policy_rl/rollout_data/4.jsonl	287	57ba93a7-3255-4882-9139-10222878219b	Where did the director of film Men On Her Mind die?	August 10, 2002	"The search results identify Doris Wishman as the director of the film ""Men On Her Mind"" (listed as ""Men in Her Life"" in the text). Evidence [1] states that Doris Wishman died on August 10, 2002."	"[""Hollywood""]"
S-067	supported_answer	S	supported_answer	S	1	aligned_supported	可见证据足以支持同一问题谓词下的唯一短答案。	log/agenticIterRag/260710-021433-474200-pipeline-agentic_iter_rag_v1_spad_qwen3_1_7b_glm47_formal_500_offlinebatch_260710/outputs/stages/train_agent/spad_rag/search_policy_rl/rollout_data/6.jsonl	88	1388d2fc-963c-4573-bbc8-3fcbdda314f3	when did baseball go to 162 game schedule?	10 July 1968	Document [3] states that the American League had considered decreasing the number of games played by each team to 152 or 156 from 162 that had been played each season since 1961, and the National League either 162 or 165 games, but the leagues agreed to a 162-game schedule in a meeting on 10 July 1968. Document [4] confirms that following the addition of expansion teams in 1961 and 1962, the regular season was extended from 154 games to 162 games.	"[""1961""]"
S-068	supported_answer	S	insufficient_evidence	I	0	missing_attribute	证据给出导演 Stuart Rosenberg 的姓名，没有给出他的国家或国籍。	log/agenticIterRag/260710-021433-474200-pipeline-agentic_iter_rag_v1_spad_qwen3_1_7b_glm47_formal_500_offlinebatch_260710/outputs/stages/train_agent/spad_rag/search_policy_rl/rollout_data/2.jsonl	140	e73ebfcf-c13a-4b2e-8851-d968bf4ba885	Which country the director of film My Heroes Have Always Been Cowboys (Film) is from?	United States	"The evidence identifies the director of the film ""My Heroes Have Always Been Cowboys"" as Stuart Rosenberg."	"[""American""]"
S-069	supported_answer	S	supported_answer	S	1	aligned_supported	可见证据足以支持同一问题谓词下的唯一短答案。	log/agenticIterRag/260710-021433-474200-pipeline-agentic_iter_rag_v1_spad_qwen3_1_7b_glm47_formal_500_offlinebatch_260710/outputs/stages/train_agent/spad_rag/search_policy_rl/rollout_data/5.jsonl	25	fd45379a-8b7d-4439-850c-b03aa331e99d	Alfred Shepherd was posted to the squadron that was a unit of what part of the Royal Air Force?	Royal Flying Corps	"The evidence states that Alfred Shepherd was posted to No. 29 Squadron RFC. The Royal Flying Corps (RFC) was a part of the Royal Air Force, as evidenced by the text ""transferred to the Royal Flying Corps (RFC)"" and the context of World War I aviation history where the RFC was a constituent part of the RAF."	"[""Royal Flying Corps""]"
S-070	supported_answer	S	supported_answer	S	1	aligned_supported	可见证据足以支持同一问题谓词下的唯一短答案。	log/agenticIterRag/260710-021433-474200-pipeline-agentic_iter_rag_v1_spad_qwen3_1_7b_glm47_formal_500_offlinebatch_260710/outputs/stages/train_agent/spad_rag/search_policy_rl/rollout_data/2.jsonl	274	7d208878-f9d3-4a5a-895e-337f5d32371c	where does the gulf and atlantic ocean meet?	Florida Straits	The evidence states that the Gulf of Mexico is a marginal sea of the Atlantic Ocean and is connected to the Atlantic Ocean through the Florida Straits between the U.S. and Cuba.	"[""Florida Straits""]"
S-071	supported_answer	S	supported_answer	S	1	aligned_supported	可见证据足以支持同一问题谓词下的唯一短答案。	log/agenticIterRag/260710-021433-474200-pipeline-agentic_iter_rag_v1_spad_qwen3_1_7b_glm47_formal_500_offlinebatch_260710/outputs/stages/train_agent/spad_rag/search_policy_rl/rollout_data/1.jsonl	482	31d3bb71-df50-49bd-9582-9828ad40c7f8	The Declaration of Independent Filmmaking detailed the making of the 2003 film directed by whom?	Polish brothers	"The search results provide a snippet from a document (doc-1) that mentions the Polish brothers writing and releasing ""The Declaration of Independent Filmmaking"" in 2005. The snippet explicitly states that the Polish brothers made the 2003 film ""Northfork"" and later wrote the book. The question asks for the director of the 2003 film detailed in the book. The text identifies the Polish brothers as the filmmakers who made ""Northfork"" and subsequently wrote the book."	"[""Michael Polish""]"
S-072	supported_answer	S	supported_answer	S	1	aligned_supported	可见证据足以支持同一问题谓词下的唯一短答案。	log/agenticIterRag/260710-021433-474200-pipeline-agentic_iter_rag_v1_spad_qwen3_1_7b_glm47_formal_500_offlinebatch_260710/outputs/stages/train_agent/spad_rag/search_policy_rl/rollout_data/6.jsonl	23	15d9b67e-d638-4055-ac28-d145de9baf8c	who is traditionally said to be the author of ecclesiastes?	King Solomon	The evidence explicitly states that in traditional Jewish texts, King Solomon is named as the author of Ecclesiastes, and according to rabbinic tradition, Ecclesiastes was written by Solomon in his old age.	"[""King Solomon""]"
S-073	supported_answer	S	supported_answer	S	1	aligned_supported	可见证据足以支持同一问题谓词下的唯一短答案。	log/agenticIterRag/260710-021433-474200-pipeline-agentic_iter_rag_v1_spad_qwen3_1_7b_glm47_formal_500_offlinebatch_260710/outputs/stages/train_agent/spad_rag/search_policy_rl/rollout_data/6.jsonl	1	ccb65e63-a22a-49e9-8dfa-71e923c3021b	when did the united nations came into existence?	October 24, 1945	"The search results provide multiple sources explicitly stating the date the United Nations came into existence. Document 1 states, ""The United Nations officially came into existence on October 24, 1945."" Document 2 states, ""The UN officially came into existence 24 October 1945."" Document 3 states, ""The UN officially came into existence on 24 October 1945."" Document 5 states, ""The UN officially came into existence on 24 October 1945."" All evidence points to the same date."	"[""24 October 1945""]"
S-074	supported_answer	S	supported_answer	S	1	aligned_supported	可见证据足以支持同一问题谓词下的唯一短答案。	log/agenticIterRag/260710-021433-474200-pipeline-agentic_iter_rag_v1_spad_qwen3_1_7b_glm47_formal_500_offlinebatch_260710/outputs/stages/train_agent/spad_rag/search_policy_rl/rollout_data/4.jsonl	120	3d222cab-11b6-429b-a4f6-6e457961c824	who was the main actress in the shape of water?	Sally Hawkins	"Document 1 explicitly states that the film ""stars Sally Hawkins"" and Document 4 identifies the main character as ""Elisa Esposito (Sally Hawkins)""."	"[""Sally Hawkins""]"
S-075	supported_answer	S	supported_answer	S	1	aligned_supported	可见证据足以支持同一问题谓词下的唯一短答案。	log/agenticIterRag/260710-021433-474200-pipeline-agentic_iter_rag_v1_spad_qwen3_1_7b_glm47_formal_500_offlinebatch_260710/outputs/stages/train_agent/spad_rag/search_policy_rl/rollout_data/6.jsonl	114	9b90da94-df1b-46b4-b100-d779497b23e8	what element is named after the russian chemist who arranged the periodic table?	mendelevium	The evidence identifies Dmitri Mendeleev as the Russian chemist who arranged the periodic table. It explicitly states that the element mendelevium was named after him.	"[""mendelevium""]"
S-076	supported_answer	S	supported_answer	S	1	aligned_supported	可见证据足以支持同一问题谓词下的唯一短答案。	log/agenticIterRag/260710-021433-474200-pipeline-agentic_iter_rag_v1_spad_qwen3_1_7b_glm47_formal_500_offlinebatch_260710/outputs/stages/train_agent/spad_rag/search_policy_rl/rollout_data/2.jsonl	15	25ac910b-4a89-4872-a4d4-6abace838cd7	who wins season 7 of hell's kitchen?	Banquet chef Holli Ugalde	The evidence explicitly states that Banquet chef Holli Ugalde won the season.	"[""Holli Ugalde""]"
S-077	supported_answer	S	supported_answer	S	1	aligned_supported	可见证据足以支持同一问题谓词下的唯一短答案。	log/agenticIterRag/260710-021433-474200-pipeline-agentic_iter_rag_v1_spad_qwen3_1_7b_glm47_formal_500_offlinebatch_260710/outputs/stages/train_agent/spad_rag/search_policy_rl/rollout_data/4.jsonl	97	245506ab-899a-4bea-b1d9-9c2aa09a6f25	who was love of my life written for?	Mary Austin	"The evidence identifies the song ""Love of My Life"" by Queen as being written for Mary Austin, Mercury's ex-fiancée and close friend."	"[""Mary Austin""]"
S-078	supported_answer	S	supported_answer	S	1	aligned_supported	可见证据足以支持同一问题谓词下的唯一短答案。	log/agenticIterRag/260710-021433-474200-pipeline-agentic_iter_rag_v1_spad_qwen3_1_7b_glm47_formal_500_offlinebatch_260710/outputs/stages/train_agent/spad_rag/search_policy_rl/rollout_data/7.jsonl	127	65b4fc21-522e-4714-9bd8-3dcba7c52dbc	who holds the record for fastest softball pitch?	Eddie Feigner	"The evidence states that the fastest pitch on record was thrown by Eddie Feigner of ""The King and His Court"" who was clocked at 104 mph."	"[""Eddie Feigner""]"
S-079	supported_answer	S	supported_answer	S	1	aligned_supported	可见证据足以支持同一问题谓词下的唯一短答案。	log/agenticIterRag/260710-021433-474200-pipeline-agentic_iter_rag_v1_spad_qwen3_1_7b_glm47_formal_500_offlinebatch_260710/outputs/stages/train_agent/spad_rag/search_policy_rl/rollout_data/6.jsonl	147	01b7af51-c00f-466d-b55f-13870d8f4b1b	when is the second part of the new it coming out?	September 6, 2019	"The search results document the release date for ""It: Chapter Two"" as September 6, 2019. The text explicitly states that the film is the second part of the new It and confirms the release date."	"[""September 6, 2019""]"
S-080	supported_answer	S	supported_answer	S	1	aligned_supported	可见证据足以支持同一问题谓词下的唯一短答案。	log/agenticIterRag/260710-021433-474200-pipeline-agentic_iter_rag_v1_spad_qwen3_1_7b_glm47_formal_500_offlinebatch_260710/outputs/stages/train_agent/spad_rag/search_policy_rl/rollout_data/5.jsonl	105	7226a56c-0a2f-4ca7-8b74-bb56db2dada1	how many games did the cavs win last year?	50	The evidence explicitly states the Cavaliers finished the regular season with a record of 50–32.	"[""50""]"
S-081	supported_answer	S	supported_answer	S	1	aligned_supported	可见证据足以支持同一问题谓词下的唯一短答案。	log/agenticIterRag/260710-021433-474200-pipeline-agentic_iter_rag_v1_spad_qwen3_1_7b_glm47_formal_500_offlinebatch_260710/outputs/stages/train_agent/spad_rag/search_policy_rl/rollout_data/5.jsonl	83	f408c321-8ce8-4fe1-94c5-811df797c050	who sings bang bang i am the warrior?	Scandal	"The search results identify ""The Warrior"" as a song by the American rock band Scandal. The evidence explicitly states ""The Warrior is a song by American rock band Scandal""."	"[""Scandal""]"
S-082	supported_answer	S	insufficient_evidence	I	0	unsupported_alias	证据没有出现 Ek Saudagar；把它直接视为 1991 年 Saudagar 的别名属于未由 passage 支持的假设。	log/agenticIterRag/260710-021433-474200-pipeline-agentic_iter_rag_v1_spad_qwen3_1_7b_glm47_formal_500_offlinebatch_260710/outputs/stages/train_agent/spad_rag/search_policy_rl/rollout_data/1.jsonl	51	3f4fc1cd-2a12-4ad2-a273-730ef78d9bba	Which film came out earlier, 144 (Film) or Ek Saudagar?	Ek Saudagar (1991 film)	"Document 1 states that 144 (film) is a 2015 Tamil comedy film. Document 1 also lists ""Saudagar (1973 film)"" and ""Saudagar (1991 film)"" but does not explicitly mention ""Ek Saudagar"". However, ""Ek Saudagar"" is a common alternate title for the 1991 film ""Saudagar"". Since 144 (film) is 2015 and the 1991 film (likely Ek Saudagar) is 1991, the 1991 film came out earlier."	"[""Ek Saudagar""]"
S-083	supported_answer	S	supported_answer	S	1	aligned_supported	可见证据足以支持同一问题谓词下的唯一短答案。	log/agenticIterRag/260710-021433-474200-pipeline-agentic_iter_rag_v1_spad_qwen3_1_7b_glm47_formal_500_offlinebatch_260710/outputs/stages/train_agent/spad_rag/search_policy_rl/rollout_data/2.jsonl	46	090b5ee0-8062-4cc9-932e-1e06cc27f431	who played the boy in the blue lagoon?	Christopher Atkins	"The evidence explicitly states that Christopher Atkins is the American actor who became famous in his debut role with co-star Brooke Shields in the 1980 film ""The Blue Lagoon"". The film description also lists Christopher Atkins as one of the stars."	"[""Christopher Atkins""]"
S-084	supported_answer	S	supported_answer	S	1	aligned_supported	可见证据足以支持同一问题谓词下的唯一短答案。	log/agenticIterRag/260710-021433-474200-pipeline-agentic_iter_rag_v1_spad_qwen3_1_7b_glm47_formal_500_offlinebatch_260710/outputs/stages/train_agent/spad_rag/search_policy_rl/rollout_data/2.jsonl	17	6615b108-58be-493f-8405-c599464fecdf	where did the story the landlady take place?	Bath	Document 1 and Document 5 explicitly state that the protagonist, Billy Weaver, travels from London to Bath and stops for the night at a bed-and-breakfast.	"[""Bath""]"
S-085	supported_answer	S	supported_answer	S	1	aligned_supported	可见证据足以支持同一问题谓词下的唯一短答案。	log/agenticIterRag/260710-021433-474200-pipeline-agentic_iter_rag_v1_spad_qwen3_1_7b_glm47_formal_500_offlinebatch_260710/outputs/stages/train_agent/spad_rag/search_policy_rl/rollout_data/5.jsonl	13	87cdfac1-c463-4ae7-bf52-31f714d1ed91	where does the dark reaction of photosynthesis occur?	the stroma	Document 1 states that the light-independent reactions, or dark reactions, of photosynthesis occur in the stroma, the fluid-filled area of a chloroplast outside the thylakoid membranes. Document 4 confirms that the stroma is where the light-independent reactions take place.	"[""in the stroma""]"
S-086	supported_answer	S	supported_answer	S	1	aligned_supported	可见证据足以支持同一问题谓词下的唯一短答案。	log/agenticIterRag/260710-021433-474200-pipeline-agentic_iter_rag_v1_spad_qwen3_1_7b_glm47_formal_500_offlinebatch_260710/outputs/stages/train_agent/spad_rag/search_policy_rl/rollout_data/4.jsonl	36	44f57381-1cb4-45c7-9355-0a63a5e82def	first indian to win individual gold medal in olympics?	Abhinav Bindra	Document [5] explicitly states that Abhinav Bindra became the first Indian to win an individual gold medal at the Olympics.	"[""Abhinav Bindra""]"
S-087	supported_answer	S	supported_answer	S	1	aligned_supported	可见证据足以支持同一问题谓词下的唯一短答案。	log/agenticIterRag/260710-021433-474200-pipeline-agentic_iter_rag_v1_spad_qwen3_1_7b_glm47_formal_500_offlinebatch_260710/outputs/stages/train_agent/spad_rag/search_policy_rl/rollout_data/7.jsonl	35	84582f4d-9bd9-4833-b1b1-a23f3f7889dd	What genre of films are both Outfoxed and Transparent?	documentary	Document [1] states that Transparent is an American comedy-drama web television series. Document [2] states that Outfoxed is a 2004 documentary film. Both are classified as documentaries.	"[""documentary""]"
S-088	supported_answer	S	supported_answer	S	1	aligned_supported	可见证据足以支持同一问题谓词下的唯一短答案。	log/agenticIterRag/260710-021433-474200-pipeline-agentic_iter_rag_v1_spad_qwen3_1_7b_glm47_formal_500_offlinebatch_260710/outputs/stages/train_agent/spad_rag/search_policy_rl/rollout_data/2.jsonl	115	ac2fa0e5-109b-4a71-adba-7e2cc215a57c	Which band was formed first, The Cult or Cornershop?	The Cult	Document [1] states that Cornershop was formed in 1991. Document [4] states that The Cult were formed in 1983.	"[""The Cult""]"
S-089	supported_answer	S	supported_answer	S	1	aligned_supported	可见证据足以支持同一问题谓词下的唯一短答案。	log/agenticIterRag/260710-021433-474200-pipeline-agentic_iter_rag_v1_spad_qwen3_1_7b_glm47_formal_500_offlinebatch_260710/outputs/stages/train_agent/spad_rag/search_policy_rl/rollout_data/7.jsonl	218	aab4e248-2e56-4453-9061-930f935a97f6	what are the band members names in fleetwood mac?	Lindsey Buckingham, Mick Fleetwood, Christine McVie, John McVie, and Stevie Nicks	The evidence lists the band members as Lindsey Buckingham, Mick Fleetwood, Christine McVie, John McVie, and Stevie Nicks in the context of the album Rumours.	"[""Christine McVie"", ""Mike Campbell"", ""John McVie"", ""Stevie Nicks"", ""Neil Finn"", ""Mick Fleetwood""]"
S-090	supported_answer	S	insufficient_evidence	I	0	predicate_mismatch	证据说 Santa Clarita 是拍摄地，没有证明它是 MythBusters 的叙事地点，后续市长答案因此失去依据。	log/agenticIterRag/260710-021433-474200-pipeline-agentic_iter_rag_v1_spad_qwen3_1_7b_glm47_formal_500_offlinebatch_260710/outputs/stages/train_agent/spad_rag/search_policy_rl/rollout_data/1.jsonl	340	f5ade199-0ee0-41c0-a8be-a0d42533a54a	In 2018, who was elected mayor of the city which was Mythbusters' narrative location?	Donald P. Wagner	The search results identify Santa Clarita as the filming location for the 2017 revival of MythBusters. The evidence lists the winners of the 2018 mayoral elections for major cities, including Santa Clarita, where Donald P. Wagner was re-elected.	"[""former Acting Mayor London Breed"", ""London Breed""]"
S-091	supported_answer	S	supported_answer	S	1	aligned_supported	可见证据足以支持同一问题谓词下的唯一短答案。	log/agenticIterRag/260710-021433-474200-pipeline-agentic_iter_rag_v1_spad_qwen3_1_7b_glm47_formal_500_offlinebatch_260710/outputs/stages/train_agent/spad_rag/search_policy_rl/rollout_data/6.jsonl	11	dec580e5-544a-47e1-a4f9-9d5a3d6346e9	when did the age pension start in australia?	1909	Document [1] states that the Age Pension was the first payment made by the Commonwealth Government, dating back to 1909. Document [3] further specifies that the national aged pension was introduced under the Invalid and Old-Aged Pensions Act 1908.	"[""1909""]"
S-092	supported_answer	S	supported_answer	S	1	aligned_supported	可见证据足以支持同一问题谓词下的唯一短答案。	log/agenticIterRag/260710-021433-474200-pipeline-agentic_iter_rag_v1_spad_qwen3_1_7b_glm47_formal_500_offlinebatch_260710/outputs/stages/train_agent/spad_rag/search_policy_rl/rollout_data/1.jsonl	8	945385e9-1aff-405e-a0b1-c606e97a0c1a	independence hall in philadelphia hosted what 1787 event?	Constitutional Convention	Document 1 states that the Constitutional Convention met at Independence Hall from May to September 1787. Document 2 confirms the Constitutional Convention took place at Independence Hall in the summer of 1787. Document 3 explicitly states the Constitutional Convention took place in Independence Hall in Philadelphia in 1787.	"[""Constitutional Convention""]"
S-093	supported_answer	S	supported_answer	S	1	aligned_supported	可见证据足以支持同一问题谓词下的唯一短答案。	log/agenticIterRag/260710-021433-474200-pipeline-agentic_iter_rag_v1_spad_qwen3_1_7b_glm47_formal_500_offlinebatch_260710/outputs/stages/train_agent/spad_rag/search_policy_rl/rollout_data/3.jsonl	7	b3ffae3c-ab58-4b4f-b066-6584131cdee2	what group did cuba gooding senior sing for?	The Main Ingredient	Document [2] and [3] explicitly state that Cuba Gooding Sr. was the most successful lead singer of the soul group The Main Ingredient. Document [4] confirms he joined The Main Ingredient as a backup vocalist and later became the lead singer.	"[""The Main Ingredient""]"
S-094	supported_answer	S	supported_answer	S	1	aligned_supported	可见证据足以支持同一问题谓词下的唯一短答案。	log/agenticIterRag/260710-021433-474200-pipeline-agentic_iter_rag_v1_spad_qwen3_1_7b_glm47_formal_500_offlinebatch_260710/outputs/stages/train_agent/spad_rag/search_policy_rl/rollout_data/6.jsonl	41	760ba7c7-e503-41ce-b048-7decc2e9f762	who made the city of babylon the center of an empire?	Nabopolassar	The evidence states that Nabopolassar made Babylon his capital and is credited with founding the Neo-Babylonian Empire, which establishes him as the figure who made the city the center of an empire.	"[""Amorite king Hammurabi""]"
S-095	supported_answer	S	supported_answer	S	1	aligned_supported	可见证据足以支持同一问题谓词下的唯一短答案。	log/agenticIterRag/260710-021433-474200-pipeline-agentic_iter_rag_v1_spad_qwen3_1_7b_glm47_formal_500_offlinebatch_260710/outputs/stages/train_agent/spad_rag/search_policy_rl/rollout_data/2.jsonl	119	82430d0c-fe83-49e1-875d-33089631b5dc	who organized the first pan-african conference in 1900 apex?	Henry Sylvester Williams	"The provided evidence explicitly states that the First Pan-African Conference was ""Organized primarily by the Trinidadian barrister Henry Sylvester Williams"" and that he ""organized the First Pan-African Conference in London in 1900."""	"[""Trinidadian barrister Henry Sylvester Williams""]"
S-096	supported_answer	S	supported_answer	S	1	aligned_supported	可见证据足以支持同一问题谓词下的唯一短答案。	log/agenticIterRag/260710-021433-474200-pipeline-agentic_iter_rag_v1_spad_qwen3_1_7b_glm47_formal_500_offlinebatch_260710/outputs/stages/train_agent/spad_rag/search_policy_rl/rollout_data/7.jsonl	33	96651653-6957-4252-99fc-0c5c29bb1366	"Sigrid Arnoldson is believed by critics to have been the successor to what famous opera singer who was often known as the ""Swedish Nightingale""?"	Jenny Lind	"The evidence states that music critics believed Sigrid Arnoldson was Jenny Lind's successor and dubbed her the ""new Swedish Nightingale"". Evidence [4] confirms Jenny Lind was the ""Swedish Nightingale""."	"[""Jenny Lind""]"
S-097	supported_answer	S	supported_answer	S	1	aligned_supported	可见证据足以支持同一问题谓词下的唯一短答案。	log/agenticIterRag/260710-021433-474200-pipeline-agentic_iter_rag_v1_spad_qwen3_1_7b_glm47_formal_500_offlinebatch_260710/outputs/stages/train_agent/spad_rag/search_policy_rl/rollout_data/1.jsonl	123	ce393300-c0f3-4a48-af11-1275892f9cb1	when was the aria built in las vegas?	early 2006	Document [1] states that construction began in early 2006. Document [2] and [4] state that the resort opened on December 16, 2009.	"[""December 16, 2009""]"
S-098	supported_answer	S	supported_answer	S	1	aligned_supported	可见证据足以支持同一问题谓词下的唯一短答案。	log/agenticIterRag/260710-021433-474200-pipeline-agentic_iter_rag_v1_spad_qwen3_1_7b_glm47_formal_500_offlinebatch_260710/outputs/stages/train_agent/spad_rag/search_policy_rl/rollout_data/4.jsonl	153	46e8de91-a865-4b0e-abb5-9b0d313304dd	The first leader of Europe's largest country, following the collapse of the union of republics that was formed as a result of the Russian revolution, died in what city?	Gorki	Document 1 states that Vladimir Lenin, the first leader and founder of the Soviet Union, died in Gorki.	"[""Moscow"", ""Moscow, Russia""]"
S-099	supported_answer	S	supported_answer	S	1	aligned_supported	可见证据足以支持同一问题谓词下的唯一短答案。	log/agenticIterRag/260710-021433-474200-pipeline-agentic_iter_rag_v1_spad_qwen3_1_7b_glm47_formal_500_offlinebatch_260710/outputs/stages/train_agent/spad_rag/search_policy_rl/rollout_data/4.jsonl	111	60e1b1e5-a9f0-4bce-bf38-2043b355f427	who wrote the song put your hand in the hand?	Gene MacLellan	"Document 1 states that ""Put Your Hand in the Hand"" is a gospel pop song composed by Gene MacLellan. Document 2 also states the song was penned by Gene MacLellan."	"[""Gene MacLellan""]"
S-100	supported_answer	S	supported_answer	S	1	aligned_supported	可见证据足以支持同一问题谓词下的唯一短答案。	log/agenticIterRag/260710-021433-474200-pipeline-agentic_iter_rag_v1_spad_qwen3_1_7b_glm47_formal_500_offlinebatch_260710/outputs/stages/train_agent/spad_rag/search_policy_rl/rollout_data/5.jsonl	98	a974ec5c-fd40-4ad9-8ec8-e9a376d4ddc7	who is the girl in how you remind me?	Annie Henley	"Document 1 explicitly states that the girlfriend in the music video for ""How You Remind Me"" is played by model Annie Henley."	"[""model Annie Henley""]"
I-001	insufficient_evidence	I	insufficient_evidence	I	1	aligned_insufficient	可见证据缺少回答问题所必需的事实或关系。	log/agenticIterRag/260710-021433-474200-pipeline-agentic_iter_rag_v1_spad_qwen3_1_7b_glm47_formal_500_offlinebatch_260710/outputs/stages/train_agent/spad_rag/search_policy_rl/rollout_data/6.jsonl	67	dd87f45e-33ed-4bcc-b2ef-1e67bcc69b54	In what conflict did the 55th Infantry Division, from the borough where the village of Dalton is found, see combat?	证据不足无法作答	The search results do not contain information about a 55th Infantry Division, its combat conflicts, or the borough where Dalton is found. The provided evidence lists other units (51st New York, 34th Infantry Division Band, 65th Infantry Division, 65th New York, 551st Parachute Infantry Battalion) and their respective conflicts, but not the 55th Infantry Division.	"[""World War I"", ""The Great War"", ""World War"", ""Great War""]"
I-002	insufficient_evidence	I	insufficient_evidence	I	1	aligned_insufficient	可见证据缺少回答问题所必需的事实或关系。	log/agenticIterRag/260710-021433-474200-pipeline-agentic_iter_rag_v1_spad_qwen3_1_7b_glm47_formal_500_offlinebatch_260710/outputs/stages/train_agent/spad_rag/search_policy_rl/rollout_data/7.jsonl	80	1e6ff4d5-09d7-4ae3-ba3c-08c3b1e30acf	Who is Georg Albrecht Of Saxe-Weissenfels, Count Of Barby's paternal grandmother?	证据不足无法作答	The provided text identifies Georg Albrecht's father as Heinrich of Saxe-Weissenfels, Count of Barby, and his mother as Elisabeth Albertine of Anhalt-Dessau. It does not list the names of Georg Albrecht's paternal grandparents.	"[""Anna Maria of Mecklenburg-Schwerin""]"
I-003	insufficient_evidence	I	insufficient_evidence	I	1	aligned_insufficient	可见证据缺少回答问题所必需的事实或关系。	log/agenticIterRag/260710-021433-474200-pipeline-agentic_iter_rag_v1_spad_qwen3_1_7b_glm47_formal_500_offlinebatch_260710/outputs/stages/train_agent/spad_rag/search_policy_rl/rollout_data/6.jsonl	38	335e7f55-2edf-44a1-8928-c8df79568ad2	What government followed the monarch who re-translated the Reflections into French of the country where US got the Louisiana Purchase?	证据不足无法作答	The evidence identifies the country as France, where the Louisiana Purchase occurred in 1803. It mentions Napoleon Bonaparte reacquired the area and sold it to the US. However, the evidence does not identify a specific monarch who re-translated the Reflections into French, nor does it identify the government that followed that monarch.	"[""First French Republic"", ""French Republic""]"
I-004	insufficient_evidence	I	insufficient_evidence	I	1	aligned_insufficient	可见证据缺少回答问题所必需的事实或关系。	log/agenticIterRag/260710-021433-474200-pipeline-agentic_iter_rag_v1_spad_qwen3_1_7b_glm47_formal_500_offlinebatch_260710/outputs/stages/train_agent/spad_rag/search_policy_rl/rollout_data/4.jsonl	87	1494e9eb-b3ae-4210-8866-82267704c51d	Who is the original broadcaster of the Today show, first shown on the Tonight show, named after the spouse of Maury Povich?	证据不足无法作答	"The evidence mentions Maury Povich's spouse Connie Chung, but does not provide information about a show named ""Today"" that was first shown on ""Tonight"" and named after a spouse."	"[""CNN International""]"
I-005	insufficient_evidence	I	insufficient_evidence	I	1	aligned_insufficient	可见证据缺少回答问题所必需的事实或关系。	log/agenticIterRag/260710-021433-474200-pipeline-agentic_iter_rag_v1_spad_qwen3_1_7b_glm47_formal_500_offlinebatch_260710/outputs/stages/train_agent/spad_rag/search_policy_rl/rollout_data/4.jsonl	159	22219b33-5234-4037-a0e4-976cb55d795b	What band is the performer of All About Soul a member of?	证据不足无法作答	"The search results for ""All About Soul"" and ""Soul"" provide definitions and philosophical discussions about the concept of a soul, but do not contain information about a song titled ""All About Soul"" or the band associated with its performer."	"[""Billy Joel Band"", ""the Billy Joel Band""]"
I-006	insufficient_evidence	I	insufficient_evidence	I	1	aligned_insufficient	可见证据缺少回答问题所必需的事实或关系。	log/agenticIterRag/260710-021433-474200-pipeline-agentic_iter_rag_v1_spad_qwen3_1_7b_glm47_formal_500_offlinebatch_260710/outputs/stages/train_agent/spad_rag/search_policy_rl/rollout_data/7.jsonl	45	de90c38c-77e4-4bd2-9058-04373cf58bf8	What is the date of death of the director of film Sadma?	证据不足无法作答	The search results identify Balu Mahendra as the director of the film Sadma. However, the provided evidence does not contain the date of death for Balu Mahendra.	"[""13 February 2014""]"
I-007	insufficient_evidence	I	insufficient_evidence	I	1	aligned_insufficient	可见证据缺少回答问题所必需的事实或关系。	log/agenticIterRag/260710-021433-474200-pipeline-agentic_iter_rag_v1_spad_qwen3_1_7b_glm47_formal_500_offlinebatch_260710/outputs/stages/train_agent/spad_rag/search_policy_rl/rollout_data/3.jsonl	36	bf1588c0-9077-4a43-bc45-3280b423769b	what is the highest point in the state WTLS is located?	证据不足无法作答	"The search results provide information about the highest point in the state of Alabama (Mount Cheaha) and the highest point in Mississippi (Woodall Mountain), but the evidence for the state ""WTLS"" is missing. The document [5] describes the radio station WTLS but does not state the state in which it is located, nor does it provide the highest point in that state."	"[""Cheaha Mountain"", ""Mount Cheaha""]"
I-008	insufficient_evidence	I	insufficient_evidence	I	1	aligned_insufficient	可见证据缺少回答问题所必需的事实或关系。	log/agenticIterRag/260710-021433-474200-pipeline-agentic_iter_rag_v1_spad_qwen3_1_7b_glm47_formal_500_offlinebatch_260710/outputs/stages/train_agent/spad_rag/search_policy_rl/rollout_data/7.jsonl	42	d4cf9b77-ad6a-4b11-bcaf-649d771d3b2e	What is the name of this series of crossover action role-playing games, in which Scott Weinger reprised his role as the voice of Aladdin?	证据不足无法作答	"The search results do not contain information about a series of crossover action role-playing games involving Scott Weinger reprising his role as Aladdin. The provided documents discuss the ""Aladdin Deck Enhancer,"" a single game ""Disney's Aladdin in Nasira's Revenge,"" and the character Aladdin's voice actor, but no crossover RPG series."	"[""Kingdom Hearts""]"
I-009	insufficient_evidence	I	insufficient_evidence	I	1	aligned_insufficient	可见证据缺少回答问题所必需的事实或关系。	log/agenticIterRag/260710-021433-474200-pipeline-agentic_iter_rag_v1_spad_qwen3_1_7b_glm47_formal_500_offlinebatch_260710/outputs/stages/train_agent/spad_rag/search_policy_rl/rollout_data/3.jsonl	379	bd3a2285-474d-4568-bf2d-3b09305c6038	How much of people in the 'Giant of Africa' has HIV as of 2012?	证据不足无法作答	The search results provide general statistics about HIV/AIDS in Africa and sub-Saharan Africa, but do not contain specific data for the 'Giant of Africa' (Nigeria) regarding the percentage of people with HIV as of 2012.	"[""3.1 percent""]"
I-010	insufficient_evidence	I	insufficient_evidence	I	1	aligned_insufficient	可见证据缺少回答问题所必需的事实或关系。	log/agenticIterRag/260710-021433-474200-pipeline-agentic_iter_rag_v1_spad_qwen3_1_7b_glm47_formal_500_offlinebatch_260710/outputs/stages/train_agent/spad_rag/search_policy_rl/rollout_data/3.jsonl	92	5555f2a1-437f-4e58-95cc-564c6b93fd59	"Who published the video game that ""Ms. Crumby"" was used in?"	证据不足无法作答	"The search results list ""Crave Entertainment"" as a video game company that published games for various platforms including Dreamcast, Wii, Nintendo DS, Game Boy Advance, Nintendo 64, Nintendo GameCube, PlayStation, PlayStation 2, PlayStation 3, PSP, Xbox, and Xbox 360. The question asks for the publisher of the video game that ""Ms. Crumby"" was used in. The provided evidence does not explicitly state that ""Ms. Crumby"" was a game published by Crave Entertainment, nor does it identify the specific game ""Ms. Crumby"" or its publisher."	"[""Ubisoft""]"
I-011	insufficient_evidence	I	supported_answer	S	0	simple_numeric_inference	50-32 的赛季记录直接表示 50 胜；这是无需外部知识的简单数值读取。	log/agenticIterRag/260710-021433-474200-pipeline-agentic_iter_rag_v1_spad_qwen3_1_7b_glm47_formal_500_offlinebatch_260710/outputs/stages/train_agent/spad_rag/search_policy_rl/rollout_data/5.jsonl	321	7226a56c-0a2f-4ca7-8b74-bb56db2dada1	how many games did the cavs win last year?	证据不足无法作答	The evidence mentions the 2017-18 Cleveland Cavaliers season and states they finished the regular season with a record of 50-32, but it does not explicitly state the number of games won.	"[""50""]"
I-012	insufficient_evidence	I	insufficient_evidence	I	1	aligned_insufficient	可见证据缺少回答问题所必需的事实或关系。	log/agenticIterRag/260710-021433-474200-pipeline-agentic_iter_rag_v1_spad_qwen3_1_7b_glm47_formal_500_offlinebatch_260710/outputs/stages/train_agent/spad_rag/search_policy_rl/rollout_data/6.jsonl	117	433b5299-d3a4-4f87-b37a-68bdc3351bd7	"What reporter wrote an article that appeared in ""Scanlan's Monthly"" which used the reporter as the protagonist?"	证据不足无法作答	"The search results provide information about the publication ""Scanlan's Monthly"" and its editors, Warren Hinckle III and Sidney Zion, but do not contain any information about a reporter who wrote an article for this publication that used the reporter as the protagonist."	"[""Hunter S. Thompson""]"
I-013	insufficient_evidence	I	insufficient_evidence	I	1	aligned_insufficient	可见证据缺少回答问题所必需的事实或关系。	log/agenticIterRag/260710-021433-474200-pipeline-agentic_iter_rag_v1_spad_qwen3_1_7b_glm47_formal_500_offlinebatch_260710/outputs/stages/train_agent/spad_rag/search_policy_rl/rollout_data/2.jsonl	31	78513048-ece0-4fcf-8f4a-13895268708d	Mario Gómez was teammates with a Spanish footballer that plays what two positions and had the 2nd highest transfer fee in the Bundesliga?	证据不足无法作答	The evidence identifies Mario Gómez as a German professional footballer who plays as a striker. It mentions he signed for Bayern Munich for an estimated €30–35 million, which was a league record at the time, but it does not identify a specific Spanish teammate, nor does it state the two positions played by that teammate, nor does it state the 2nd highest transfer fee in the Bundesliga.	"[""defensive midfielder or a central defender.""]"
I-014	insufficient_evidence	I	insufficient_evidence	I	1	aligned_insufficient	可见证据缺少回答问题所必需的事实或关系。	log/agenticIterRag/260710-021433-474200-pipeline-agentic_iter_rag_v1_spad_qwen3_1_7b_glm47_formal_500_offlinebatch_260710/outputs/stages/train_agent/spad_rag/search_policy_rl/rollout_data/4.jsonl	4	a3406045-ecf5-4e43-be81-3b2919fd9e3c	Who was the sibling of Judith Quiney's father?	证据不足无法作答	The provided evidence identifies Judith Quiney as the daughter of William Shakespeare and Anne Hathaway, but it does not mention any siblings of William Shakespeare or the names of Judith Quiney's paternal uncles or aunts.	"[""Joan Shakespeare""]"
I-015	insufficient_evidence	I	insufficient_evidence	I	1	aligned_insufficient	可见证据缺少回答问题所必需的事实或关系。	log/agenticIterRag/260710-021433-474200-pipeline-agentic_iter_rag_v1_spad_qwen3_1_7b_glm47_formal_500_offlinebatch_260710/outputs/stages/train_agent/spad_rag/search_policy_rl/rollout_data/4.jsonl	71	f4cbe78e-875b-4e6d-966f-2453c86f17ed	Which game is older Simon or Daldøs?	证据不足无法作答	The evidence for Daldøs states its history can be traced back to around 1800. The evidence for Simon does not provide a date or historical origin.	"[""Daldøs""]"
I-016	insufficient_evidence	I	ambiguous_evidence	A	0	version_ambiguity	证据包含多个 Sidekick 型号及日期，但问题没有限定原始机型或具体版本。	log/agenticIterRag/260710-021433-474200-pipeline-agentic_iter_rag_v1_spad_qwen3_1_7b_glm47_formal_500_offlinebatch_260710/outputs/stages/train_agent/spad_rag/search_policy_rl/rollout_data/1.jsonl	224	1e31ce06-ff59-4d44-9bf9-2a5d598c1e1a	when did the t mobile sidekick come out?	证据不足无法作答	The provided search evidence discusses the release dates of various Sidekick models, including the Sidekick Slide (November 7, 2007) and the Sidekick LX 2009 (May 13, 2009). However, the evidence does not contain a specific date for the initial release of the original T-Mobile Sidekick (often referred to as the Danger Hiptop or Sidekick I).	"[""2002""]"
I-017	insufficient_evidence	I	insufficient_evidence	I	1	aligned_insufficient	可见证据缺少回答问题所必需的事实或关系。	log/agenticIterRag/260710-021433-474200-pipeline-agentic_iter_rag_v1_spad_qwen3_1_7b_glm47_formal_500_offlinebatch_260710/outputs/stages/train_agent/spad_rag/search_policy_rl/rollout_data/6.jsonl	140	11a6fd83-fd78-4bf4-87f0-31c4433a7a75	My First Night Without You was a single released from which LGBT rights activist?	证据不足无法作答	"The provided search results do not contain any information about a song titled ""My First Night Without You"" or its connection to an LGBT rights activist. The documents discuss various unrelated topics, including a song by Monica, a Serbian DJ, a UK campaigner, a historical event, and an Indian activist."	"[""Cynthia Ann Stephanie \""Cyndi\"" Lauper""]"
I-018	insufficient_evidence	I	insufficient_evidence	I	1	aligned_insufficient	可见证据缺少回答问题所必需的事实或关系。	log/agenticIterRag/260710-021433-474200-pipeline-agentic_iter_rag_v1_spad_qwen3_1_7b_glm47_formal_500_offlinebatch_260710/outputs/stages/train_agent/spad_rag/search_policy_rl/rollout_data/4.jsonl	42	11f825a1-5130-4421-a3a3-4036b5305e4d	When did the director of film Return Of The Texan die?	证据不足无法作答	"The search results identify the director of the film ""Return of the Texan"" as Delmer Daves. However, the provided evidence does not contain the date of his death."	"[""August 17, 1977""]"
I-019	insufficient_evidence	I	insufficient_evidence	I	1	aligned_insufficient	可见证据缺少回答问题所必需的事实或关系。	log/agenticIterRag/260710-021433-474200-pipeline-agentic_iter_rag_v1_spad_qwen3_1_7b_glm47_formal_500_offlinebatch_260710/outputs/stages/train_agent/spad_rag/search_policy_rl/rollout_data/5.jsonl	94	8668e65b-b692-41a5-9e5a-2c861a2802a4	What is the place of birth of the performer of song Almost Blue (Song)?	证据不足无法作答	"Document [3] identifies the performer of the song ""Almost Blue"" as Elvis Costello and the Attractions. Document [1] mentions Elvis Costello's birthplace as Ripley, Surrey, England, but this information is not present in the provided search evidence."	"[""London""]"
I-020	insufficient_evidence	I	insufficient_evidence	I	1	aligned_insufficient	可见证据缺少回答问题所必需的事实或关系。	log/agenticIterRag/260710-021433-474200-pipeline-agentic_iter_rag_v1_spad_qwen3_1_7b_glm47_formal_500_offlinebatch_260710/outputs/stages/train_agent/spad_rag/search_policy_rl/rollout_data/7.jsonl	25	99511551-c338-470f-87eb-0e13f78a054f	What nationality is the director of film Orderly Or Disorderly?	证据不足无法作答	"The search results identify the film as ""The Disorderly Orderly"" (1964) and state that the director is Frank Tashlin. The evidence does not explicitly state Frank Tashlin's nationality."	"[""Iran""]"
I-021	insufficient_evidence	I	insufficient_evidence	I	1	aligned_insufficient	可见证据缺少回答问题所必需的事实或关系。	log/agenticIterRag/260710-021433-474200-pipeline-agentic_iter_rag_v1_spad_qwen3_1_7b_glm47_formal_500_offlinebatch_260710/outputs/stages/train_agent/spad_rag/search_policy_rl/rollout_data/4.jsonl	40	54661f00-a095-4680-9914-cd373f5a8109	In what year was the company that owns the IWGP Tag Team Championship founded?	证据不足无法作答	The evidence identifies the company that owns the IWGP Tag Team Championship as New Japan Pro-Wrestling (NJPW). However, the provided search results do not contain the founding year of NJPW.	"[""1972""]"
I-022	insufficient_evidence	I	insufficient_evidence	I	1	aligned_insufficient	可见证据缺少回答问题所必需的事实或关系。	log/agenticIterRag/260710-021433-474200-pipeline-agentic_iter_rag_v1_spad_qwen3_1_7b_glm47_formal_500_offlinebatch_260710/outputs/stages/train_agent/spad_rag/search_policy_rl/rollout_data/5.jsonl	46	5f3ff93f-a195-442b-acb5-c26b78e8e69f	how many times has north america hosted the olympics?	证据不足无法作答	The evidence lists specific Olympic Games hosted in Canada (1976 Summer, 1988 Winter, 2010 Winter) and the United States (1932, 1960, 1980, 2002 Winter). It does not provide a total count of how many times North America has hosted the Olympics.	"[""12""]"
I-023	insufficient_evidence	I	insufficient_evidence	I	1	aligned_insufficient	可见证据缺少回答问题所必需的事实或关系。	log/agenticIterRag/260710-021433-474200-pipeline-agentic_iter_rag_v1_spad_qwen3_1_7b_glm47_formal_500_offlinebatch_260710/outputs/stages/train_agent/spad_rag/search_policy_rl/rollout_data/2.jsonl	86	79e1ed16-8cc6-4eaf-9eb5-8cda3a1c7dd9	Who was the first Muslim elected as president of the political party Sadashiva Tripathy is a member of?	证据不足无法作答	The search results do not contain information about Sadashiva Tripathy or the political party he is a member of. The provided text mentions various individuals and organizations (B. V. Sreekantan, Madhav Sadashiv Gore, Infovision, U Chandrasekhar, Rajiv Gandhi Mahila Vikas Pariyojana) but none of them are Sadashiva Tripathy or a political party associated with him.	"[""Badruddin Tayyab Ji""]"
I-024	insufficient_evidence	I	insufficient_evidence	I	1	aligned_insufficient	可见证据缺少回答问题所必需的事实或关系。	log/agenticIterRag/260710-021433-474200-pipeline-agentic_iter_rag_v1_spad_qwen3_1_7b_glm47_formal_500_offlinebatch_260710/outputs/stages/train_agent/spad_rag/search_policy_rl/rollout_data/6.jsonl	45	0df1bb63-243d-4c30-9afd-0f8eaf4b169a	Sentral College Penang is a private college in George Town, Penang that offers programmes affiliated to a public research university located where?	证据不足无法作答	The evidence states that Sentral College Penang offers programmes affiliated to UNITAR and the University of Salford. The question asks for the location of the public research university affiliated with the college. The evidence identifies the universities as UNITAR and the University of Salford but does not provide the location of either university.	"[""Salford, Greater Manchester, England""]"
I-025	insufficient_evidence	I	insufficient_evidence	I	1	aligned_insufficient	可见证据缺少回答问题所必需的事实或关系。	log/agenticIterRag/260710-021433-474200-pipeline-agentic_iter_rag_v1_spad_qwen3_1_7b_glm47_formal_500_offlinebatch_260710/outputs/stages/train_agent/spad_rag/search_policy_rl/rollout_data/1.jsonl	81	31d3bb71-df50-49bd-9582-9828ad40c7f8	The Declaration of Independent Filmmaking detailed the making of the 2003 film directed by whom?	证据不足无法作答	"The search results do not contain information about a 2003 film detailed in ""The Declaration of Independent Filmmaking"". The provided text mentions the book ""The Declaration of Independent Filmmaking"" was written and released in 2005 by the Polish brothers and Jonathan Sheldon, but it does not describe a specific 2003 film or its director."	"[""Michael Polish""]"
I-026	insufficient_evidence	I	supported_answer	S	0	direct_evidence_overlooked	passage 明确说 Jessie 被其主人 Emily 抛弃；后来归 Al 所有不妨碍回答所问的原主人。	log/agenticIterRag/260710-021433-474200-pipeline-agentic_iter_rag_v1_spad_qwen3_1_7b_glm47_formal_500_offlinebatch_260710/outputs/stages/train_agent/spad_rag/search_policy_rl/rollout_data/3.jsonl	118	2f072842-0204-4247-aecb-a35e8cdabf2e	who did jessie belong to in toy story?	证据不足无法作答	The evidence states that Jessie was outgrown and abandoned by her owner Emily when Emily grew into adolescence. It also mentions that she was later owned by Al and packaged with Stinky Pete and Bullseye.	"[""Emily""]"
I-027	insufficient_evidence	I	insufficient_evidence	I	1	aligned_insufficient	可见证据缺少回答问题所必需的事实或关系。	log/agenticIterRag/260710-021433-474200-pipeline-agentic_iter_rag_v1_spad_qwen3_1_7b_glm47_formal_500_offlinebatch_260710/outputs/stages/train_agent/spad_rag/search_policy_rl/rollout_data/7.jsonl	15	b48a35bb-a417-4858-b79d-dd4eb73c9e74	Are both director of film Neengal Kettavai and director of film Experiment In Terror from the same country?	证据不足无法作答	"The evidence identifies the director of Neengal Kettavai as Balu Mahendra. However, the evidence for Experiment In Terror refers to a 2016 Indian Telugu-language film titled ""Terror"" directed by Satish Kasetty, which is not the film Experiment In Terror. The original 1962 film Experiment In Terror is not mentioned in the provided evidence."	"[""no""]"
I-028	insufficient_evidence	I	insufficient_evidence	I	1	aligned_insufficient	可见证据缺少回答问题所必需的事实或关系。	log/agenticIterRag/260710-021433-474200-pipeline-agentic_iter_rag_v1_spad_qwen3_1_7b_glm47_formal_500_offlinebatch_260710/outputs/stages/train_agent/spad_rag/search_policy_rl/rollout_data/6.jsonl	56	e0bc1fba-c96e-40b0-af0a-96456bd08f4e	What is the date of death of the director of film A Texas Steer?	证据不足无法作答	"The evidence identifies the director of ""A Texas Steer"" as Richard Wallace. However, the provided text does not contain information regarding Richard Wallace's date of death."	"[""November 3, 1951""]"
I-029	insufficient_evidence	I	insufficient_evidence	I	1	aligned_insufficient	可见证据缺少回答问题所必需的事实或关系。	log/agenticIterRag/260710-021433-474200-pipeline-agentic_iter_rag_v1_spad_qwen3_1_7b_glm47_formal_500_offlinebatch_260710/outputs/stages/train_agent/spad_rag/search_policy_rl/rollout_data/2.jsonl	355	aa7f5e64-1562-4be0-a7d3-5164d3d36cf9	Where did the scientist who championed the idea of evolution get educated?	证据不足无法作答	The search results discuss the creation–evolution controversy, mentioning William Jennings Bryan, John T. Scopes, and Hermann J. Muller, but do not provide information about the education of the scientist who championed the idea of evolution.	"[""University of Edinburgh"", ""Edinburgh University"", ""The University of Edinburgh""]"
I-030	insufficient_evidence	I	insufficient_evidence	I	1	aligned_insufficient	可见证据缺少回答问题所必需的事实或关系。	log/agenticIterRag/260710-021433-474200-pipeline-agentic_iter_rag_v1_spad_qwen3_1_7b_glm47_formal_500_offlinebatch_260710/outputs/stages/train_agent/spad_rag/search_policy_rl/rollout_data/7.jsonl	215	be8b84a9-9bd2-4d4a-b219-c2cbe02c3b7e	What type of women hosted a late 17th-century French gambling card game?	证据不足无法作答	The provided search results describe several late 17th-century French gambling card games such as Faro, Quinze, and Belle, Flux et Trente-et-Un, but none of the evidence explicitly states the type of women who hosted these games.	"[""aristocratic women""]"
I-031	insufficient_evidence	I	insufficient_evidence	I	1	aligned_insufficient	可见证据缺少回答问题所必需的事实或关系。	log/agenticIterRag/260710-021433-474200-pipeline-agentic_iter_rag_v1_spad_qwen3_1_7b_glm47_formal_500_offlinebatch_260710/outputs/stages/train_agent/spad_rag/search_policy_rl/rollout_data/2.jsonl	359	92ca4b8b-9f9c-4b4e-8a62-85e4ccaebd82	Which film has the director born first, The Notorious Miss Lisle or Finding Your Feet?	证据不足无法作答	"The evidence provides the birth date of Leslie Caron (1 July 1931) but does not provide the birth date of the director of ""Finding Your Feet"". Without the birth date of the director of ""Finding Your Feet"", it is impossible to determine which director was born first."	"[""The Notorious Miss Lisle""]"
I-032	insufficient_evidence	I	insufficient_evidence	I	1	aligned_insufficient	可见证据缺少回答问题所必需的事实或关系。	log/agenticIterRag/260710-021433-474200-pipeline-agentic_iter_rag_v1_spad_qwen3_1_7b_glm47_formal_500_offlinebatch_260710/outputs/stages/train_agent/spad_rag/search_policy_rl/rollout_data/7.jsonl	163	3defe5f1-5828-4011-87e0-6533d7dec13e	Which of Sid Wilson's band mates played in the E Street Band?	证据不足无法作答	The search results provide information about the E Street Band members, including Garry Tallent, Nils Lofgren, Patti Scialfa, and Soozie Tyrell. However, the search results do not contain any information about Sid Wilson or his band mates. Therefore, the evidence is insufficient to answer the question.	"[""Jay Weinberg""]"
I-033	insufficient_evidence	I	insufficient_evidence	I	1	aligned_insufficient	可见证据缺少回答问题所必需的事实或关系。	log/agenticIterRag/260710-021433-474200-pipeline-agentic_iter_rag_v1_spad_qwen3_1_7b_glm47_formal_500_offlinebatch_260710/outputs/stages/train_agent/spad_rag/search_policy_rl/rollout_data/7.jsonl	23	c79f5f21-d10d-44b9-897f-a01522e8f6ee	Do both films This Year'S Blonde and Crashing Through (Film) have the directors that share the same nationality?	证据不足无法作答	"The search results do not contain information about the directors of the films ""This Year's Blonde"" or ""Crashing Through"", nor do they contain the nationalities of any directors. The provided text discusses various other films and directors, but none of the specific films in question."	"[""yes""]"
I-034	insufficient_evidence	I	insufficient_evidence	I	1	aligned_insufficient	可见证据缺少回答问题所必需的事实或关系。	log/agenticIterRag/260710-021433-474200-pipeline-agentic_iter_rag_v1_spad_qwen3_1_7b_glm47_formal_500_offlinebatch_260710/outputs/stages/train_agent/spad_rag/search_policy_rl/rollout_data/3.jsonl	487	f77e2347-e4c6-4319-a11f-c346702f55c3	Are both high schools, Alabama School Of Fine Arts and Dover High School (New Jersey), located in the same country?	证据不足无法作答	Document [1] states that Dover High School (New Jersey) is located in the United States. The search results do not contain information about the location of Alabama School Of Fine Arts.	"[""yes""]"
I-035	insufficient_evidence	I	insufficient_evidence	I	1	aligned_insufficient	可见证据缺少回答问题所必需的事实或关系。	log/agenticIterRag/260710-021433-474200-pipeline-agentic_iter_rag_v1_spad_qwen3_1_7b_glm47_formal_500_offlinebatch_260710/outputs/stages/train_agent/spad_rag/search_policy_rl/rollout_data/5.jsonl	436	fcbe9d2d-be82-4c66-a601-2cdcea7a08f5	What number is the school where Margaret Murray was educated ranked among the world's best colleges and universities?	证据不足无法作答	The search results do not contain any information about Margaret Murray or the school where she was educated. The provided documents discuss various schools and rankings (Cate School, College and university rankings, College of William & Mary, Agnes Scott College, Boston College) but do not link them to Margaret Murray.	"[""5th""]"
I-036	insufficient_evidence	I	insufficient_evidence	I	1	aligned_insufficient	可见证据缺少回答问题所必需的事实或关系。	log/agenticIterRag/260710-021433-474200-pipeline-agentic_iter_rag_v1_spad_qwen3_1_7b_glm47_formal_500_offlinebatch_260710/outputs/stages/train_agent/spad_rag/search_policy_rl/rollout_data/2.jsonl	14	e73ebfcf-c13a-4b2e-8851-d968bf4ba885	Which country the director of film My Heroes Have Always Been Cowboys (Film) is from?	证据不足无法作答	"The evidence identifies the director of the film ""My Heroes Have Always Been Cowboys (film)"" as Stuart Rosenberg. However, the provided text does not contain any information regarding the country of origin for Stuart Rosenberg."	"[""American""]"
I-037	insufficient_evidence	I	supported_answer	S	0	temporal_endpoint_inference	剧集播出区间明确截止于 2017-08-03，结合 final season 足以回答最后一集播出日期。	log/agenticIterRag/260710-021433-474200-pipeline-agentic_iter_rag_v1_spad_qwen3_1_7b_glm47_formal_500_offlinebatch_260710/outputs/stages/train_agent/spad_rag/search_policy_rl/rollout_data/6.jsonl	296	f0470878-681f-4309-9b8e-c4ba894fe349	when does the final episode of saving hope air?	证据不足无法作答	"The provided search evidence includes a document stating that ""Saving Hope"" initially aired from June 7, 2012, to August 3, 2017, on CTV. This document also mentions a fifth and final season ordered in 2015, but it does not explicitly state the specific air date of the final episode."	"[""August 3, 2017""]"
I-038	insufficient_evidence	I	insufficient_evidence	I	1	aligned_insufficient	可见证据缺少回答问题所必需的事实或关系。	log/agenticIterRag/260710-021433-474200-pipeline-agentic_iter_rag_v1_spad_qwen3_1_7b_glm47_formal_500_offlinebatch_260710/outputs/stages/train_agent/spad_rag/search_policy_rl/rollout_data/2.jsonl	30	1027dbfd-ab18-4131-87c7-d339c9e0c946	When did the majority of the patents held by the company the Italian patents firm was representing expire?	证据不足无法作答	The search evidence provides general definitions of patent cliffs and patent portfolios, and information about maintenance fees for Italian patents, but does not contain specific information about a company represented by an Italian patents firm or the expiration dates of its patents.	"[""2015""]"
I-039	insufficient_evidence	I	supported_answer	S	0	negative_comparison	证据分别把 Lynda Thomas 定义为个人歌手、Say Anything 定义为乐队，因此二者是否都是乐队可唯一回答 No。	log/agenticIterRag/260710-021433-474200-pipeline-agentic_iter_rag_v1_spad_qwen3_1_7b_glm47_formal_500_offlinebatch_260710/outputs/stages/train_agent/spad_rag/search_policy_rl/rollout_data/2.jsonl	236	98c89766-9c13-4725-bf00-bd563c320385	Are Lynda Thomas and Say Anything both bands?	证据不足无法作答	Document [1] identifies Say Anything as an American rock band. Document [3] identifies Lynda Thomas as a Mexican musician, singer, and songwriter, but does not explicitly state she is a band. The evidence for Lynda Thomas is insufficient to confirm she is a band.	"[""no""]"
I-040	insufficient_evidence	I	supported_answer	S	0	direct_evidence_overlooked	理由本身已经读取 Jean-Paul Riopelle 的日期 7 October 1923 - 12 March 2002，其中首项就是出生日期。	log/agenticIterRag/260710-021433-474200-pipeline-agentic_iter_rag_v1_spad_qwen3_1_7b_glm47_formal_500_offlinebatch_260710/outputs/stages/train_agent/spad_rag/search_policy_rl/rollout_data/7.jsonl	207	0b7980cc-44e5-4ec5-9e84-d148192415d2	What is the date of birth of Françoise Riopelle's husband?	证据不足无法作答	The evidence mentions Françoise Riopelle's first husband Jean-Paul Riopelle and her second husband Pierre Mercure, but it does not provide the date of birth for either husband. The evidence provides the birth and death dates for Jean-Paul Riopelle (7 October 1923 – 12 March 2002) but not his date of birth.	"[""7 October 1923""]"
I-041	insufficient_evidence	I	insufficient_evidence	I	1	aligned_insufficient	可见证据缺少回答问题所必需的事实或关系。	log/agenticIterRag/260710-021433-474200-pipeline-agentic_iter_rag_v1_spad_qwen3_1_7b_glm47_formal_500_offlinebatch_260710/outputs/stages/train_agent/spad_rag/search_policy_rl/rollout_data/4.jsonl	9	2001ff5a-0445-4fce-8d36-84b5485e8107	"What did the individual who prepared ""the Grand Model"" use as a basis for his political beliefs?"	证据不足无法作答	"The search results provide general definitions of political ideologies such as Autarchism, Individualism, and Anarcho-communism, but do not contain information about the specific individual who prepared ""the Grand Model"" or the basis for their political beliefs."	"[""a set of Protestant Christian assumptions"", ""Protestantism""]"
I-042	insufficient_evidence	I	insufficient_evidence	I	1	aligned_insufficient	可见证据缺少回答问题所必需的事实或关系。	log/agenticIterRag/260710-021433-474200-pipeline-agentic_iter_rag_v1_spad_qwen3_1_7b_glm47_formal_500_offlinebatch_260710/outputs/stages/train_agent/spad_rag/search_policy_rl/rollout_data/6.jsonl	224	369bef29-3527-43aa-ac1d-ce4b0788631a	Who was the daughter of the man whose name was formerly used in association with the Charlestown High Bridge?	证据不足无法作答	The evidence states that the Charlestown High Bridge was referred to as the John F. Fitzgerald Bridge on old AAA Tourbook maps, identifying the man whose name was formerly used in association with the bridge. However, the provided text does not contain any information about the personal life, family, or children of John F. Fitzgerald.	"[""Rose Kennedy""]"
I-043	insufficient_evidence	I	insufficient_evidence	I	1	aligned_insufficient	可见证据缺少回答问题所必需的事实或关系。	log/agenticIterRag/260710-021433-474200-pipeline-agentic_iter_rag_v1_spad_qwen3_1_7b_glm47_formal_500_offlinebatch_260710/outputs/stages/train_agent/spad_rag/search_policy_rl/rollout_data/5.jsonl	52	4292c23f-18b0-42ce-833f-f2935691552c	Are Subhash Ghai and Mick Jackson of the same nationality?	证据不足无法作答	Document [1] states that Subhash Ghai is an Indian film director. The search results do not contain information about Mick Jackson's nationality.	"[""no""]"
I-044	insufficient_evidence	I	supported_answer	S	0	ordinal_temporal_inference	证据列出 Tito 与 Haile Selassie 在 1954 和 1956 年互访，较早的 1954 年即可回答 first visit。	log/agenticIterRag/260710-021433-474200-pipeline-agentic_iter_rag_v1_spad_qwen3_1_7b_glm47_formal_500_offlinebatch_260710/outputs/stages/train_agent/spad_rag/search_policy_rl/rollout_data/1.jsonl	148	608fecad-d96f-49eb-963d-78e173ec4ee1	When did Tito first visit the person who laid claim to Eritrea and Italian Somaliland in a letter to Franklin D. Roosevelt?	证据不足无法作答	The evidence identifies the person who laid claim to Eritrea and Italian Somaliland as Emperor Haile Selassie. It states that he made this claim in a letter to Franklin D. Roosevelt at the Paris Peace Conference. The evidence regarding Tito's visit to Haile Selassie mentions exchanging visits in 1954 and 1956, but does not specify the date of the first visit.	"[""1954""]"
I-045	insufficient_evidence	I	insufficient_evidence	I	1	aligned_insufficient	可见证据缺少回答问题所必需的事实或关系。	log/agenticIterRag/260710-021433-474200-pipeline-agentic_iter_rag_v1_spad_qwen3_1_7b_glm47_formal_500_offlinebatch_260710/outputs/stages/train_agent/spad_rag/search_policy_rl/rollout_data/6.jsonl	175	984028a4-7807-4998-80ee-6297a9684c62	Who was the first Muslim elected president of the political party of Pradeep Tamta?	证据不足无法作答	The search results do not contain information about Pradeep Tamta or his political party. The provided evidence lists various individuals and their roles in different political parties (e.g., Bangladesh Islami Chattra Sena, Ganatantri Dal, Jamaat-e-Islami Hind, Adhaalath Party), but none of them are connected to Pradeep Tamta.	"[""Badruddin Tayyab Ji""]"
I-046	insufficient_evidence	I	insufficient_evidence	I	1	aligned_insufficient	可见证据缺少回答问题所必需的事实或关系。	log/agenticIterRag/260710-021433-474200-pipeline-agentic_iter_rag_v1_spad_qwen3_1_7b_glm47_formal_500_offlinebatch_260710/outputs/stages/train_agent/spad_rag/search_policy_rl/rollout_data/6.jsonl	78	4899cadf-6700-4618-964f-832481ff2cc6	Who is the father of the lyricist of Nobody Told Me?	证据不足无法作答	"The evidence identifies the lyricist of ""Nobody Told Me"" as John Lennon. The evidence does not provide information about John Lennon's father."	"[""Alfred Lennon""]"
I-047	insufficient_evidence	I	insufficient_evidence	I	1	aligned_insufficient	可见证据缺少回答问题所必需的事实或关系。	log/agenticIterRag/260710-021433-474200-pipeline-agentic_iter_rag_v1_spad_qwen3_1_7b_glm47_formal_500_offlinebatch_260710/outputs/stages/train_agent/spad_rag/search_policy_rl/rollout_data/6.jsonl	119	7f8ff19c-c8de-4d74-beed-62348cfc3770	Are both directors of films The Window Over the Way and Uptown Girls from the same country?	证据不足无法作答	"The search results provide the director of ""Uptown Girls"" as Boaz Yakin, but the search results do not contain information about the film ""The Window Over the Way"" or its director."	"[""no""]"
I-048	insufficient_evidence	I	supported_answer	S	0	ownership_bridge	证据明确 Houston's 连锁品牌由 Hillstone Restaurant Group 所有，可用于回答其 Atlanta 门店的品牌所有者。	log/agenticIterRag/260710-021433-474200-pipeline-agentic_iter_rag_v1_spad_qwen3_1_7b_glm47_formal_500_offlinebatch_260710/outputs/stages/train_agent/spad_rag/search_policy_rl/rollout_data/4.jsonl	209	9f2715a7-40ac-444c-9115-c5dc5aa56742	who owns the restaurant houston's in atlanta georgia?	证据不足无法作答	The evidence states that Houston's Restaurant is an upscale American casual dining restaurant chain, owned by Hillstone Restaurant Group, whose main corporate headquarters is in Beverly Hills, California. It also mentions that the first Houston's restaurant was launched by George Biel, Joe Ledbetter, and Vic Branstetter in 1977, and that Branstetter sold his shares in 2006 and Ledbetter in 2011, leaving George Biel as the sole owner of the company. The evidence does not specify the owner of a specific location in Atlanta, Georgia.	"[""Hillstone Restaurant Group""]"
I-049	insufficient_evidence	I	insufficient_evidence	I	1	aligned_insufficient	可见证据缺少回答问题所必需的事实或关系。	log/agenticIterRag/260710-021433-474200-pipeline-agentic_iter_rag_v1_spad_qwen3_1_7b_glm47_formal_500_offlinebatch_260710/outputs/stages/train_agent/spad_rag/search_policy_rl/rollout_data/1.jsonl	26	6a9af40b-0cf9-465b-bc66-62089ca33fb7	What is the date of death of the director of film Marry Me Again?	证据不足无法作答	"The search results provide information about the film ""Next Time I Marry"" directed by Garson Kanin, but do not contain any information regarding the date of death of the director."	"[""May 5, 1972""]"
I-050	insufficient_evidence	I	insufficient_evidence	I	1	aligned_insufficient	可见证据缺少回答问题所必需的事实或关系。	log/agenticIterRag/260710-021433-474200-pipeline-agentic_iter_rag_v1_spad_qwen3_1_7b_glm47_formal_500_offlinebatch_260710/outputs/stages/train_agent/spad_rag/search_policy_rl/rollout_data/1.jsonl	273	ab0ca3b6-e363-4e7a-927c-9c73f3d44caa	Fear of a Black Republican And Castro Street are what genre of film?	证据不足无法作答	"The evidence explicitly identifies ""Fear of a Black Republican"" as an American independent political documentary. The search results do not contain information about ""Castro Street""."	"[""documentary""]"
I-051	insufficient_evidence	I	insufficient_evidence	I	1	aligned_insufficient	可见证据缺少回答问题所必需的事实或关系。	log/agenticIterRag/260710-021433-474200-pipeline-agentic_iter_rag_v1_spad_qwen3_1_7b_glm47_formal_500_offlinebatch_260710/outputs/stages/train_agent/spad_rag/search_policy_rl/rollout_data/6.jsonl	89	dd0ba41c-fb8e-49fd-9778-ffe00ed89d92	Who originally composed the titular song of ABS-CBN's 2009 miniseries featuring AJ Perez?	证据不足无法作答	"The search results identify the 2009 miniseries featuring AJ Perez as ""Your Song Presents: Underage"" (doc-1). However, the provided evidence does not contain information about the title song of this specific miniseries or its original composer."	"[""Elton John""]"
I-052	insufficient_evidence	I	insufficient_evidence	I	1	aligned_insufficient	可见证据缺少回答问题所必需的事实或关系。	log/agenticIterRag/260710-021433-474200-pipeline-agentic_iter_rag_v1_spad_qwen3_1_7b_glm47_formal_500_offlinebatch_260710/outputs/stages/train_agent/spad_rag/search_policy_rl/rollout_data/6.jsonl	103	b38be4c4-31c3-4579-94c4-b2c2dc79fe8a	Which nationality is the mathematical physicist who invented a crackpot index to give an idea of what sort of claims and rhetoric were commonplace among pseudophysics proposals he had come across?	证据不足无法作答	"The evidence identifies the mathematical physicist as John C. Baez. The text states, ""The method, proposed semi-seriously by mathematical physicist John C. Baez in 1992."" The question asks for the nationality of this person."	"[""American""]"
I-053	insufficient_evidence	I	insufficient_evidence	I	1	aligned_insufficient	可见证据缺少回答问题所必需的事实或关系。	log/agenticIterRag/260710-021433-474200-pipeline-agentic_iter_rag_v1_spad_qwen3_1_7b_glm47_formal_500_offlinebatch_260710/outputs/stages/train_agent/spad_rag/search_policy_rl/rollout_data/4.jsonl	319	cd6dbffa-47a0-49d2-9cd4-74a90fadc4e1	How many of the people whose ethnicity comprised the largest number of immigrants in the beginning of the twentieth century live in the country Guapó is located?	证据不足无法作答	The search results do not provide information about the location of Guapó or the ethnic composition of immigrants in the beginning of the twentieth century. The evidence mentions Guayas Province and Ecuadorians but does not link these to Guapó.	"[""5 million""]"
I-054	insufficient_evidence	I	insufficient_evidence	I	1	aligned_insufficient	可见证据缺少回答问题所必需的事实或关系。	log/agenticIterRag/260710-021433-474200-pipeline-agentic_iter_rag_v1_spad_qwen3_1_7b_glm47_formal_500_offlinebatch_260710/outputs/stages/train_agent/spad_rag/search_policy_rl/rollout_data/2.jsonl	27	a9119caa-22bb-4f52-8790-9b64f1252299	What conference does the team that represents a private university located in West Long Branch, Monmouth County, New Jersey, United States, play in ?	证据不足无法作答	The search evidence identifies the private university in West Long Branch, Monmouth County, New Jersey, as Monmouth University. The next step requires finding the conference the team representing this university plays in, but the provided search results only contain general information about the university's location, history, and student population. No information regarding the university's athletic teams or their conference affiliation is present in the evidence.	"[""Metro Atlantic Athletic Conference""]"
I-055	insufficient_evidence	I	insufficient_evidence	I	1	aligned_insufficient	可见证据缺少回答问题所必需的事实或关系。	log/agenticIterRag/260710-021433-474200-pipeline-agentic_iter_rag_v1_spad_qwen3_1_7b_glm47_formal_500_offlinebatch_260710/outputs/stages/train_agent/spad_rag/search_policy_rl/rollout_data/6.jsonl	99	f79ac12d-df82-4488-841f-4ec1a199521b	how many cards are in a uni deck?	证据不足无法作答	"The search results discuss the Universal Fighting System (UFS) deck size, which is 60 cards for standard, extended, and legacy formats, and 41 cards for turbo. The term ""uni deck"" is not explicitly defined in the provided evidence, and the evidence does not specify the number of cards in a ""uni deck"" (which could refer to a specific brand like Uno or a generic term). Therefore, the evidence is insufficient to answer the question."	"[""108""]"
I-056	insufficient_evidence	I	insufficient_evidence	I	1	aligned_insufficient	可见证据缺少回答问题所必需的事实或关系。	log/agenticIterRag/260710-021433-474200-pipeline-agentic_iter_rag_v1_spad_qwen3_1_7b_glm47_formal_500_offlinebatch_260710/outputs/stages/train_agent/spad_rag/search_policy_rl/rollout_data/5.jsonl	27	5d07a5e7-e371-47e7-9009-bd950d568a98	What is the largest lake in the country where the institution that was meant to bring stability is located?	证据不足无法作答	The evidence lists several lakes (Tarbela Lake, Chao Lake, Lake Tanganyika, Dian Lake, Loktak Lake) but does not identify the country where the institution that was meant to bring stability is located, nor does it identify the largest lake in that country.	"[""Lake Geneva""]"
I-057	insufficient_evidence	I	supported_answer	S	0	direct_relation_overlooked	No. 29 Squadron RFC 中的 RFC 已明确给出 Royal Flying Corps，正是问题所需答案。	log/agenticIterRag/260710-021433-474200-pipeline-agentic_iter_rag_v1_spad_qwen3_1_7b_glm47_formal_500_offlinebatch_260710/outputs/stages/train_agent/spad_rag/search_policy_rl/rollout_data/5.jsonl	422	fd45379a-8b7d-4439-850c-b03aa331e99d	Alfred Shepherd was posted to the squadron that was a unit of what part of the Royal Air Force?	证据不足无法作答	Document [1] states that Alfred Shepherd was posted to No. 29 Squadron RFC. The document does not explicitly state the specific part of the Royal Air Force (RAF) that No. 29 Squadron RFC belonged to, although it mentions the Royal Flying Corps (RFC). The Royal Air Force was formed in 1918, after the period of service described (1916-1917). Therefore, the evidence is insufficient to answer the question about the part of the Royal Air Force.	"[""Royal Flying Corps""]"
I-058	insufficient_evidence	I	insufficient_evidence	I	1	aligned_insufficient	可见证据缺少回答问题所必需的事实或关系。	log/agenticIterRag/260710-021433-474200-pipeline-agentic_iter_rag_v1_spad_qwen3_1_7b_glm47_formal_500_offlinebatch_260710/outputs/stages/train_agent/spad_rag/search_policy_rl/rollout_data/1.jsonl	35	6239dfcc-795b-4190-9e89-2ad63b9ba13b	When did Britain withdraw from the country that holds the village of Nuwaidrat?	证据不足无法作答	The evidence identifies Nuwaidrat as a village in Bahrain. However, the provided search results do not contain any information regarding the withdrawal of Britain from Bahrain.	"[""1971""]"
I-059	insufficient_evidence	I	insufficient_evidence	I	1	aligned_insufficient	可见证据缺少回答问题所必需的事实或关系。	log/agenticIterRag/260710-021433-474200-pipeline-agentic_iter_rag_v1_spad_qwen3_1_7b_glm47_formal_500_offlinebatch_260710/outputs/stages/train_agent/spad_rag/search_policy_rl/rollout_data/2.jsonl	54	ea0e06ab-bee0-458c-926f-5df9af53bfb4	Where was the composer of film Ozhukkinethire born?	证据不足无法作答	"The search results list several music composers (Reghu Kumar, M. Jayachandran, Pukazhenthi, Sirpy, Shaan Rahman) but do not contain any information about the film ""Ozhukkinethire"" or its composer. Therefore, the evidence is missing necessary facts."	"[""Kerala""]"
I-060	insufficient_evidence	I	insufficient_evidence	I	1	aligned_insufficient	可见证据缺少回答问题所必需的事实或关系。	log/agenticIterRag/260710-021433-474200-pipeline-agentic_iter_rag_v1_spad_qwen3_1_7b_glm47_formal_500_offlinebatch_260710/outputs/stages/train_agent/spad_rag/search_policy_rl/rollout_data/3.jsonl	15	ef0c12ab-6321-40cf-ae87-6ae6291a3647	Do Rusty Morrison and Greg Louganis share the same nationality?	证据不足无法作答	The evidence identifies Greg Louganis as an American Olympic diver and Rusty Morrison as a poet and publisher, but it does not explicitly state their nationalities.	"[""yes""]"
I-061	insufficient_evidence	I	insufficient_evidence	I	1	aligned_insufficient	可见证据缺少回答问题所必需的事实或关系。	log/agenticIterRag/260710-021433-474200-pipeline-agentic_iter_rag_v1_spad_qwen3_1_7b_glm47_formal_500_offlinebatch_260710/outputs/stages/train_agent/spad_rag/search_policy_rl/rollout_data/6.jsonl	105	a0bb0809-596f-42ff-903c-68bad479aac5	where do small shrimps hide to avoid predation?	证据不足无法作答	The provided search results discuss predation strategies, ambush predators, and specific shrimp behaviors like hiding when stressed, but do not explicitly state where small shrimps hide to avoid predation.	"[""sediment""]"
I-062	insufficient_evidence	I	insufficient_evidence	I	1	aligned_insufficient	可见证据缺少回答问题所必需的事实或关系。	log/agenticIterRag/260710-021433-474200-pipeline-agentic_iter_rag_v1_spad_qwen3_1_7b_glm47_formal_500_offlinebatch_260710/outputs/stages/train_agent/spad_rag/search_policy_rl/rollout_data/7.jsonl	43	84c8e09f-c081-4f32-90bd-3db027462f34	Are Abu Eshaq-E Olya and Khonjesht both located in the same country?	证据不足无法作答	The search results do not contain information about the locations of Abu Eshaq-E Olya or Khonjesht. The provided text discusses Khwaju Kermani, Mirza Hashem Eshkevari, Hajj Shahbazkhan Mosque, Abu'l-Hasan Bayhaqi, and Abu al-Ghazi Bahadur, but none of these entities are Abu Eshaq-E Olya or Khonjesht.	"[""yes""]"
I-063	insufficient_evidence	I	insufficient_evidence	I	1	aligned_insufficient	可见证据缺少回答问题所必需的事实或关系。	log/agenticIterRag/260710-021433-474200-pipeline-agentic_iter_rag_v1_spad_qwen3_1_7b_glm47_formal_500_offlinebatch_260710/outputs/stages/train_agent/spad_rag/search_policy_rl/rollout_data/1.jsonl	24	95aba3a5-5537-4477-94f8-b1d7ee621394	What year was the death of the monarch who was the intended audience of the First Continental Congress?	证据不足无法作答	The provided search results describe the First Continental Congress (meeting in 1774) and details about specific delegates like William Grayson and Crispus Attucks, but they do not mention the intended audience of the Congress or the death year of the monarch.	"[""1820""]"
I-064	insufficient_evidence	I	insufficient_evidence	I	1	aligned_insufficient	可见证据缺少回答问题所必需的事实或关系。	log/agenticIterRag/260710-021433-474200-pipeline-agentic_iter_rag_v1_spad_qwen3_1_7b_glm47_formal_500_offlinebatch_260710/outputs/stages/train_agent/spad_rag/search_policy_rl/rollout_data/2.jsonl	9	c84ec45e-c224-4e49-9905-467d87583e96	Which film has the director who was born first, They Never Come Back or Ilanjodigal?	证据不足无法作答	"The evidence identifies the director of ""Ilanjodigal"" as Rama Narayanan. However, the evidence does not provide the birth dates or birth years of Rama Narayanan or the director of ""They Never Come Back"". Without this information, it is impossible to determine who was born first."	"[""They Never Come Back""]"
I-065	insufficient_evidence	I	insufficient_evidence	I	1	aligned_insufficient	可见证据缺少回答问题所必需的事实或关系。	log/agenticIterRag/260710-021433-474200-pipeline-agentic_iter_rag_v1_spad_qwen3_1_7b_glm47_formal_500_offlinebatch_260710/outputs/stages/train_agent/spad_rag/search_policy_rl/rollout_data/1.jsonl	143	1a65034c-6897-45cd-9150-628d88ca380d	Do both films: Hotel Desire and Twentieth Century (film) have the directors from the same country?	证据不足无法作答	"Document 1 states that ""Hotel Desire"" is a German drama film written and directed by Sergej Moya. Document 1 also states that ""Contemporary Films"" is a UK company. Document 2 lists directors associated with Contemporary Films, including Andrzej Wajda (Poland), Milos Forman (Czechoslovakia), Ingmar Bergman (Sweden), Jean Renoir (France), Robert Bresson (France), Sergei Eisenstein (Russia), Andrei Tarkovsky (Russia), Werner Herzog (Germany), Satyajit Ray (India), Yasujirō Ozu (Japan), Nagisa Oshima (Japan), Bernardo Bertolucci (Italy), and Luis Bunuel (Spain). The evidence does not specify the director of the film ""Twentieth Century"" or the country of its director."	"[""no""]"
I-066	insufficient_evidence	I	insufficient_evidence	I	1	aligned_insufficient	可见证据缺少回答问题所必需的事实或关系。	log/agenticIterRag/260710-021433-474200-pipeline-agentic_iter_rag_v1_spad_qwen3_1_7b_glm47_formal_500_offlinebatch_260710/outputs/stages/train_agent/spad_rag/search_policy_rl/rollout_data/2.jsonl	29	75b15e4e-e71e-44e6-83fa-9a5a193078fe	Do both directors of films Hasemann'S Daughters (Film) and Day-Time Wife share the same nationality?	证据不足无法作答	"The search results do not contain information about the directors of the films ""Hasemann's Daughters"" or ""Day-Time Wife"", nor do they contain information about the nationalities of any directors. The provided text discusses ""Kohlhiesel's Daughters (1962 film)"", ""Mansion Pictures"", ""Luise Fleck"", and ""Danièle Thompson"", none of which are relevant to the specific films in the question."	"[""no""]"
I-067	insufficient_evidence	I	insufficient_evidence	I	1	aligned_insufficient	可见证据缺少回答问题所必需的事实或关系。	log/agenticIterRag/260710-021433-474200-pipeline-agentic_iter_rag_v1_spad_qwen3_1_7b_glm47_formal_500_offlinebatch_260710/outputs/stages/train_agent/spad_rag/search_policy_rl/rollout_data/6.jsonl	166	3743756d-0930-4277-a5be-388716c78e4f	When is the performer of song Tutt'Al Più 's birthday?	证据不足无法作答	"The search results for ""Tutt'Al Più birthday"" do not contain any information about the song ""Tutt'Al Più"" or its performer. The results list various people (Tuli Le'iato, Petru Fudduni, Sheikh Muhammad Rashid Bilal, Thabti, Thayaht) but none are identified as the performer of the song ""Tutt'Al Più"", nor do they provide a birthday for the song's performer."	"[""16 May 1974""]"
I-068	insufficient_evidence	I	insufficient_evidence	I	1	aligned_insufficient	可见证据缺少回答问题所必需的事实或关系。	log/agenticIterRag/260710-021433-474200-pipeline-agentic_iter_rag_v1_spad_qwen3_1_7b_glm47_formal_500_offlinebatch_260710/outputs/stages/train_agent/spad_rag/search_policy_rl/rollout_data/6.jsonl	196	05d1c5b8-78ff-491b-a3cd-4ee74c35f81e	Which film has the director who was born first, The Tiger Murder Case or Russian Meat?	证据不足无法作答	"The search results do not contain information about the directors of ""The Tiger Murder Case"" or ""Russian Meat"", nor do they contain birth dates for any individuals associated with these films. The provided text lists various people including Lyudmila Kasatkina, Vladimir Nikolayev, Yuri Tsiuman, Andrei Chikatilo, and Aleksey Sukletin, but their connection to the films in question is not established."	"[""The Tiger Murder Case""]"
I-069	insufficient_evidence	I	insufficient_evidence	I	1	aligned_insufficient	可见证据缺少回答问题所必需的事实或关系。	log/agenticIterRag/260710-021433-474200-pipeline-agentic_iter_rag_v1_spad_qwen3_1_7b_glm47_formal_500_offlinebatch_260710/outputs/stages/train_agent/spad_rag/search_policy_rl/rollout_data/1.jsonl	103	6ba254fc-d390-48b5-b191-07757ccb2ceb	Where did the pilgrims come from in the location where the Duke of York came back to?	证据不足无法作答	The search results provide information about the Pilgrims' Way, Mayflower Steps, and Pilgrims' Trail, but do not contain any information regarding the Duke of York or his return location. The evidence is missing necessary facts to answer the question.	"[""Babworth, near East Retford, Nottinghamshire"", ""Retford""]"
I-070	insufficient_evidence	I	insufficient_evidence	I	1	aligned_insufficient	可见证据缺少回答问题所必需的事实或关系。	log/agenticIterRag/260710-021433-474200-pipeline-agentic_iter_rag_v1_spad_qwen3_1_7b_glm47_formal_500_offlinebatch_260710/outputs/stages/train_agent/spad_rag/search_policy_rl/rollout_data/7.jsonl	82	d0bdaa00-3250-45a1-85ee-d96a4b2fc4f6	Are F. A. Nettelbeck and Yoshihide Fukao from the same country?	证据不足无法作答	The evidence for F. A. Nettelbeck identifies him as an American poet. The evidence for Yoshihide Fukao is missing; the search results list Tokuzo Fukuda and a hotel named Fukuzumiro, but do not provide information about Yoshihide Fukao's nationality.	"[""no""]"
I-071	insufficient_evidence	I	insufficient_evidence	I	1	aligned_insufficient	可见证据缺少回答问题所必需的事实或关系。	log/agenticIterRag/260710-021433-474200-pipeline-agentic_iter_rag_v1_spad_qwen3_1_7b_glm47_formal_500_offlinebatch_260710/outputs/stages/train_agent/spad_rag/search_policy_rl/rollout_data/1.jsonl	206	13fa905d-4906-4cd0-b3ae-554bc89e5940	Are both Dhariala Kahoon and Robati Gharbatha located in the same country?	证据不足无法作答	Document 1 states that Dhariala Kahoon is located in Chakwal District, Punjab, Pakistan. The search for Robati Gharbatha returned no results containing this specific name. The evidence for Robati Gharbatha is missing.	"[""no""]"
I-072	insufficient_evidence	I	insufficient_evidence	I	1	aligned_insufficient	可见证据缺少回答问题所必需的事实或关系。	log/agenticIterRag/260710-021433-474200-pipeline-agentic_iter_rag_v1_spad_qwen3_1_7b_glm47_formal_500_offlinebatch_260710/outputs/stages/train_agent/spad_rag/search_policy_rl/rollout_data/4.jsonl	154	ae8d7508-66cd-4b01-9e2a-e470195830b5	Besides the continent where the country that Legend of the Lost was filmed, where else did Germany have imperial interests?	证据不足无法作答	The evidence identifies the country where Legend of the Lost was filmed as Libya, which is located on the continent of Africa. However, the provided text does not contain any information regarding Germany's imperial interests or where else Germany had them.	"[""South Pacific""]"
I-073	insufficient_evidence	I	supported_answer	S	0	compositional_relation	Aristaeus 的父亲是 Apollo，检索到的 Apollo of Mantua 条目给出该雕像以 Apollo Citharoedus 为基础。	log/agenticIterRag/260710-021433-474200-pipeline-agentic_iter_rag_v1_spad_qwen3_1_7b_glm47_formal_500_offlinebatch_260710/outputs/stages/train_agent/spad_rag/search_policy_rl/rollout_data/6.jsonl	83	92a5621e-fc8d-4df7-aa2b-776c21af24ee	What is the statue of Aristaeus's father found at Mantua based on?	证据不足无法作答	The search results do not contain any information about a statue of Aristaeus's father found at Mantua or the basis for such a statue. The provided evidence discusses the Apollo of Mantua, the Dogmatic Sarcophagus, the Farnese Hercules, and Leonardo da Vinci, none of which relate to the subject of the question.	"[""Apollo Citharoedus""]"
I-074	insufficient_evidence	I	insufficient_evidence	I	1	aligned_insufficient	可见证据缺少回答问题所必需的事实或关系。	log/agenticIterRag/260710-021433-474200-pipeline-agentic_iter_rag_v1_spad_qwen3_1_7b_glm47_formal_500_offlinebatch_260710/outputs/stages/train_agent/spad_rag/search_policy_rl/rollout_data/2.jsonl	228	0b3a528d-afbf-4b4c-9249-1097a7bf1015	Phinehas is the grandson of a prophet who was the brother of who ?	证据不足无法作答	The evidence states that Phinehas was the grandson of Aaron. The text does not provide information about Aaron's siblings or who his brother was.	"[""Moses""]"
I-075	insufficient_evidence	I	insufficient_evidence	I	1	aligned_insufficient	可见证据缺少回答问题所必需的事实或关系。	log/agenticIterRag/260710-021433-474200-pipeline-agentic_iter_rag_v1_spad_qwen3_1_7b_glm47_formal_500_offlinebatch_260710/outputs/stages/train_agent/spad_rag/search_policy_rl/rollout_data/5.jsonl	22	a73ea003-1d98-4886-a872-de386b29800e	The team that employed Steve McCatty built their spring training home when?	证据不足无法作答	The evidence identifies Steve McCatty as a former pitcher for the Oakland Athletics from 1977 to 1985. It also states that the Oakland Athletics were purchased by Stephen Schott and Ken Hofmann in 1995. However, the evidence does not contain any information regarding the construction date or the year the team built their spring training home.	"[""1976""]"
I-076	insufficient_evidence	I	supported_answer	S	0	answer_granularity	证据明确说明约30名非墨西哥定居者发动叛乱；who 不强制答案必须是单个人名。	log/agenticIterRag/260710-021433-474200-pipeline-agentic_iter_rag_v1_spad_qwen3_1_7b_glm47_formal_500_offlinebatch_260710/outputs/stages/train_agent/spad_rag/search_policy_rl/rollout_data/2.jsonl	333	e7de92d6-cc39-4cf1-9b8d-049ec6762a2a	who led a small force to overthrow mexican rule in northern california?	证据不足无法作答	"Document 1 states that on June 15, 1846, some 30 non-Mexican settlers staged a revolt, seized the small Mexican garrison in Sonoma, and captured Mexican general Mariano Vallejo. It also mentions that American army captain John C. Frémont arrived with about 60 well-armed men. The question asks who led a small force to overthrow Mexican rule in northern California. The revolt was led by ""some 30 non-Mexican settlers"" and Frémont arrived later. Document 4 mentions Juan Bautista Alvarado led a coup in 1836, but this is a different event. The evidence supports the answer as the group of settlers or Frémont, but the specific leader of the small force mentioned in the context of the Bear Flag Revolt is the group of settlers. However, the question asks ""who led"", implying a singular person. The text says ""some 30 non-Mexican settlers... staged a revolt"". It does not name a specific leader of this small force, other than the group itself. The evidence is insufficient to name a specific person who led the small force."	"[""thirty-three American immigrants""]"
I-077	insufficient_evidence	I	ambiguous_evidence	A	0	entity_ambiguity	证据含 Missouri、Kentucky、Washington D.C. 等多个 Crestwood，问题没有州限定。	log/agenticIterRag/260710-021433-474200-pipeline-agentic_iter_rag_v1_spad_qwen3_1_7b_glm47_formal_500_offlinebatch_260710/outputs/stages/train_agent/spad_rag/search_policy_rl/rollout_data/1.jsonl	178	a6067ed5-5f04-436a-aa85-4cae373a3da9	Crestwood is located in which greater metropolitan area?	证据不足无法作答	The search results provide information for multiple places named Crestwood: Missouri, Kentucky, Washington D.C., and Illinois. The evidence for Missouri states it is part of the Metropolitan Statistical Area known as Greater St. Louis. The evidence for Kentucky does not specify a greater metropolitan area, and the evidence for Washington D.C. and Illinois is incomplete regarding the specific metropolitan area.	"[""Greater St. Louis""]"
I-078	insufficient_evidence	I	insufficient_evidence	I	1	aligned_insufficient	可见证据缺少回答问题所必需的事实或关系。	log/agenticIterRag/260710-021433-474200-pipeline-agentic_iter_rag_v1_spad_qwen3_1_7b_glm47_formal_500_offlinebatch_260710/outputs/stages/train_agent/spad_rag/search_policy_rl/rollout_data/6.jsonl	48	57c60107-51a7-4083-b68b-1503d47159ea	what is the highest score in the nfl?	证据不足无法作答	Document [1] states that the 2018 Los Angeles Rams season included a game that was the third highest scoring game in NFL history with a combined 105 points. Document [3] mentions the greatest margin of victory at the professional level was 73-0 in the 1940 NFL Championship Game, but does not state the total combined score. Document [2] lists the most points by both teams as 107 in 2004, but the context is the Pro Bowl, not a regular season or playoff game.	"[""72–41""]"
I-079	insufficient_evidence	I	insufficient_evidence	I	1	aligned_insufficient	可见证据缺少回答问题所必需的事实或关系。	log/agenticIterRag/260710-021433-474200-pipeline-agentic_iter_rag_v1_spad_qwen3_1_7b_glm47_formal_500_offlinebatch_260710/outputs/stages/train_agent/spad_rag/search_policy_rl/rollout_data/6.jsonl	9	6b53c309-7376-4b24-91e7-ff23eb752267	Do director of film The Devil To Pay! and director of film Daughter Of The Jungle share the same nationality?	证据不足无法作答	"The evidence identifies the director of ""The Devil to Pay!"" as George Fitzmaurice and the director of ""Daughter of the Jungle"" as George Blair. However, the provided text does not contain the nationalities of either George Fitzmaurice or George Blair."	"[""no""]"
I-080	insufficient_evidence	I	supported_answer	S	0	direct_evidence_overlooked	问题需要组织名，长期 RCA 合同已足以唯一识别 RCA Victor；无需再次证明题干给出的 44 年。	log/agenticIterRag/260710-021433-474200-pipeline-agentic_iter_rag_v1_spad_qwen3_1_7b_glm47_formal_500_offlinebatch_260710/outputs/stages/train_agent/spad_rag/search_policy_rl/rollout_data/4.jsonl	91	e2eee5a7-53b0-4d29-9a43-1b12575a1f93	"""I Think I Love You"" is a song composed by songwriter Tony Romeo in 1970, there have also been many other cover versions of this song, most notably, Perry Como, he was an American singer and television personality, during a career spanning more than half a century, he recorded exclusively for which organization, for 44 years?"	证据不足无法作答	Document [4] states that Perry Como signed a 10-year extension of his RCA contract in 1979. The question asks for the organization he recorded exclusively for over 44 years. While the document confirms his long-term association with RCA, it does not explicitly state the total duration of 44 years or the exact start date of his career with the organization, making the specific number of years difficult to verify solely from the provided text.	"[""RCA Victor""]"
I-081	insufficient_evidence	I	insufficient_evidence	I	1	aligned_insufficient	可见证据缺少回答问题所必需的事实或关系。	log/agenticIterRag/260710-021433-474200-pipeline-agentic_iter_rag_v1_spad_qwen3_1_7b_glm47_formal_500_offlinebatch_260710/outputs/stages/train_agent/spad_rag/search_policy_rl/rollout_data/6.jsonl	109	60b2907c-a4d4-4362-a748-3c50ac7155b6	When was the director of film Richie Rich (Film) born?	证据不足无法作答	The search results identify Donald Petrie as the director of the 1994 film Richie Rich. However, the provided evidence does not contain the birth date of Donald Petrie.	"[""April 2, 1954""]"
I-082	insufficient_evidence	I	insufficient_evidence	I	1	aligned_insufficient	可见证据缺少回答问题所必需的事实或关系。	log/agenticIterRag/260710-021433-474200-pipeline-agentic_iter_rag_v1_spad_qwen3_1_7b_glm47_formal_500_offlinebatch_260710/outputs/stages/train_agent/spad_rag/search_policy_rl/rollout_data/1.jsonl	265	5222c77e-0be1-4bf2-8291-6314635ff926	Which country the director of film Jaane Jigar is from?	证据不足无法作答	"The search results do not contain information about a film titled ""Jaane Jigar"". The results list ""Jigariyaa"", ""Jaane Tu... Ya Jaane Na"", ""Jigar"", ""Jaane Kahan Se Aayi Hai"", and ""Jaane Bhi Do Yaaro"", but none match the query."	"[""Pakistan""]"
I-083	insufficient_evidence	I	insufficient_evidence	I	1	aligned_insufficient	可见证据缺少回答问题所必需的事实或关系。	log/agenticIterRag/260710-021433-474200-pipeline-agentic_iter_rag_v1_spad_qwen3_1_7b_glm47_formal_500_offlinebatch_260710/outputs/stages/train_agent/spad_rag/search_policy_rl/rollout_data/4.jsonl	68	4b000f81-0204-40a3-b7b7-729de3cf4679	What is the date of death of the director of film Just The Way You Are (1984 Film)?	证据不足无法作答	"The search results identify the director of the 1984 film ""Just the Way You Are"" as Édouard Molinaro. However, the provided evidence does not contain the date of death for Édouard Molinaro."	"[""7 December 2013""]"
I-084	insufficient_evidence	I	ambiguous_evidence	A	0	title_ambiguity	误引标题同时接近 Wake Me Up 和 Wake Me Up Before You Go-Go，现有证据不能唯一选择表演者。	log/agenticIterRag/260710-021433-474200-pipeline-agentic_iter_rag_v1_spad_qwen3_1_7b_glm47_formal_500_offlinebatch_260710/outputs/stages/train_agent/spad_rag/search_policy_rl/rollout_data/7.jsonl	174	e722cd1a-4845-4301-b8a1-d1c4821ce1ec	who sings wake me up before its over?	证据不足无法作答	"The search results show a song titled ""Wake Me Up (Avicii song)"" by Swedish DJ Avicii, and another titled ""Wake Me Up Before You Go-Go"" by Wham!. The query asks ""who sings wake me up before its over"", which does not match the exact title of any song in the results. The evidence is insufficient to answer the specific question."	"[""Aloe Blacc""]"
I-085	insufficient_evidence	I	insufficient_evidence	I	1	aligned_insufficient	可见证据缺少回答问题所必需的事实或关系。	log/agenticIterRag/260710-021433-474200-pipeline-agentic_iter_rag_v1_spad_qwen3_1_7b_glm47_formal_500_offlinebatch_260710/outputs/stages/train_agent/spad_rag/search_policy_rl/rollout_data/6.jsonl	159	34c71dbd-50b7-49ba-ba54-90c25f87accc	What type of job do both Diane Keaton and Jennifer Dundas have in common?	证据不足无法作答	The search results provide information about Diane Keaton's career, including her work as an actress, director, and producer, and her association with Woody Allen. However, the search results do not contain any information about Jennifer Dundas, her profession, or any commonalities between her and Diane Keaton.	"[""actress""]"
I-086	insufficient_evidence	I	supported_answer	S	0	shared_medium_inference	Lip Service 被明确描述为 television serial，Ruta Gedmintas 又出演该剧，二者共同媒介可确定为 television。	log/agenticIterRag/260710-021433-474200-pipeline-agentic_iter_rag_v1_spad_qwen3_1_7b_glm47_formal_500_offlinebatch_260710/outputs/stages/train_agent/spad_rag/search_policy_rl/rollout_data/5.jsonl	159	82dde96e-d0ef-45f5-811e-8f04a176244d	What type of communication medium does Lip Service and Ruta Gedmintas have in common?	证据不足无法作答	The evidence states that Lip Service is a British television serial drama that debuted on BBC Three, and Ruta Gedmintas starred as Frankie in BBC Three's Lip Service. The evidence does not explicitly state the communication medium of Ruta Gedmintas herself, but it links her to the television series Lip Service.	"[""television""]"
I-087	insufficient_evidence	I	insufficient_evidence	I	1	aligned_insufficient	可见证据缺少回答问题所必需的事实或关系。	log/agenticIterRag/260710-021433-474200-pipeline-agentic_iter_rag_v1_spad_qwen3_1_7b_glm47_formal_500_offlinebatch_260710/outputs/stages/train_agent/spad_rag/search_policy_rl/rollout_data/5.jsonl	36	690fbe82-95d8-4c6c-80fe-5c444542346e	Who helped resolve the dispute between Virginia and the state where Elk Landing is?	证据不足无法作答	The search results do not contain any information about a dispute between Virginia and the state where Elk Landing is located, nor do they mention who helped resolve such a dispute.	"[""William R. Day""]"
I-088	insufficient_evidence	I	insufficient_evidence	I	1	aligned_insufficient	可见证据缺少回答问题所必需的事实或关系。	log/agenticIterRag/260710-021433-474200-pipeline-agentic_iter_rag_v1_spad_qwen3_1_7b_glm47_formal_500_offlinebatch_260710/outputs/stages/train_agent/spad_rag/search_policy_rl/rollout_data/1.jsonl	50	fb3076ec-0ae9-4e0d-a9ee-df126d4be4c5	Who was born first, Gavriil Antonovich Katakazi or Hans-Henrik Krause?	证据不足无法作答	The evidence provides the birth date of Gavriil Antonovich Katakazi as 17 July 1794. It does not provide a birth date for Hans-Henrik Krause.	"[""Gavriil Antonovich Katakazi""]"
I-089	insufficient_evidence	I	insufficient_evidence	I	1	aligned_insufficient	可见证据缺少回答问题所必需的事实或关系。	log/agenticIterRag/260710-021433-474200-pipeline-agentic_iter_rag_v1_spad_qwen3_1_7b_glm47_formal_500_offlinebatch_260710/outputs/stages/train_agent/spad_rag/search_policy_rl/rollout_data/2.jsonl	25	b3f12b97-4b33-40db-a018-12a5debd606a	What is the nationality of the host of Melbourne Weekender?	证据不足无法作答	The evidence identifies the host of Melbourne Weekender as Cameron Ling. However, the provided text does not contain information regarding Cameron Ling's nationality.	"[""Australian""]"
I-090	insufficient_evidence	I	insufficient_evidence	I	1	aligned_insufficient	可见证据缺少回答问题所必需的事实或关系。	log/agenticIterRag/260710-021433-474200-pipeline-agentic_iter_rag_v1_spad_qwen3_1_7b_glm47_formal_500_offlinebatch_260710/outputs/stages/train_agent/spad_rag/search_policy_rl/rollout_data/1.jsonl	302	65ded171-0e1d-40ef-83a7-5715abed9d6a	What 1988 American Band from California did Black Steel support in 2006?	证据不足无法作答	The search results identify Black Steel as an Australian heavy metal band, not an American band. The evidence lists their 2006 support for Zakk Wylde's Black Label Society, but Black Label Society is an American band formed in Los Angeles, California, which matches the 'American Band from California' criteria. However, the question asks what American Band Black Steel supported, implying the subject of the support is the American band. The evidence states Black Steel supported Zakk Wylde's Black Label Society in 2006.	"[""Black Label Society""]"
I-091	insufficient_evidence	I	insufficient_evidence	I	1	aligned_insufficient	可见证据缺少回答问题所必需的事实或关系。	log/agenticIterRag/260710-021433-474200-pipeline-agentic_iter_rag_v1_spad_qwen3_1_7b_glm47_formal_500_offlinebatch_260710/outputs/stages/train_agent/spad_rag/search_policy_rl/rollout_data/5.jsonl	14	849f18ea-d95d-4165-97cc-dd46ebb18abe	When did the performer of song Peace In Mississippi die?	证据不足无法作答	"Document [3] states that Mississippi John Hurt died on November 2, 1966. Document [4] identifies the performer of ""Peace in Mississippi"" as Jimi Hendrix, not Mississippi John Hurt. Therefore, the evidence for the death date of the performer of ""Peace in Mississippi"" is missing."	"[""September 18, 1970""]"
I-092	insufficient_evidence	I	insufficient_evidence	I	1	aligned_insufficient	可见证据缺少回答问题所必需的事实或关系。	log/agenticIterRag/260710-021433-474200-pipeline-agentic_iter_rag_v1_spad_qwen3_1_7b_glm47_formal_500_offlinebatch_260710/outputs/stages/train_agent/spad_rag/search_policy_rl/rollout_data/4.jsonl	44	61e80aec-b34f-4c75-ba9f-c836e99088d5	Elymus and Nicandra, are types of what?	证据不足无法作答	"The search results provide information for Nicandra, identifying it as a monotypic genus of flowering plants in the nightshade family. However, the search results for Elymus only contain a section titled ""Elymus (mythology)"" describing a figure from Greek mythology, not a plant. Therefore, the evidence is insufficient to determine the type of Elymus."	"[""plants""]"
I-093	insufficient_evidence	I	insufficient_evidence	I	1	aligned_insufficient	可见证据缺少回答问题所必需的事实或关系。	log/agenticIterRag/260710-021433-474200-pipeline-agentic_iter_rag_v1_spad_qwen3_1_7b_glm47_formal_500_offlinebatch_260710/outputs/stages/train_agent/spad_rag/search_policy_rl/rollout_data/7.jsonl	89	f8486661-a6e3-43e0-ab71-eda2878321b4	Who is the Pakistani international cricketer who bowls fast left arm and also stars in Dil-e-Beqarar, a romantic television drama?	证据不足无法作答	The evidence for doc-1 and doc-3 identifies Zia-ul-Haq as a Pakistani fast bowler who is a left arm fast medium bowler, and identifies Junaid Khan as a star of the romantic television drama Dil-e-Beqarar. However, the evidence does not state that Zia-ul-Haq stars in Dil-e-Beqarar. The evidence for doc-4 identifies Sohail Tanvir as a Pakistani cricketer with an unorthodox left arm bowling action, but does not mention his involvement in Dil-e-Beqarar.	"[""Junaid Khan""]"
I-094	insufficient_evidence	I	insufficient_evidence	I	1	aligned_insufficient	可见证据缺少回答问题所必需的事实或关系。	log/agenticIterRag/260710-021433-474200-pipeline-agentic_iter_rag_v1_spad_qwen3_1_7b_glm47_formal_500_offlinebatch_260710/outputs/stages/train_agent/spad_rag/search_policy_rl/rollout_data/2.jsonl	102	48ac8513-e8e2-481f-af24-e432ab0c4b9e	"When did the cleveland rams move to the city where the subject of ""Heaven Adores You"" died?"	证据不足无法作答	"The evidence identifies the subject of ""Heaven Adores You"" as Elliott Smith, who died in 2003. The evidence does not contain information about the Cleveland Rams' relocation history or the city they moved to."	"[""1946""]"
I-095	insufficient_evidence	I	supported_answer	S	0	temporal_inference	证据通过 2015 语境中的 previous year's edition 指向 2014，可确定最近一次夺冠年份。	log/agenticIterRag/260710-021433-474200-pipeline-agentic_iter_rag_v1_spad_qwen3_1_7b_glm47_formal_500_offlinebatch_260710/outputs/stages/train_agent/spad_rag/search_policy_rl/rollout_data/3.jsonl	206	e0d27b17-abe1-4684-8d1f-f70d6b609f67	when was the last time real madrid won copa del rey?	证据不足无法作答	The evidence mentions Real Madrid's most recent victory in the Copa del Rey was in 2011, and their most recent final was in 2015. However, the text does not explicitly state the result of the 2015 final, only that Barcelona had lost to Real Madrid in the previous year's edition. Therefore, the specific year of the most recent win is not definitively confirmed in the provided text.	"[""2013–14""]"
I-096	insufficient_evidence	I	insufficient_evidence	I	1	aligned_insufficient	可见证据缺少回答问题所必需的事实或关系。	log/agenticIterRag/260710-021433-474200-pipeline-agentic_iter_rag_v1_spad_qwen3_1_7b_glm47_formal_500_offlinebatch_260710/outputs/stages/train_agent/spad_rag/search_policy_rl/rollout_data/1.jsonl	160	f5ade199-0ee0-41c0-a8be-a0d42533a54a	In 2018, who was elected mayor of the city which was Mythbusters' narrative location?	证据不足无法作答	The evidence identifies the city as Fort Grey, California, based on the description of Courtney Rose running for mayor of his hometown there. However, the provided text does not contain information about the 2018 mayoral election results or the name of the person elected in that year.	"[""former Acting Mayor London Breed"", ""London Breed""]"
I-097	insufficient_evidence	I	insufficient_evidence	I	1	aligned_insufficient	可见证据缺少回答问题所必需的事实或关系。	log/agenticIterRag/260710-021433-474200-pipeline-agentic_iter_rag_v1_spad_qwen3_1_7b_glm47_formal_500_offlinebatch_260710/outputs/stages/train_agent/spad_rag/search_policy_rl/rollout_data/5.jsonl	101	7ed7e4b3-a27b-45da-9e4f-810e546ba379	when do they get joey back in the following?	证据不足无法作答	The provided search results discuss the TV series 'Joey' and a character named 'Joey Buchanan', but none of the evidence mentions a character named 'Joey' being returned or retrieved.	"[""13""]"
I-098	insufficient_evidence	I	insufficient_evidence	I	1	aligned_insufficient	可见证据缺少回答问题所必需的事实或关系。	log/agenticIterRag/260710-021433-474200-pipeline-agentic_iter_rag_v1_spad_qwen3_1_7b_glm47_formal_500_offlinebatch_260710/outputs/stages/train_agent/spad_rag/search_policy_rl/rollout_data/6.jsonl	33	6c269721-0f15-4c5c-8149-e5c314813f5a	Are Richard Philipp and Francisco Arce from the same country?	证据不足无法作答	The search results do not contain information about Richard Philipp or Francisco Arce. The provided evidence lists other individuals with similar names, such as Juan Bautista Avalle-Arce, Martín Vasquez de Arce, Francisco Arce Montes, Philipp Mainländer, and Manuel José Arce, but none of them are the specific individuals asked about.	"[""no""]"
I-099	insufficient_evidence	I	insufficient_evidence	I	1	aligned_insufficient	可见证据缺少回答问题所必需的事实或关系。	log/agenticIterRag/260710-021433-474200-pipeline-agentic_iter_rag_v1_spad_qwen3_1_7b_glm47_formal_500_offlinebatch_260710/outputs/stages/train_agent/spad_rag/search_policy_rl/rollout_data/5.jsonl	16	fd4d7915-48a1-4ede-8a25-bb83e4473fe5	Which country Emma Snowsill's husband is from?	证据不足无法作答	Document 1 explicitly states that Emma Snowsill is married to Jan Frodeno, who is the 2008 Olympic champion in men's triathlon. While the text identifies him as her husband, it does not explicitly state his country of origin.	"[""German""]"
I-100	insufficient_evidence	I	insufficient_evidence	I	1	aligned_insufficient	可见证据缺少回答问题所必需的事实或关系。	log/agenticIterRag/260710-021433-474200-pipeline-agentic_iter_rag_v1_spad_qwen3_1_7b_glm47_formal_500_offlinebatch_260710/outputs/stages/train_agent/spad_rag/search_policy_rl/rollout_data/1.jsonl	17	88409079-db38-4c63-8aa4-62dc1fd1a8b5	What position was it that the religious figure who said those who live by the sword die by the sword was the Son of God?	证据不足无法作答	The evidence identifies the religious figure as Jesus, who is the Son of God, based on the Gospel of Matthew. However, the provided text does not state the specific position or title held by Jesus.	"[""the Arian position"", ""Arianism""]"
A-001	ambiguous_evidence	A	supported_answer	S	0	compatible_specificity	political documentary 与 visual nonstory documentary 都是 documentary 的细分类，不是互斥候选答案。	log/agenticIterRag/260710-021433-474200-pipeline-agentic_iter_rag_v1_spad_qwen3_1_7b_glm47_formal_500_offlinebatch_260710/outputs/stages/train_agent/spad_rag/search_policy_rl/rollout_data/1.jsonl	20	ab0ca3b6-e363-4e7a-927c-9c73f3d44caa	Fear of a Black Republican And Castro Street are what genre of film?	证据不足无法作答	"The evidence identifies ""Fear of a Black Republican"" as an American independent political documentary and ""Castro Street"" as a visual nonstory documentary film. The question asks for the genre of film for both, but the evidence does not provide a single genre classification that applies to both films."	"[""documentary""]"
A-002	ambiguous_evidence	A	insufficient_evidence	I	0	missing_fact	证据只描述若干跳舞场景，没有给出问题所需的唯一舞种或特定事件限定。	log/agenticIterRag/260710-021433-474200-pipeline-agentic_iter_rag_v1_spad_qwen3_1_7b_glm47_formal_500_offlinebatch_260710/outputs/stages/train_agent/spad_rag/search_policy_rl/rollout_data/1.jsonl	108	07c75140-2c03-458a-a86d-259063e2a35b	what dance do they do in vampire diaries?	证据不足无法作答	"The search results provide specific episodes and scenes involving dancing in The Vampire Diaries, such as a scene in ""Memory Lane"" where Katherine and Stefan dance at a Founder's party, a ""dance-like-no-one's-watching sequence"" for Damon and Vicki, and a reference to ""The Last Dance"" episode. However, the evidence does not specify a single, universal dance style performed throughout the series."	"[""1980s decade dance""]"
A-003	ambiguous_evidence	A	ambiguous_evidence	A	1	aligned_ambiguous	可见证据在同一问题谓词下支持多个互不兼容的候选答案。	log/agenticIterRag/260710-021433-474200-pipeline-agentic_iter_rag_v1_spad_qwen3_1_7b_glm47_formal_500_offlinebatch_260710/outputs/stages/train_agent/spad_rag/search_policy_rl/rollout_data/1.jsonl	144	1e31ce06-ff59-4d44-9bf9-2a5d598c1e1a	when did the t mobile sidekick come out?	November 5, 2007, November 7, 2007, May 13, 2009	The evidence mentions the Danger Hiptop was first released on November 5, 2007, through Telstra in Australia, and the T-Mobile USA release followed on November 7, 2007. It also mentions the Sidekick 2009 edition was released on May 13, 2009.	"[""2002""]"
A-004	ambiguous_evidence	A	ambiguous_evidence	A	1	aligned_ambiguous	可见证据在同一问题谓词下支持多个互不兼容的候选答案。	log/agenticIterRag/260710-021433-474200-pipeline-agentic_iter_rag_v1_spad_qwen3_1_7b_glm47_formal_500_offlinebatch_260710/outputs/stages/train_agent/spad_rag/search_policy_rl/rollout_data/1.jsonl	176	a6067ed5-5f04-436a-aa85-4cae373a3da9	Crestwood is located in which greater metropolitan area?	证据不足无法作答	"The search results provide information for multiple places named Crestwood, including Crestwood, Missouri, Crestwood, Kentucky, and Crestwood (Washington, D.C.). The evidence for Crestwood, Missouri explicitly states it is part of the Metropolitan Statistical Area known as Greater St. Louis. The evidence for Crestwood, Kentucky mentions it is just outside Louisville. The evidence for Crestwood (Washington, D.C.) describes it as a neighborhood in Washington, D.C. without explicitly naming a greater metropolitan area. The question asks for the greater metropolitan area of ""Crestwood"" without specifying the state. Since there are multiple places named Crestwood with different metropolitan areas, the evidence is ambiguous."	"[""Greater St. Louis""]"
A-005	ambiguous_evidence	A	ambiguous_evidence	A	1	aligned_ambiguous	可见证据在同一问题谓词下支持多个互不兼容的候选答案。	log/agenticIterRag/260710-021433-474200-pipeline-agentic_iter_rag_v1_spad_qwen3_1_7b_glm47_formal_500_offlinebatch_260710/outputs/stages/train_agent/spad_rag/search_policy_rl/rollout_data/1.jsonl	250	30e754ff-16ba-4690-8db6-a946d07f63fb	how many rides are in six flags california?	证据不足无法作答	"The search results identify ""Six Flags Magic Mountain"" as a theme park located in Valencia, California, and state it has 19 roller coasters. The question asks for the number of rides in ""Six Flags California,"" which is ambiguous. ""Six Flags California"" could refer to Six Flags Magic Mountain, Six Flags Discovery Kingdom, or potentially other Six Flags parks in California. The evidence provides the number of roller coasters for Magic Mountain (19) but does not provide a total number of rides for any specific park, nor does it clarify if ""Six Flags California"" refers to a specific park or a collection of parks."	"[""43""]"
A-006	ambiguous_evidence	A	supported_answer	S	0	predicate_specificity	3.5 billion years 明确对应已知最早的化石化原核生物；约40亿年描述的是更宽泛的最早生命祖先。	log/agenticIterRag/260710-021433-474200-pipeline-agentic_iter_rag_v1_spad_qwen3_1_7b_glm47_formal_500_offlinebatch_260710/outputs/stages/train_agent/spad_rag/search_policy_rl/rollout_data/2.jsonl	47	817939b9-a192-4de9-91d2-437ccfadec51	when did prokaryotic cells first appear on earth?	3.5 billion years ago or 4 billion years ago	The evidence provides conflicting timelines for the first appearance of prokaryotic cells. Doc-1 states the oldest known fossilized prokaryotes were laid down approximately 3.5 billion years ago. However, Doc-2 and Doc-4 state that the ancestors of modern bacteria were the first forms of life to appear on Earth, about 4 billion years ago. Doc-5 also states that prokaryotic cells were the first form of life on Earth, but does not provide a specific date.	"[""approximately 3.5 billion years ago""]"
A-007	ambiguous_evidence	A	ambiguous_evidence	A	1	aligned_ambiguous	可见证据在同一问题谓词下支持多个互不兼容的候选答案。	log/agenticIterRag/260710-021433-474200-pipeline-agentic_iter_rag_v1_spad_qwen3_1_7b_glm47_formal_500_offlinebatch_260710/outputs/stages/train_agent/spad_rag/search_policy_rl/rollout_data/2.jsonl	83	71552ce9-763e-4655-94c2-0ce1180eb779	who played 2nd base for boston red sox?	Mark Bellhorn, Brock Holt, Carlos Febles	The evidence identifies Mark Bellhorn as the starting second baseman for the Boston Red Sox during the 2004 World Series championship season. It also mentions Brock Holt as a current second baseman for the Boston Red Sox, and Carlos Febles as a former second baseman who is now a coach for the team. This indicates multiple players have played the position, making the answer ambiguous.	"[""Dustin Luis Pedroia""]"
A-008	ambiguous_evidence	A	supported_answer	S	0	temporal_granularity	1997 是首次引入，2002 是成为固定节目；两个日期对应不同谓词，所问 start 可由 1997 唯一回答。	log/agenticIterRag/260710-021433-474200-pipeline-agentic_iter_rag_v1_spad_qwen3_1_7b_glm47_formal_500_offlinebatch_260710/outputs/stages/train_agent/spad_rag/search_policy_rl/rollout_data/2.jsonl	127	26ef7f3f-f263-4322-8aba-f10cd76e8672	when did red sox start playing sweet caroline?	1997	Document 1 states the song has been played at Fenway Park since at least 1997. Document 4 states the song was first introduced to Fenway Park in 1997. Document 5 states it has been a regular part of the program since 2002.	"[""at least 1997""]"
A-009	ambiguous_evidence	A	supported_answer	S	0	predicate_mismatch	Islamic Jihad Organization claimed responsibility；Hezbollah carried out 是不同关系，不构成 claimed 的竞争答案。	log/agenticIterRag/260710-021433-474200-pipeline-agentic_iter_rag_v1_spad_qwen3_1_7b_glm47_formal_500_offlinebatch_260710/outputs/stages/train_agent/spad_rag/search_policy_rl/rollout_data/2.jsonl	175	beace859-ab48-40de-b036-4a95d981a096	who claimed responsibility for the bombing of the embassy in beirut?	证据不足无法作答	Document 2 states that a pro-Iranian group calling itself the Islamic Jihad Organization took responsibility for the bombing in a telephone call immediately after the blast. Document 5 states that a U.S. District Court determined the bombing was carried out by the militant group Hezbollah with the approval and financing of senior Iranian officials.	"[""Islamic Jihad Organization""]"
A-010	ambiguous_evidence	A	supported_answer	S	0	event_disambiguation	证据把所问推翻墨西哥统治的行动对应到约30名非墨西哥定居者；Fremont 后来抵达、Alvarado 是另一事件。	log/agenticIterRag/260710-021433-474200-pipeline-agentic_iter_rag_v1_spad_qwen3_1_7b_glm47_formal_500_offlinebatch_260710/outputs/stages/train_agent/spad_rag/search_policy_rl/rollout_data/2.jsonl	205	e7de92d6-cc39-4cf1-9b8d-049ec6762a2a	who led a small force to overthrow mexican rule in northern california?	John C. Frémont and the settlers	Document 1 states that on June 15, 1846, some 30 non-Mexican settlers staged a revolt, seized the small Mexican garrison in Sonoma, and captured Mexican general Mariano Vallejo. It also mentions that American army captain John C. Frémont arrived with about 60 well-armed men. Document 4 mentions Juan Bautista Alvarado led a coup in 1836, but this is a different event. The question asks who led a small force to overthrow Mexican rule in northern California, and the evidence points to the group of settlers and Frémont.	"[""thirty-three American immigrants""]"
A-011	ambiguous_evidence	A	supported_answer	S	0	predicate_mismatch	Granville Woods 的 Multiplex Telegraph 明确用于车站与行驶列车通信；其他发明回答的是铁路信号或一般电报。	log/agenticIterRag/260710-021433-474200-pipeline-agentic_iter_rag_v1_spad_qwen3_1_7b_glm47_formal_500_offlinebatch_260710/outputs/stages/train_agent/spad_rag/search_policy_rl/rollout_data/2.jsonl	279	77b0fa2f-2473-4183-ab17-6ff2c06c0c23	who invented the train to station communication system?	Granville Woods, William Robinson, Thomas Edison, Nathan Stubblefield, William Fothergill Cooke, Charles Wheatstone, Samuel Morse	Document 5 states that Granville Woods invented the Multiplex Telegraph, a device that sent messages between train stations and moving trains. Document 1 mentions William Robinson invented the first track circuit used in railway signaling. Document 3 mentions Thomas Edison and Nathan Stubblefield working on induction transmission systems for trains. Document 2 and 4 mention Cooke and Wheatstone, and Morse, who developed the electrical telegraph used on railways.	"[""Granville Tailer Woods""]"
A-012	ambiguous_evidence	A	supported_answer	S	0	temporal_scope	最后一次 Firefall 和停止命令都明确在 1968 年 1 月；1969 是更宽泛的行政叙述，不是同一事件的竞争日期。	log/agenticIterRag/260710-021433-474200-pipeline-agentic_iter_rag_v1_spad_qwen3_1_7b_glm47_formal_500_offlinebatch_260710/outputs/stages/train_agent/spad_rag/search_policy_rl/rollout_data/2.jsonl	468	8f2e0202-ffb9-422c-be61-c0a9230ee40d	when did the fire falls stop in yosemite?	Thursday, January 25, 1968	The evidence states that the last Firefall occurred on Thursday, January 25, 1968, and the National Park Service ordered it to stop in January 1968. The Park Service also stopped the practice in 1969 as part of a process to de-emphasize artificial attractions.	"[""January 1968""]"
A-013	ambiguous_evidence	A	insufficient_evidence	I	0	missing_entity_evidence	该轮可见 passage 未可靠提供 Say Anything 的实体事实；缺一侧比较依据属于证据不足，不是多个答案。	log/agenticIterRag/260710-021433-474200-pipeline-agentic_iter_rag_v1_spad_qwen3_1_7b_glm47_formal_500_offlinebatch_260710/outputs/stages/train_agent/spad_rag/search_policy_rl/rollout_data/2.jsonl	505	98c89766-9c13-4725-bf00-bd563c320385	Are Lynda Thomas and Say Anything both bands?	Lynda Thomas is a musician, Say Anything is a band	Document 1 describes Lynda Thomas as a Mexican musician, singer and songwriter, confirming she is a musician, not a band. Document 1 also describes Say Anything as a music group, confirming it is a band. The evidence supports the classification of both as musical acts, but Lynda Thomas is an individual and Say Anything is a group.	"[""no""]"
A-014	ambiguous_evidence	A	supported_answer	S	0	temporal_granularity	986、约1000年和 late 10th century 是兼容的时间粒度，共同支持十世纪末这一答案。	log/agenticIterRag/260710-021433-474200-pipeline-agentic_iter_rag_v1_spad_qwen3_1_7b_glm47_formal_500_offlinebatch_260710/outputs/stages/train_agent/spad_rag/search_policy_rl/rollout_data/3.jsonl	25	fe2ce6a0-d8f2-47f0-9218-154ea18caf11	when did the vikings come to north america?	about 986 or ca. 1000	Document 1 states that in about 986, the Norwegian Vikings Bjarni Herjólfsson, Leif Ericson and Þórfinnr Karlsefni from Greenland reached North America. Document 4 states that Leif Erikson first landed in ca. 1000. Document 2 states the Norse colonization began in the late 10th century AD.	"[""late 10th century AD""]"
A-015	ambiguous_evidence	A	insufficient_evidence	I	0	undefined_measure	证据给出消费量和多数吸烟者所在地区，但没有定义或直接测量 most popular，不能据此制造多个候选答案。	log/agenticIterRag/260710-021433-474200-pipeline-agentic_iter_rag_v1_spad_qwen3_1_7b_glm47_formal_500_offlinebatch_260710/outputs/stages/train_agent/spad_rag/search_policy_rl/rollout_data/3.jsonl	35	5a7926b0-5e8f-46f0-9199-f8a8335d5ca0	where is smoking most popular in the world?	developing countries	The evidence states that tobacco smoking is practiced by over one billion people globally, with the majority in developing countries. It also notes that Russia leads as the top consumer of tobacco, followed by Indonesia, Laos, Ukraine, Belarus, Greece, Jordan, and China. The evidence does not specify a single location where smoking is most popular.	"[""Montenegro""]"
A-016	ambiguous_evidence	A	ambiguous_evidence	A	1	aligned_ambiguous	可见证据在同一问题谓词下支持多个互不兼容的候选答案。	log/agenticIterRag/260710-021433-474200-pipeline-agentic_iter_rag_v1_spad_qwen3_1_7b_glm47_formal_500_offlinebatch_260710/outputs/stages/train_agent/spad_rag/search_policy_rl/rollout_data/3.jsonl	55	2f072842-0204-4247-aecb-a35e8cdabf2e	who did jessie belong to in toy story?	Emily or Al	The evidence states that Jessie was outgrown and abandoned by her owner Emily when Emily grew into her adolescence. It also mentions she was later owned by Al.	"[""Emily""]"
A-017	ambiguous_evidence	A	ambiguous_evidence	A	1	aligned_ambiguous	可见证据在同一问题谓词下支持多个互不兼容的候选答案。	log/agenticIterRag/260710-021433-474200-pipeline-agentic_iter_rag_v1_spad_qwen3_1_7b_glm47_formal_500_offlinebatch_260710/outputs/stages/train_agent/spad_rag/search_policy_rl/rollout_data/3.jsonl	74	9ae73f1c-4be9-4d40-a6fc-60127e23ff41	when did the nes released in the us?	18 October 1985 or 1986	Document 1 states the NES was released on 18 October 1985 in the US. Document 2 states the NES was launched in test markets in 1985 and fully throughout the US in 1986. The evidence contains conflicting dates for the US release.	"[""1985""]"
A-018	ambiguous_evidence	A	insufficient_evidence	I	0	entity_mismatch	问题所指丈夫是 Alexander Hamilton，证据却围绕 William S. Hamilton；其多个死因不属于目标实体。	log/agenticIterRag/260710-021433-474200-pipeline-agentic_iter_rag_v1_spad_qwen3_1_7b_glm47_formal_500_offlinebatch_260710/outputs/stages/train_agent/spad_rag/search_policy_rl/rollout_data/3.jsonl	260	fccbd9a3-41f0-4b20-b02a-5cd6cf61d3f1	What is the cause of death of Elizabeth Schuyler Hamilton's husband?	spinal exhaustion terminating in paralysis superinduced by great bodily and mental strain; mountain fever, most likely cholera during an 1850 epidemic	"The evidence states that William S. Hamilton, the husband of Elizabeth Schuyler Hamilton, died in Sacramento, California on October 9, 1850. The text provides two conflicting causes of death: ""spinal exhaustion terminating in paralysis superinduced by great bodily and mental strain"" and ""mountain fever, most likely cholera during an 1850 epidemic."""	"[""shot""]"
A-019	ambiguous_evidence	A	ambiguous_evidence	A	1	aligned_ambiguous	可见证据在同一问题谓词下支持多个互不兼容的候选答案。	log/agenticIterRag/260710-021433-474200-pipeline-agentic_iter_rag_v1_spad_qwen3_1_7b_glm47_formal_500_offlinebatch_260710/outputs/stages/train_agent/spad_rag/search_policy_rl/rollout_data/3.jsonl	384	0acb0984-5f99-4bab-b5ed-4e3cdb5e85e3	who won season 2 of food network star?	ambiguous_evidence	"The search evidence includes a document (doc-1) that explicitly lists ""season two winner Guy Fieri"" among the guest judges, and another document (doc-2) that lists the winner of season 2 as ""Lenny McNab"" with a date of August 10, 2014. These two pieces of evidence provide conflicting information regarding the winner of season 2."	"[""Guy Fieri""]"
A-020	ambiguous_evidence	A	supported_answer	S	0	predicate_mismatch	nucleus 是 cell control centre；centrosome 是 microtubule organizing center，后者不是同一谓词下的候选答案。	log/agenticIterRag/260710-021433-474200-pipeline-agentic_iter_rag_v1_spad_qwen3_1_7b_glm47_formal_500_offlinebatch_260710/outputs/stages/train_agent/spad_rag/search_policy_rl/rollout_data/3.jsonl	395	33a48fd5-aa52-4a7e-a1d6-cf360e689e7c	what is the control centre of a cell?	Cell nucleus	"The search results provide multiple definitions for the ""control centre"" of a cell. Document 1 explicitly states that the nucleus is the control center of the cell. Document 4 describes the centrosome as the main microtubule organizing center (MTOC) of the animal cell, which is a distinct function. Document 3 discusses a ""nucleolar detention center"" (DC) but describes it as a region for protein detention during stress, not the primary control center. Therefore, the evidence supports the nucleus as the primary answer, but the presence of the centrosome as a ""main organizing center"" creates ambiguity regarding whether the question refers to the general control center (nucleus) or the specific microtubule organizing center (centrosome)."	"[""the nucleus""]"
A-021	ambiguous_evidence	A	ambiguous_evidence	A	1	aligned_ambiguous	可见证据在同一问题谓词下支持多个互不兼容的候选答案。	log/agenticIterRag/260710-021433-474200-pipeline-agentic_iter_rag_v1_spad_qwen3_1_7b_glm47_formal_500_offlinebatch_260710/outputs/stages/train_agent/spad_rag/search_policy_rl/rollout_data/4.jsonl	2	f952355b-1cbc-43ae-8bec-54e6823dab2c	who won the first i'm a celeb?	ambiguous_evidence	The evidence contains two distinct versions of the show: the UK version (series 1) and the Australian version (season 1). The UK version's first series winner is Tony Blackburn, while the Australian version's first season winner is Andrew 'Freddie' Flintoff. The question does not specify the country, making the answer ambiguous.	"[""Tony Blackburn""]"
A-022	ambiguous_evidence	A	ambiguous_evidence	A	1	aligned_ambiguous	可见证据在同一问题谓词下支持多个互不兼容的候选答案。	log/agenticIterRag/260710-021433-474200-pipeline-agentic_iter_rag_v1_spad_qwen3_1_7b_glm47_formal_500_offlinebatch_260710/outputs/stages/train_agent/spad_rag/search_policy_rl/rollout_data/4.jsonl	38	5aae9a40-b9b6-43fd-aabd-f3ad4f70cb7c	What was the date of death of a racially charged entertainment performer?	证据不足无法作答	The evidence lists multiple racially charged entertainment performers, including Billy B. Van, Walker and Williams Co., Butler May, Lew Dockstader, and Frank Brower. Each has a different date of death: Billy B. Van (August 3, 1870), Walker and Williams Co. (March 4, 1922), Butler May (November 17, 1917), Lew Dockstader (October 26, 1924), and Frank Brower (June 4, 1874). The question asks for a single date, but the evidence supports multiple incompatible answers.	"[""June 12, 1948""]"
A-023	ambiguous_evidence	A	supported_answer	S	0	version_specified	问题明确限定 book，原著中的凶手 Leo 可唯一回答；电视改编中的 Kirsten 不构成冲突。	log/agenticIterRag/260710-021433-474200-pipeline-agentic_iter_rag_v1_spad_qwen3_1_7b_glm47_formal_500_offlinebatch_260710/outputs/stages/train_agent/spad_rag/search_policy_rl/rollout_data/4.jsonl	260	4f091c88-1fdf-4ed5-b8f5-e3505428d4a8	who is the killer in the book ordeal by innocence?	Leo or Kirsten	Document [2] explicitly states that in the original novel, the killer is revealed to be Leo, while the 2017 TV series adaptation reveals the killer to be Kirsten.	"[""Kirsten Lindstrom""]"
A-024	ambiguous_evidence	A	ambiguous_evidence	A	1	aligned_ambiguous	可见证据在同一问题谓词下支持多个互不兼容的候选答案。	log/agenticIterRag/260710-021433-474200-pipeline-agentic_iter_rag_v1_spad_qwen3_1_7b_glm47_formal_500_offlinebatch_260710/outputs/stages/train_agent/spad_rag/search_policy_rl/rollout_data/5.jsonl	45	018ba428-768e-4eff-bf0e-e37bffeabeae	what is the largest online image sharing site in the world?	ambiguous_evidence无法作答	"Document [1] states that ""In terms of image sharing, Facebook is the largest social networking service."" Document [2] states that ""He created Instagram, the world's largest photo sharing website."" Document [3] states that ""The most prominent of these is Instagram, which has quickly become the dominant image sharing-centric social network."" Document [4] states that ""As of June 2016, there were more than 500 million monthly active Instagram users."" The evidence is ambiguous because it supports both Facebook and Instagram as the largest depending on the specific metric (social networking service vs. photo sharing website) and the timeframe."	"[""Instagram""]"
A-025	ambiguous_evidence	A	ambiguous_evidence	A	1	aligned_ambiguous	可见证据在同一问题谓词下支持多个互不兼容的候选答案。	log/agenticIterRag/260710-021433-474200-pipeline-agentic_iter_rag_v1_spad_qwen3_1_7b_glm47_formal_500_offlinebatch_260710/outputs/stages/train_agent/spad_rag/search_policy_rl/rollout_data/5.jsonl	78	4822a3d8-a16e-405f-8327-55969ff54cbd	which arrondissement is the latin quarter in paris?	5th and 6th arrondissements	Document 1 explicitly states that the Latin Quarter of Paris is an area in the 5th and the 6th arrondissements. Document 3 confirms the 5th arrondissement is the location of the Quartier Latin.	"[""5th arrondissement""]"
A-026	ambiguous_evidence	A	supported_answer	S	0	canonical_answer	证据明确把无 mens rea 的犯罪称为 strict liability crimes；相关法域中的窄分类不推翻这一规范答案。	log/agenticIterRag/260710-021433-474200-pipeline-agentic_iter_rag_v1_spad_qwen3_1_7b_glm47_formal_500_offlinebatch_260710/outputs/stages/train_agent/spad_rag/search_policy_rl/rollout_data/5.jsonl	114	06838ab7-d2e7-406e-8358-cf32b552311a	crimes that do not require mens rea are known as?	strict liability crimes, regulatory offences, absolute liability offences	Document [1] states that exceptions where someone acted without mental fault are known as strict liability crimes. Document [4] defines regulatory offences as crimes where the mens rea element is not required, and absolute liability offences as those that do not require any fault elements.	"[""strict liability crimes""]"
A-027	ambiguous_evidence	A	ambiguous_evidence	A	1	aligned_ambiguous	可见证据在同一问题谓词下支持多个互不兼容的候选答案。	log/agenticIterRag/260710-021433-474200-pipeline-agentic_iter_rag_v1_spad_qwen3_1_7b_glm47_formal_500_offlinebatch_260710/outputs/stages/train_agent/spad_rag/search_policy_rl/rollout_data/5.jsonl	284	4f4829dd-38d4-4787-b74e-390ed8f2950e	part of this state is called the badlands?	证据不足无法作答	The evidence lists multiple locations with badlands, including Oregon, South Dakota, New Mexico, Saskatchewan, Alberta, and New Zealand. The question asks for a specific state, but the evidence does not identify a single state as the answer.	"[""South Dakota""]"
A-028	ambiguous_evidence	A	ambiguous_evidence	A	1	aligned_ambiguous	可见证据在同一问题谓词下支持多个互不兼容的候选答案。	log/agenticIterRag/260710-021433-474200-pipeline-agentic_iter_rag_v1_spad_qwen3_1_7b_glm47_formal_500_offlinebatch_260710/outputs/stages/train_agent/spad_rag/search_policy_rl/rollout_data/5.jsonl	479	849f18ea-d95d-4165-97cc-dd46ebb18abe	When did the performer of song Peace In Mississippi die?	November 2, 1966	"Document [1] identifies Mississippi John Hurt as the performer of the song ""Peace In Mississippi"" and states he died on November 2, 1966. Document [4] identifies ""Peace in Mississippi"" as an instrumental by Jimi Hendrix, which contradicts the information in Document [1]. Document [3] confirms Mississippi John Hurt died on November 2, 1966."	"[""September 18, 1970""]"
A-029	ambiguous_evidence	A	ambiguous_evidence	A	1	aligned_ambiguous	可见证据在同一问题谓词下支持多个互不兼容的候选答案。	log/agenticIterRag/260710-021433-474200-pipeline-agentic_iter_rag_v1_spad_qwen3_1_7b_glm47_formal_500_offlinebatch_260710/outputs/stages/train_agent/spad_rag/search_policy_rl/rollout_data/6.jsonl	29	57c60107-51a7-4083-b68b-1503d47159ea	what is the highest score in the nfl?	105, 107	"Document [1] states that the 2018 Los Angeles Rams season included a game that was the third highest scoring game in NFL history with a combined 105 points. Document [2] lists the ""Most Points, Both Teams -- 107"" for the 2004 Pro Bowl, which is a game within the NFL. Document [3] mentions the greatest margin of victory was 73-0, but does not state the total score. Document [5] mentions a 62-28 game, which is less than 105. The evidence supports multiple answers: 105 and 107."	"[""72–41""]"
A-030	ambiguous_evidence	A	ambiguous_evidence	A	1	aligned_ambiguous	可见证据在同一问题谓词下支持多个互不兼容的候选答案。	log/agenticIterRag/260710-021433-474200-pipeline-agentic_iter_rag_v1_spad_qwen3_1_7b_glm47_formal_500_offlinebatch_260710/outputs/stages/train_agent/spad_rag/search_policy_rl/rollout_data/6.jsonl	40	760ba7c7-e503-41ce-b048-7decc2e9f762	who made the city of babylon the center of an empire?	Hammurabi, Nabopolassar	The evidence identifies two key figures who made Babylon the center of an empire. Document 1 states that the Amorite king Hammurabi created a short-lived empire in the 18th century BC. Document 3 states that Nabopolassar made Babylon his capital and is credited with founding the Neo-Babylonian Empire.	"[""Amorite king Hammurabi""]"
A-031	ambiguous_evidence	A	ambiguous_evidence	A	1	aligned_ambiguous	可见证据在同一问题谓词下支持多个互不兼容的候选答案。	log/agenticIterRag/260710-021433-474200-pipeline-agentic_iter_rag_v1_spad_qwen3_1_7b_glm47_formal_500_offlinebatch_260710/outputs/stages/train_agent/spad_rag/search_policy_rl/rollout_data/6.jsonl	92	dec580e5-544a-47e1-a4f9-9d5a3d6346e9	when did the age pension start in australia?	1908 or 1909	The evidence states that the Australian Labor Commonwealth government led by Andrew Fisher introduced a national aged pension under the Invalid and Old-Aged Pensions Act 1908. Another source states the Age Pension was the first payment made by the Commonwealth Government, dating back to 1909.	"[""1909""]"
A-032	ambiguous_evidence	A	ambiguous_evidence	A	1	aligned_ambiguous	可见证据在同一问题谓词下支持多个互不兼容的候选答案。	log/agenticIterRag/260710-021433-474200-pipeline-agentic_iter_rag_v1_spad_qwen3_1_7b_glm47_formal_500_offlinebatch_260710/outputs/stages/train_agent/spad_rag/search_policy_rl/rollout_data/6.jsonl	96	06a8065f-fda6-44cd-aac6-4848681c6478	who was the actress in breakfast at tiffany's?	Audrey Hepburn, Patricia Neal	"The evidence identifies the film ""Breakfast at Tiffany's"" (1961) starring Audrey Hepburn and George Peppard. Patricia Neal is listed as featuring in the film, playing the role of Emily Eustace Failenson. The question asks for the actress, and while Hepburn is the star, Neal is explicitly named as a featured actress in the film's cast."	"[""Audrey Hepburn""]"
A-033	ambiguous_evidence	A	ambiguous_evidence	A	1	aligned_ambiguous	可见证据在同一问题谓词下支持多个互不兼容的候选答案。	log/agenticIterRag/260710-021433-474200-pipeline-agentic_iter_rag_v1_spad_qwen3_1_7b_glm47_formal_500_offlinebatch_260710/outputs/stages/train_agent/spad_rag/search_policy_rl/rollout_data/6.jsonl	193	321046d8-efea-4ce0-a231-ce3b476a2dd9	Nich Yaka Misyachna has been performed by which Russian tenor soloist?	multiple Russian tenors	The search results list multiple Russian tenor soloists who have performed the song, including Oleksandr Ponomariov, Konstantin Ognevoy, Anatoliy Solovianenko, Evgeny Belyaev, Boris Gmyrya, Yaroslav Alexandrovich Evdokimov, and Alexander Malinin. The evidence does not specify a single tenor, making the answer ambiguous.	"[""Evgeny Mikhailovich Belyaev""]"
A-034	ambiguous_evidence	A	ambiguous_evidence	A	1	aligned_ambiguous	可见证据在同一问题谓词下支持多个互不兼容的候选答案。	log/agenticIterRag/260710-021433-474200-pipeline-agentic_iter_rag_v1_spad_qwen3_1_7b_glm47_formal_500_offlinebatch_260710/outputs/stages/train_agent/spad_rag/search_policy_rl/rollout_data/7.jsonl	11	61568d07-252a-4257-a746-9ceddf2f0859	who starred in the film the jazz singer?	ambiguous_evidence	"The evidence provides information about three different films titled ""The Jazz Singer"": a 1927 film starring Al Jolson, a 1952 remake starring Danny Thomas, and a 1980 remake starring Neil Diamond. The question does not specify which version of the film is being asked about."	"[""Yossele Rosenblatt"", ""Warner Oland"", ""May McAvoy"", ""Al Jolson""]"
A-035	ambiguous_evidence	A	ambiguous_evidence	A	1	aligned_ambiguous	可见证据在同一问题谓词下支持多个互不兼容的候选答案。	log/agenticIterRag/260710-021433-474200-pipeline-agentic_iter_rag_v1_spad_qwen3_1_7b_glm47_formal_500_offlinebatch_260710/outputs/stages/train_agent/spad_rag/search_policy_rl/rollout_data/7.jsonl	106	e722cd1a-4845-4301-b8a1-d1c4821ce1ec	who sings wake me up before its over?	ambiguous: Technotronic, Avicii, or Wham!	"The search results show three songs with similar titles: ""Get Up! (Before the Night Is Over)"" by Technotronic, ""Wake Me Up"" by Avicii, and ""Wake Me Up Before You Go-Go"" by Wham!. The query asks ""who sings wake me up before its over"" which is a misquote of ""Wake Me Up Before You Go-Go"". Evidence [3] and [4] identify the artist of ""Wake Me Up Before You Go-Go"" as the British duo Wham!. Evidence [2] identifies the artist of ""Wake Me Up"" as Avicii. Evidence [1] identifies the artist of ""Get Up! (Before the Night Is Over)"" as Technotronic. The query is ambiguous because it could refer to any of these three songs."	"[""Aloe Blacc""]"
A-036	ambiguous_evidence	A	ambiguous_evidence	A	1	aligned_ambiguous	可见证据在同一问题谓词下支持多个互不兼容的候选答案。	log/agenticIterRag/260710-021433-474200-pipeline-agentic_iter_rag_v1_spad_qwen3_1_7b_glm47_formal_500_offlinebatch_260710/outputs/stages/train_agent/spad_rag/search_policy_rl/rollout_data/7.jsonl	120	aab4e248-2e56-4453-9061-930f935a97f6	what are the band members names in fleetwood mac?	证据不足无法作答	The evidence lists multiple lineups for Fleetwood Mac over time. Doc-1 states the lineup for the self-titled debut album consisted of Peter Green, Mick Fleetwood, Jeremy Spencer, John McVie, and Danny Kirwan. Doc-1 also states the lineup for the album Rumours consisted of Lindsey Buckingham, Mick Fleetwood, Christine McVie, John McVie, and Stevie Nicks. Doc-5 states the lineup in 1997 was John McVie, Mick Fleetwood, Lindsey Buckingham, and Stevie Nicks. The evidence does not provide a single definitive list of current or historical members.	"[""Christine McVie"", ""Mike Campbell"", ""John McVie"", ""Stevie Nicks"", ""Neil Finn"", ""Mick Fleetwood""]"
A-037	ambiguous_evidence	A	ambiguous_evidence	A	1	aligned_ambiguous	可见证据在同一问题谓词下支持多个互不兼容的候选答案。	log/agenticIterRag/260710-021433-474200-pipeline-agentic_iter_rag_v1_spad_qwen3_1_7b_glm47_formal_500_offlinebatch_260710/outputs/stages/train_agent/spad_rag/search_policy_rl/rollout_data/7.jsonl	232	407ee935-554e-412e-999b-911913b60903	when did immigration start in the united states?	around 1600 or July 4, 1864 or 1790	The evidence states that the first European settlements occurred from around 1600, and the first major law to encourage immigration was signed by President Abraham Lincoln on July 4, 1864. The Naturalization Act of 1790 is also mentioned as the first naturalization law.	"[""1607""]"
