audit_id	case_id	step	step_layer	group_uid	rollout_index	data_source	source_file	source_line	question	gold_answers_reference_only	actor_answer	actor_em	actor_f1	search_count	duplicate_query_count	teacher_called	group_all_em_zero	historical_teacher_status	historical_teacher_answer	manual_label	manual_status	manual_answer	manual_reason	annotator	annotated_at	evidence_sha256	source_row_sha256
newdata512-0001	new5100-s01-24d9ca14-12c4-44bc-a6d2-b5444fe9dd56-r2	1	L1_steps_01_20	24d9ca14-12c4-44bc-a6d2-b5444fe9dd56	2	nq	log/agenticIterRag/260715-005906-987696-pipeline-agentic_iter_rag_v1_spad_qwen3_1_7b_newdata_5100_gold_token_f1_v3_postnorm03_stage1/outputs/stages/train_agent/spad_rag/search_policy_rl/rollout_data/1.jsonl	245	name of the wand store in harry potter?	"[""Ollivanders""]"	Ollivander's	1.0	1.0	1	0	false	false			I	insufficient_evidence		Evidence describes Ollivander as a wand maker and shopkeeper but never states the wand store's name.	Codex	2026-07-15T17:01:35+08:00	6a95584567e2bad0c5ae1c332ba41b5ec6fe73d043589ec4be6f895fc4f08c59	0dc23f4f6505c3418725b75198e79c3716d82db051b12f756a9915a3ff18141c
newdata512-0002	new5100-s01-2c95b706-fd6f-4922-bded-d53d645404cd-r3	1	L1_steps_01_20	2c95b706-fd6f-4922-bded-d53d645404cd	3	hotpotqa	log/agenticIterRag/260715-005906-987696-pipeline-agentic_iter_rag_v1_spad_qwen3_1_7b_newdata_5100_gold_token_f1_v3_postnorm03_stage1/outputs/stages/train_agent/spad_rag/search_policy_rl/rollout_data/1.jsonl	266	Who is older, Mick Jones or Brandon Flowers?	"[""Michael Geoffrey \""Mick\"" Jones""]"	Mick Jones is older than Brandon Flowers.	0.0	0.36363636363636365	1	0	true	true	insufficient_evidence	证据不足无法作答	I	insufficient_evidence		Evidence gives dates for several Mick Jones candidates but no birth date for Brandon Flowers, so the age comparison cannot be completed.	Codex	2026-07-15T17:01:35+08:00	5d0b375d7d595c696e69c4430cd8ab5ae3ba76db5e40974d39c85fa10215497e	f5863298261d8249330267a9b81c023b4f2a15bcbc2695ac862e05b29561ad0d
newdata512-0003	new5100-s01-3dc29987-8a89-414d-9429-0dd33118a94e-r1	1	L1_steps_01_20	3dc29987-8a89-414d-9429-0dd33118a94e	1	nq	log/agenticIterRag/260715-005906-987696-pipeline-agentic_iter_rag_v1_spad_qwen3_1_7b_newdata_5100_gold_token_f1_v3_postnorm03_stage1/outputs/stages/train_agent/spad_rag/search_policy_rl/rollout_data/1.jsonl	124	what are the fish that are on sharks?	"[""Remora""]"	Sharks are not fish; they are a separate group of marine animals.	0.0	0.0	1	0	true	true	supported_answer	remoras	S	supported_answer	remoras	The Remora passage explicitly states that remoras are commonly found attached to sharks.	Codex	2026-07-15T17:01:35+08:00	e0bd8b7a02db0eb6c30f92838c5f73f160c688e1c0976f7bfb4b9b4741ff2234	2a7706b9bf55a28cf9e4e51d80e82e4b4a86f86ec64b294641377c9eb9b0db6a
newdata512-0004	new5100-s01-539c6252-ba7e-4e7e-b8fe-ac08b599b66a-r0	1	L1_steps_01_20	539c6252-ba7e-4e7e-b8fe-ac08b599b66a	0	hotpotqa	log/agenticIterRag/260715-005906-987696-pipeline-agentic_iter_rag_v1_spad_qwen3_1_7b_newdata_5100_gold_token_f1_v3_postnorm03_stage1/outputs/stages/train_agent/spad_rag/search_policy_rl/rollout_data/1.jsonl	55	"""State of Grace"" and ""I knew You Were Trouble"" were both off of Taylor Swift's ""Red"" album, which song was written by Swift, Max Martin and Shellback?"	"[""I Knew You Were Trouble""]"		0.0	0.0	5	3	false	false			S	supported_answer	I Knew You Were Trouble	The song passage explicitly says I Knew You Were Trouble was written by Swift, Max Martin, and Shellback, while State of Grace had different credits.	Codex	2026-07-15T17:01:35+08:00	c6ce4cffd185772b98c8511fcb8e16dc6957b263a45c6593ee36cf0192aca55c	e0616a46a9e1aab96013df790ba32e90b95abe906756e823cf908dfa51a6c2d0
newdata512-0005	new5100-s01-60389c86-9387-4567-ad9f-0736269e67d6-r0	1	L1_steps_01_20	60389c86-9387-4567-ad9f-0736269e67d6	0	musique	log/agenticIterRag/260715-005906-987696-pipeline-agentic_iter_rag_v1_spad_qwen3_1_7b_newdata_5100_gold_token_f1_v3_postnorm03_stage1/outputs/stages/train_agent/spad_rag/search_policy_rl/rollout_data/1.jsonl	7	One of the Just One Look song's singers released a self titled album on which record label?	"[""Apple""]"	Atlantic Records	0.0	0.0	1	0	true	true	insufficient_evidence	证据不足无法作答	I	insufficient_evidence		Evidence identifies the Just One Look singers but does not mention either singer's self-titled album or its record label.	Codex	2026-07-15T17:01:35+08:00	3b5108dbff80b2e00622dc14b7f6767b8efe090d704b608c307eab85dae1bde4	9ca799d1864e7e2686a5bc8415356c9a45768b5d324af3a87b4b0464d718cf0b
newdata512-0006	new5100-s01-9f0e224d-d2b3-45cc-9503-eff219f76683-r1	1	L1_steps_01_20	9f0e224d-d2b3-45cc-9503-eff219f76683	1	nq	log/agenticIterRag/260715-005906-987696-pipeline-agentic_iter_rag_v1_spad_qwen3_1_7b_newdata_5100_gold_token_f1_v3_postnorm03_stage1/outputs/stages/train_agent/spad_rag/search_policy_rl/rollout_data/1.jsonl	187	when did the first ice age movie come out?	"[""2002""]"		0.0	0.0	5	4	false	false			S	supported_answer	March 15, 2002	The Ice Age film passage explicitly states that the first film was released on March 15, 2002.	Codex	2026-07-15T17:01:35+08:00	e5c4ab380b611f195f098c46493857ef3c1490bd0e0413346b5a4600f267a1be	58364a8de4d5180e5b2d0f7e44c4630b9cbd35addc66571df21928f57339b807
newdata512-0007	new5100-s01-a5e9cb60-cdc1-4a70-8366-9d6f53e21f89-r3	1	L1_steps_01_20	a5e9cb60-cdc1-4a70-8366-9d6f53e21f89	3	2wikimultihopqa	log/agenticIterRag/260715-005906-987696-pipeline-agentic_iter_rag_v1_spad_qwen3_1_7b_newdata_5100_gold_token_f1_v3_postnorm03_stage1/outputs/stages/train_agent/spad_rag/search_policy_rl/rollout_data/1.jsonl	210	What is the date of death of Henry Dixon Kimber's father?	"[""18 December 1923""]"	10 April 2008	0.0	0.0	2	0	true	true	supported_answer	10 April 2008	S	supported_answer	December 1923	The Henry Kimber passage identifies the relevant father and states that he died in December 1923; the day is not visible but the supported date precision is unique.	Codex	2026-07-15T17:01:35+08:00	3879d8e4b8b4b393bb1f9d3f31f3bd0e0d15eca5006fc1e00d4a6de13911102f	4152777ce31359b0acacc610ee34d83d203f89a59626c91f7bbee79e298dc709
newdata512-0008	new5100-s01-d9572bce-cb0a-4131-9831-8f14218c4fa4-r3	1	L1_steps_01_20	d9572bce-cb0a-4131-9831-8f14218c4fa4	3	hotpotqa	log/agenticIterRag/260715-005906-987696-pipeline-agentic_iter_rag_v1_spad_qwen3_1_7b_newdata_5100_gold_token_f1_v3_postnorm03_stage1/outputs/stages/train_agent/spad_rag/search_policy_rl/rollout_data/1.jsonl	323	The artist who was a co-creator of the second Black Spectre is primarily associated with which publisher?	"[""Marvel Comics""]"		0.0	0.0	5	3	true	true	insufficient_evidence	证据不足无法作答	I	insufficient_evidence		Evidence identifies Bill Sienkiewicz as the penciller co-creator but never states which publisher he is primarily associated with.	Codex	2026-07-15T17:01:35+08:00	7cba1c7fa1e9d5d76d0061cd67393d2b390639f2bb5c0301787bbd3a9a173483	e29f14bacb43f5e32a9b43e47d465672145055457a30bd1863d829799ef2fd13
newdata512-0009	new5100-s01-f55d6137-d0a4-4953-9228-543da8631333-r0	1	L1_steps_01_20	f55d6137-d0a4-4953-9228-543da8631333	0	hotpotqa	log/agenticIterRag/260715-005906-987696-pipeline-agentic_iter_rag_v1_spad_qwen3_1_7b_newdata_5100_gold_token_f1_v3_postnorm03_stage1/outputs/stages/train_agent/spad_rag/search_policy_rl/rollout_data/1.jsonl	110	Which South Korean professional footballer was awarded 2015 Best Footballer in Asia?	"[""Son Heung-min""]"	Son Heung-min	1.0	1.0	1	0	false	false			S	supported_answer	Son Heung-min	The Best Footballer in Asia 2015 passage explicitly says the award was given to Son Heung-min.	Codex	2026-07-15T17:01:35+08:00	96bb30b268062763099eba9ad1f6dd04506429c4632e9bb3c02627904f8c5059	8de82bd45054a23921b0ba155ec3ef34ac9812a2a3f5d56939a962802a671ad3
newdata512-0010	new5100-s01-ffc234da-dbba-4226-9f93-b01aec177c16-r2	1	L1_steps_01_20	ffc234da-dbba-4226-9f93-b01aec177c16	2	2wikimultihopqa	log/agenticIterRag/260715-005906-987696-pipeline-agentic_iter_rag_v1_spad_qwen3_1_7b_newdata_5100_gold_token_f1_v3_postnorm03_stage1/outputs/stages/train_agent/spad_rag/search_policy_rl/rollout_data/1.jsonl	191	Where was the place of death of Flavius Dalmatius's father?	"[""Eboracum""]"		0.0	0.0	5	2	true	true	insufficient_evidence	证据不足无法作答	I	insufficient_evidence		Evidence describes Flavius Dalmatius and his father but does not state the father's place of death.	Codex	2026-07-15T17:01:35+08:00	daf6dcbdb02e33aa0bd918bd04f0c07e5e1109011fdeafe0f8366f2c6d878ef1	165f88961ce8937123598e45bc465582cd8694497a84d17738411dd9954d1379
newdata512-0011	new5100-s02-2204b8fc-080c-45d5-876b-915bad17a9dc-r7	2	L1_steps_01_20	2204b8fc-080c-45d5-876b-915bad17a9dc	7	musique	log/agenticIterRag/260715-005906-987696-pipeline-agentic_iter_rag_v1_spad_qwen3_1_7b_newdata_5100_gold_token_f1_v3_postnorm03_stage1/outputs/stages/train_agent/spad_rag/search_policy_rl/rollout_data/2.jsonl	448	The mosaic in the church, in the birthplace of Yiannis Papadopoulos, is known as what?	"[""Christ in majesty (or Ezekiel's Vision)""]"		0.0	0.0	5	2	true	true	insufficient_evidence	证据不足无法作答	I	insufficient_evidence		The retrieved church and mosaic passages do not establish Yiannis Papadopoulos's birthplace, the relevant church, or the mosaic's name.	Codex	2026-07-15T17:01:35+08:00	0e50bb3f00d87bdd633b55c435f9bb6027ccb8f596a26bedc98bf51794a7a38d	189e682c0969c08b7322adcac0abde43f390411b9c42a9722ecb638bbcd925d1
newdata512-0012	new5100-s02-3cee87b5-d394-4ebe-8505-41df059c0b3c-r0	2	L1_steps_01_20	3cee87b5-d394-4ebe-8505-41df059c0b3c	0	nq	log/agenticIterRag/260715-005906-987696-pipeline-agentic_iter_rag_v1_spad_qwen3_1_7b_newdata_5100_gold_token_f1_v3_postnorm03_stage1/outputs/stages/train_agent/spad_rag/search_policy_rl/rollout_data/2.jsonl	33	where is the national open university of nigeria located?	"[""Jabi, Abuja""]"	The National Open University of Nigeria is located in Jabi, Abuja, Nigeria.	0.0	0.3076923076923077	1	0	true	true	supported_answer	Jabi, Abuja	S	supported_answer	Jabi, Abuja	The university passage explicitly identifies its permanent headquarters as Jabi, Abuja.	Codex	2026-07-15T17:01:35+08:00	abd62de07adc11036ab86db9d69da9d6bb3d2acaa1d17c0fad37e6007e9dafe7	8f3f1395813b1024a7d6359385770a44de9a99adf79136defdaa1fbfceb0f6a5
newdata512-0013	new5100-s02-6571289e-3e5f-46c9-a71b-111ba77dc4e4-r7	2	L1_steps_01_20	6571289e-3e5f-46c9-a71b-111ba77dc4e4	7	nq	log/agenticIterRag/260715-005906-987696-pipeline-agentic_iter_rag_v1_spad_qwen3_1_7b_newdata_5100_gold_token_f1_v3_postnorm03_stage1/outputs/stages/train_agent/spad_rag/search_policy_rl/rollout_data/2.jsonl	488	who is the chief minister of arunachal pradesh today?	"[""Pema Khandu""]"	Pema Khandu	1.0	1.0	1	0	false	false			S	supported_answer	Pema Khandu	Evidence explicitly identifies Pema Khandu as Chief Minister of Arunachal Pradesh and says he has held the office since July 2016.	Codex	2026-07-15T17:01:35+08:00	b1b8341ba73b66ea8aebd8c690567c4f94e8a4550b3efc4c6d2efae05b85153e	873a15fa2e38ad7869a6f05c22181e30d4cdbe086d720dd9e8953b5ca5ec6de9
newdata512-0014	new5100-s02-6a7e9d72-2e8f-450f-a766-a0bd6c947a88-r4	2	L1_steps_01_20	6a7e9d72-2e8f-450f-a766-a0bd6c947a88	4	nq	log/agenticIterRag/260715-005906-987696-pipeline-agentic_iter_rag_v1_spad_qwen3_1_7b_newdata_5100_gold_token_f1_v3_postnorm03_stage1/outputs/stages/train_agent/spad_rag/search_policy_rl/rollout_data/2.jsonl	351	delivers it enabled services via internet that are built for the end user to be in control?	"[""Internet television""]"		0.0	0.0	1	0	true	true	insufficient_evidence	证据不足无法作答	I	insufficient_evidence		Evidence defines internet service providers and hosted services but does not identify the service described by the question.	Codex	2026-07-15T17:01:35+08:00	82cbadfca810c1ee7a5cb047f416a6e2cbebce5373e336f53c550c33eae408ad	935440d51bcac0d5300c6d0902064c17c38d2904432ca154b6c95fe2eca4091a
newdata512-0015	new5100-s02-7d912059-e694-4f58-b618-1fe3d722b406-r5	2	L1_steps_01_20	7d912059-e694-4f58-b618-1fe3d722b406	5	hotpotqa	log/agenticIterRag/260715-005906-987696-pipeline-agentic_iter_rag_v1_spad_qwen3_1_7b_newdata_5100_gold_token_f1_v3_postnorm03_stage1/outputs/stages/train_agent/spad_rag/search_policy_rl/rollout_data/2.jsonl	276	The concept of imagined geographies originated from an author who defined them as the West's patronizing representations of what?	"[""The East""]"	Edward Said defined imagined geographies as the West's patronizing representations of Asia.	0.0	0.0	1	0	true	true	supported_answer	the 'Orient'	S	supported_answer	the Orient	The imagined-geographies passage explicitly ties Said's concept to the West's representations of the Orient.	Codex	2026-07-15T17:01:35+08:00	cd09876ac735cb7466784fcf319f2abf0413a395e9ea56b293dd2c9e11af000f	0b2abf4093d6d68bf561ee0f057e5e034e1d784e6dbeb50218c280894d63cf8e
newdata512-0016	new5100-s02-8158a840-7cb7-4b66-b151-e3db8f665100-r7	2	L1_steps_01_20	8158a840-7cb7-4b66-b151-e3db8f665100	7	nq	log/agenticIterRag/260715-005906-987696-pipeline-agentic_iter_rag_v1_spad_qwen3_1_7b_newdata_5100_gold_token_f1_v3_postnorm03_stage1/outputs/stages/train_agent/spad_rag/search_policy_rl/rollout_data/2.jsonl	416	what is the name of the fish that eats algae?	"[""Algae eater""]"	Siamese algae-eater	0.0	0.0	1	0	true	true	insufficient_evidence	证据不足无法作答	A	ambiguous_evidence		The underspecified question is satisfied by multiple visible algae-eating fish, including the Siamese algae-eater, red algae-eater, and flying fox.	Codex	2026-07-15T17:01:35+08:00	43e031905ccd343faff5a028845475ab3f6cb8930451c54329c581c16da0bb36	3c63401324072ec5b31304a62b3a9da4397e6d35fad062df46d69158cbf6f4c2
newdata512-0017	new5100-s02-9eddd13a-718c-49b1-a89c-bd6a056a1d88-r3	2	L1_steps_01_20	9eddd13a-718c-49b1-a89c-bd6a056a1d88	3	hotpotqa	log/agenticIterRag/260715-005906-987696-pipeline-agentic_iter_rag_v1_spad_qwen3_1_7b_newdata_5100_gold_token_f1_v3_postnorm03_stage1/outputs/stages/train_agent/spad_rag/search_policy_rl/rollout_data/2.jsonl	162	Raúl Baglini served in both houses of a legislative branch of government whose composition is what?	"[""bicameral""]"		0.0	0.0	1	0	true	true	insufficient_evidence	证据不足无法作答	I	insufficient_evidence		Evidence states that Argentina's legislature is bicameral but never connects Raul Baglini to service in both houses of that legislature.	Codex	2026-07-15T17:01:35+08:00	68069a92c57a44f2c638cd5a322488066d9fb511bd4dadfd6a328c4893921e54	a7593c7374eceede585a6ec8ff3faa1dd759463d6fc13bbe250ebc03353e3805
newdata512-0018	new5100-s02-b4b91caf-799b-4076-a098-af5c63c07191-r3	2	L1_steps_01_20	b4b91caf-799b-4076-a098-af5c63c07191	3	musique	log/agenticIterRag/260715-005906-987696-pipeline-agentic_iter_rag_v1_spad_qwen3_1_7b_newdata_5100_gold_token_f1_v3_postnorm03_stage1/outputs/stages/train_agent/spad_rag/search_policy_rl/rollout_data/2.jsonl	182	What is the total surface area of the city where the Bell stamp officially released?	"[""89.6 square miles""]"		0.0	0.0	2	0	true	true	insufficient_evidence	证据不足无法作答	I	insufficient_evidence		Evidence does not identify the Bell stamp, its official release city, or the required city-to-surface-area chain.	Codex	2026-07-15T17:01:35+08:00	68f9f254caf8ce4ba40efe386f4c47145e07c3c1b8ae15557e3d575b3518c880	8ec3a25643a4019881441f3cc7185436d02b6f0dc94200dea0c303ed71a825af
newdata512-0019	new5100-s02-e79ac3de-139a-4cd7-b805-780e476c2c6f-r2	2	L1_steps_01_20	e79ac3de-139a-4cd7-b805-780e476c2c6f	2	musique	log/agenticIterRag/260715-005906-987696-pipeline-agentic_iter_rag_v1_spad_qwen3_1_7b_newdata_5100_gold_token_f1_v3_postnorm03_stage1/outputs/stages/train_agent/spad_rag/search_policy_rl/rollout_data/2.jsonl	122	When did the group that ruled the country whose influence decreased due to the Scottish reformation during the reign of terror start?	"[""April 1793""]"		0.0	0.0	1	0	true	true	insufficient_evidence	证据不足无法作答	I	insufficient_evidence		The Scottish Reformation passages do not establish the country, ruling group, Reign of Terror link, or the group's start date.	Codex	2026-07-15T17:01:35+08:00	aa74d7397d1b148e9d24bd90f4520042cf15181977ad35bcfe246326c0f40ec0	8d8792d53605b0ac40afa64eed22e068339480bfbd8f0c21d565880e57a1a262
newdata512-0020	new5100-s03-0e1f527a-dc28-4225-840c-6a9f0c4e3bbd-r6	3	L1_steps_01_20	0e1f527a-dc28-4225-840c-6a9f0c4e3bbd	6	nq	log/agenticIterRag/260715-005906-987696-pipeline-agentic_iter_rag_v1_spad_qwen3_1_7b_newdata_5100_gold_token_f1_v3_postnorm03_stage1/outputs/stages/train_agent/spad_rag/search_policy_rl/rollout_data/3.jsonl	448	who has the power to establish new high court?	"[""the Crown""]"		0.0	0.0	5	3	true	true	insufficient_evidence	证据不足无法作答	I	insufficient_evidence		The question lacks a jurisdiction and the retrieved supreme-court passages do not state that the Crown has the requested power to establish a new high court.	Codex	2026-07-15T17:01:35+08:00	0fde54354f5a73439125d70ae6eb04cef0c80d001e91f264c5360fb138c31c8c	eed222cf7fc9234ce62bdffa5c1784f0f0fd406be6f512222b5e0c33028a1ec0
newdata512-0021	new5100-s03-3f42d199-6992-45b4-88d8-97c55e34153b-r6	3	L1_steps_01_20	3f42d199-6992-45b4-88d8-97c55e34153b	6	nq	log/agenticIterRag/260715-005906-987696-pipeline-agentic_iter_rag_v1_spad_qwen3_1_7b_newdata_5100_gold_token_f1_v3_postnorm03_stage1/outputs/stages/train_agent/spad_rag/search_policy_rl/rollout_data/3.jsonl	416	record number of overtime periods in nhl playoffs?	"[""sextuple overtime""]"		0.0	0.0	1	0	true	true	insufficient_evidence	证据不足无法作答	I	insufficient_evidence		Evidence explains NHL playoff overtime rules but does not provide the record number of overtime periods.	Codex	2026-07-15T17:01:35+08:00	50607764ae69d0e403d2ac76ba98819f0850fc49957b71f6c36c9522a1e43c31	0ba8f491955b98dc1a360c17f5fd988f8a3f31f56233bf56480e419c2bf8b8f8
newdata512-0022	new5100-s03-52a7da77-20b1-4762-81f2-d7da87b6002c-r0	3	L1_steps_01_20	52a7da77-20b1-4762-81f2-d7da87b6002c	0	nq	log/agenticIterRag/260715-005906-987696-pipeline-agentic_iter_rag_v1_spad_qwen3_1_7b_newdata_5100_gold_token_f1_v3_postnorm03_stage1/outputs/stages/train_agent/spad_rag/search_policy_rl/rollout_data/3.jsonl	23	what was the first national lampoon vacation movie?	"[""National Lampoon's Vacation""]"	National Lampoon's Vacation	1.0	1.0	1	0	false	false			S	supported_answer	National Lampoon's Vacation	The film-series evidence identifies National Lampoon's Vacation as the first film in the Vacation series.	Codex	2026-07-15T17:01:35+08:00	3e77df5cd32162ea417c7e9f74bcf265ac2e01c235d445e3eda1a9919fe2e51f	47908cea64c48dec82943dca4c7d030fc3e00bf988936f0b5bf557ce72155f5b
newdata512-0023	new5100-s03-6bb367ab-f73d-4d59-a9e5-80ae25084dfe-r7	3	L1_steps_01_20	6bb367ab-f73d-4d59-a9e5-80ae25084dfe	7	musique	log/agenticIterRag/260715-005906-987696-pipeline-agentic_iter_rag_v1_spad_qwen3_1_7b_newdata_5100_gold_token_f1_v3_postnorm03_stage1/outputs/stages/train_agent/spad_rag/search_policy_rl/rollout_data/3.jsonl	438	Where is SMA Negeri 68 of Chrisye's place of death located?	"[""Central Jakarta""]"	SMA Negeri 68 of Chrisye's place of death is located in Jakarta, Indonesia.	0.0	0.13333333333333336	2	0	true	true	ambiguous_evidence	证据不足无法作答	S	supported_answer	Central Jakarta	The SMA Negeri 68 Jakarta passage directly states that the school is located in Central Jakarta; the Chrisye clause does not create a competing school location.	Codex	2026-07-15T17:01:35+08:00	67de1fd4685ecda7f47f870c5575bcded5ebea99b74cabadb7a5ca1f82ad49ff	1f860c8ba5be5b6a569b5c26e9f973c9ff06d679a7dedddd62b48ff93e556f56
newdata512-0024	new5100-s03-7a18a03a-4d63-49f4-aad0-d30e09bacd10-r6	3	L1_steps_01_20	7a18a03a-4d63-49f4-aad0-d30e09bacd10	6	nq	log/agenticIterRag/260715-005906-987696-pipeline-agentic_iter_rag_v1_spad_qwen3_1_7b_newdata_5100_gold_token_f1_v3_postnorm03_stage1/outputs/stages/train_agent/spad_rag/search_policy_rl/rollout_data/3.jsonl	415	when did wheel of fortune go on the air?	"[""January 6, 1975""]"	January 6, 1975	1.0	1.0	1	0	false	false			S	supported_answer	January 6, 1975	The Wheel of Fortune passage explicitly states that the show premiered on January 6, 1975.	Codex	2026-07-15T17:01:35+08:00	1346f6793d0e1c63b5b4d952125403060e7f484007a888f51e42847a7766a2c0	67ca7345b207db36cfae8eab97772bd49e5c1228ad87f169f9418b717ba7442a
newdata512-0025	new5100-s03-7cb7223b-af2c-48ea-a4db-5ab7ba4d0554-r3	3	L1_steps_01_20	7cb7223b-af2c-48ea-a4db-5ab7ba4d0554	3	2wikimultihopqa	log/agenticIterRag/260715-005906-987696-pipeline-agentic_iter_rag_v1_spad_qwen3_1_7b_newdata_5100_gold_token_f1_v3_postnorm03_stage1/outputs/stages/train_agent/spad_rag/search_policy_rl/rollout_data/3.jsonl	230	Do director of film The Breakup Guru and director of film Shake, Rattle & Roll Iv have the same nationality?	"[""no""]"	No, the directors of The Breakup Guru (Deng Chao) and Shake, Rattle & Roll II (Michael Worth) have different nationalities (Chinese vs. American).	0.0	0.09523809523809523	1	0	true	true	insufficient_evidence	证据不足无法作答	I	insufficient_evidence		Evidence identifies directors associated with the films but does not establish the nationality of the Shake, Rattle & Roll IV director needed for comparison.	Codex	2026-07-15T17:01:35+08:00	58d9686c1a9ff867c05c8958baa335b4858be6a43b348c2682df29223ae1f2fd	f2d99a8caae78289d97fc837e1fae6a21d84f1782d7bbeb4c4b7c99eba0234c6
newdata512-0026	new5100-s03-afcf1d85-b501-40a1-8391-ec4251262e29-r4	3	L1_steps_01_20	afcf1d85-b501-40a1-8391-ec4251262e29	4	musique	log/agenticIterRag/260715-005906-987696-pipeline-agentic_iter_rag_v1_spad_qwen3_1_7b_newdata_5100_gold_token_f1_v3_postnorm03_stage1/outputs/stages/train_agent/spad_rag/search_policy_rl/rollout_data/3.jsonl	274	Where is the region where the C-32 highway runs located?	"[""Iberian Peninsula""]"	Catalonia, Spain	0.0	0.0	1	0	true	true	supported_answer	Catalonia, Spain	I	insufficient_evidence		Evidence states that the C-32 runs in Catalonia, Spain but does not establish where that region is geographically located, such as the Iberian Peninsula.	Codex	2026-07-15T17:01:35+08:00	e4d17994592ce222b287f746e8d653a7479b91031c4eb5fe3ad263443f0e4a24	bf175a31f968f6fbc52196f39574880b39e030bb9d48bd3b243341f8e4e06916
newdata512-0027	new5100-s03-be39c089-6e7e-4cf4-8c25-b59e5de7e6ff-r4	3	L1_steps_01_20	be39c089-6e7e-4cf4-8c25-b59e5de7e6ff	4	nq	log/agenticIterRag/260715-005906-987696-pipeline-agentic_iter_rag_v1_spad_qwen3_1_7b_newdata_5100_gold_token_f1_v3_postnorm03_stage1/outputs/stages/train_agent/spad_rag/search_policy_rl/rollout_data/3.jsonl	382	maximum length of a probation order in canada?	"[""3 years""]"	The maximum length of a probation order in Canada is 3 years.	0.0	0.33333333333333337	1	0	true	true	supported_answer	3 years	S	supported_answer	3 years	The Canadian sentencing passage explicitly states that the maximum length of a probation order is three years.	Codex	2026-07-15T17:01:35+08:00	a36bb7f93e9dce297961b1140cfe79c5dbdb461a21925ddbe6580829e2864c1d	ab2b969187f7f31e0e54994ec87b2aa928a4eb3a286adda3f58abaa7a670e7dc
newdata512-0028	new5100-s04-0e34a9d7-e414-4cf1-8f9f-7996ab2ebb9f-r6	4	L1_steps_01_20	0e34a9d7-e414-4cf1-8f9f-7996ab2ebb9f	6	hotpotqa	log/agenticIterRag/260715-005906-987696-pipeline-agentic_iter_rag_v1_spad_qwen3_1_7b_newdata_5100_gold_token_f1_v3_postnorm03_stage1/outputs/stages/train_agent/spad_rag/search_policy_rl/rollout_data/4.jsonl	374	Which tree is incorporated in Disney's Rivers of Light show?	"[""Tree of Life""]"	The Tree of Life	1.0	1.0	1	0	false	false			S	supported_answer	Tree of Life	The Rivers of Light passage explicitly says that the show incorporates the park's Tree of Life.	Codex	2026-07-15T17:01:35+08:00	31a1af6d5c3682f36a180814f0a78bfdc040fb401e15538357683690f1d48506	96f56da3a14062532fd63e3100f1873c5e3bb3da30853bd9f9343e487092e096
newdata512-0029	new5100-s04-63df9228-6303-4f4c-9a32-e7fb19950888-r4	4	L1_steps_01_20	63df9228-6303-4f4c-9a32-e7fb19950888	4	hotpotqa	log/agenticIterRag/260715-005906-987696-pipeline-agentic_iter_rag_v1_spad_qwen3_1_7b_newdata_5100_gold_token_f1_v3_postnorm03_stage1/outputs/stages/train_agent/spad_rag/search_policy_rl/rollout_data/4.jsonl	230	Larry Flynt Publications owns Hustler TV and is run by who?	"[""Tony Cochi""]"	Larry Flynt	0.0	0.0	1	0	true	true	supported_answer	Larry Flynt	S	supported_answer	Larry Flynt	Visible evidence identifies Larry Flynt as president of Larry Flynt Publications, providing the sole supported person running the company even though it differs from the reference gold.	Codex	2026-07-15T17:01:35+08:00	a37f150f30dbd2d0fdb6adc8b7b23b893a350d3c06e8c805c311f811d62934d4	19329489a597d2406b73b7045eb9549dcaa1d34815cfb648a207e2391f889ca9
newdata512-0030	new5100-s04-67803358-2ad5-40f4-8d4f-aed4bde2767f-r2	4	L1_steps_01_20	67803358-2ad5-40f4-8d4f-aed4bde2767f	2	musique	log/agenticIterRag/260715-005906-987696-pipeline-agentic_iter_rag_v1_spad_qwen3_1_7b_newdata_5100_gold_token_f1_v3_postnorm03_stage1/outputs/stages/train_agent/spad_rag/search_policy_rl/rollout_data/4.jsonl	167	When was free education introduced in the country where the resort town of Kalkudah is located?	"[""1 October 1945""]"	Free education was introduced in Turkey in 1963.	0.0	0.0	1	0	true	true	insufficient_evidence	证据不足无法作答	I	insufficient_evidence		Evidence places Kalkudah/Pasikudah in Sri Lanka but contains no fact stating when free education was introduced there.	Codex	2026-07-15T17:01:35+08:00	fe42c3f823b2fbdfe54d35403897a78152261bb5d3874e3691b6eabe530b7ff7	f02914de3544b89be1017dde62d60b3a09f7733fe0a09db5bd94d14f7c9512e3
newdata512-0031	new5100-s04-87c374e4-6c9a-4f0a-b4d3-eda7e47c8947-r5	4	L1_steps_01_20	87c374e4-6c9a-4f0a-b4d3-eda7e47c8947	5	nq	log/agenticIterRag/260715-005906-987696-pipeline-agentic_iter_rag_v1_spad_qwen3_1_7b_newdata_5100_gold_token_f1_v3_postnorm03_stage1/outputs/stages/train_agent/spad_rag/search_policy_rl/rollout_data/4.jsonl	379	when did tinkerbell and the neverbeast come out?	"[""2014""]"	Tinker Bell and the Neverbeast came out in 2015.	0.0	0.0	1	0	true	true	supported_answer	March 3, 2015	A	ambiguous_evidence		Evidence gives a December 2014 release in selected overseas markets and 2015 US theatrical/video releases; the unscoped question permits multiple incompatible dates.	Codex	2026-07-15T17:01:35+08:00	cdd9ce3b5c0260d40808f3eb2cc7b0228151073b677db05fd343230b07dfd1cb	829a3dcd27c55d2f37221daeb2e6268766c91e7077aa711724fd5f29e3d59580
newdata512-0032	new5100-s04-b77269fc-30f5-418f-bb1b-0fcaeb174213-r4	4	L1_steps_01_20	b77269fc-30f5-418f-bb1b-0fcaeb174213	4	nq	log/agenticIterRag/260715-005906-987696-pipeline-agentic_iter_rag_v1_spad_qwen3_1_7b_newdata_5100_gold_token_f1_v3_postnorm03_stage1/outputs/stages/train_agent/spad_rag/search_policy_rl/rollout_data/4.jsonl	200	who invented the first curling iron in 1872?	"[""Marcel Grateau""]"	Marcel Grateau	1.0	1.0	2	0	false	false			S	supported_answer	Marcel Grateau	The marcelling passage names Marcel Grateau as the inventor associated with the technique in 1872.	Codex	2026-07-15T17:01:35+08:00	2af42c3a18000106a2d7e462c9b52b5d94f1f2d9e8009a3f13fb53f3a005b2d1	8539245fd4ce0fac38e88e3f2c90915b180c17fa89e7d0d48419e7c15de909dd
newdata512-0033	new5100-s04-c06c8a66-75ac-49ca-8ade-cd675eda37f7-r2	4	L1_steps_01_20	c06c8a66-75ac-49ca-8ade-cd675eda37f7	2	2wikimultihopqa	log/agenticIterRag/260715-005906-987696-pipeline-agentic_iter_rag_v1_spad_qwen3_1_7b_newdata_5100_gold_token_f1_v3_postnorm03_stage1/outputs/stages/train_agent/spad_rag/search_policy_rl/rollout_data/4.jsonl	231	Do director of film The Phantom Of Crestwood and director of film Cartel Land share the same nationality?	"[""yes""]"	Yes, both directors are American.	0.0	0.33333333333333337	1	0	true	true	insufficient_evidence	证据不足无法作答	I	insufficient_evidence		Evidence identifies both directors and describes both films as American, but it never states either director's nationality.	Codex	2026-07-15T17:06:07+08:00	714f0488ed0c5c24503646a91a280f3b48d3cece39545ff468800a7158d6eb51	30b068b1dc457ae3a5f8593848ca20d8850482607abf9908c71275d92fb2cdbe
newdata512-0034	new5100-s04-cd6fb9cd-931a-402e-a15c-1bbc742b38ab-r6	4	L1_steps_01_20	cd6fb9cd-931a-402e-a15c-1bbc742b38ab	6	musique	log/agenticIterRag/260715-005906-987696-pipeline-agentic_iter_rag_v1_spad_qwen3_1_7b_newdata_5100_gold_token_f1_v3_postnorm03_stage1/outputs/stages/train_agent/spad_rag/search_policy_rl/rollout_data/4.jsonl	429	What is the largest football stadium in the world in the country invading another country originating Mapado and trying to take over their country?	"[""The Rungrado 1st of May Stadium, also known as the May Day Stadium""]"		0.0	0.0	1	0	true	true	insufficient_evidence	证据不足无法作答	I	insufficient_evidence		Evidence names Rungrado as the world's largest stadium in North Korea but does not establish the question's Mapado/invasion condition.	Codex	2026-07-15T17:06:07+08:00	a43990b8f0cbd73b87ef2d07bd3acca84570a375bd8bf7eaf2bb4b1daa07d5ab	a2af63fa682dcaceef3db516b3dedac36eaf9d66333c6d5f642de99e302f1433
newdata512-0035	new5100-s04-d34a8126-38a1-4123-9b8f-d3252cacf654-r1	4	L1_steps_01_20	d34a8126-38a1-4123-9b8f-d3252cacf654	1	2wikimultihopqa	log/agenticIterRag/260715-005906-987696-pipeline-agentic_iter_rag_v1_spad_qwen3_1_7b_newdata_5100_gold_token_f1_v3_postnorm03_stage1/outputs/stages/train_agent/spad_rag/search_policy_rl/rollout_data/4.jsonl	31	When is Claire Van Kampen's husband's birthday?	"[""18 January 1960""]"	Robert Van Kampen was born on October 21, 1945.	0.0	0.0	1	0	true	true	insufficient_evidence	证据不足无法作答	I	insufficient_evidence		Evidence identifies Mark Rylance and Chris van Kampen as Claire van Kampen's husbands but gives neither man's birthday.	Codex	2026-07-15T17:06:07+08:00	2f4a8da09f2619db9f813803e1065393e2365154b9a938964b8fec0dacfc1ea5	b3dd8f33d4ca4468423a246abacb4ed59d33d3ff0f169a4579a338d6593d38d3
newdata512-0036	new5100-s05-70aae065-58d1-4552-8841-926704f22ecf-r0	5	L1_steps_01_20	70aae065-58d1-4552-8841-926704f22ecf	0	hotpotqa	log/agenticIterRag/260715-005906-987696-pipeline-agentic_iter_rag_v1_spad_qwen3_1_7b_newdata_5100_gold_token_f1_v3_postnorm03_stage1/outputs/stages/train_agent/spad_rag/search_policy_rl/rollout_data/5.jsonl	50	Between Romesh Ranganathan and Ben Miller, who has more experience in the entertainment industry?	"[""Ben Miller""]"		0.0	0.0	1	0	true	true	insufficient_evidence	证据不足无法作答	I	insufficient_evidence		Evidence dates Romesh Ranganathan's professional comedy career but supplies no career chronology for Ben Miller, so experience cannot be compared.	Codex	2026-07-15T17:06:07+08:00	10404c199b41b15cbdb47012738d703ecad99dba52fed80053e931cf35c078cc	5749a77606612f46e29177525345f2675643143e35f7d50a03d5096b989d235e
newdata512-0037	new5100-s06-d5aa4fa7-8336-4954-afc6-e742d5cd72fd-r4	6	L1_steps_01_20	d5aa4fa7-8336-4954-afc6-e742d5cd72fd	4	nq	log/agenticIterRag/260715-005906-987696-pipeline-agentic_iter_rag_v1_spad_qwen3_1_7b_newdata_5100_gold_token_f1_v3_postnorm03_stage1/outputs/stages/train_agent/spad_rag/search_policy_rl/rollout_data/6.jsonl	252	who won xfactor the year olly murs was in it?	"[""Joe McElderry""]"	Joe McElderry	1.0	1.0	1	0	false	false			S	supported_answer	Joe McElderry	The Olly Murs passage explicitly says he lost the final to Joe McElderry and finished runner-up.	Codex	2026-07-15T17:06:07+08:00	8fa104d407c31793db93544876112b2ab6d6003043f25ba6afa3f01241550045	a3733d97104462bba979ab16a1ba43b94067e283e99a2e1ec44bca1b4c5352b4
newdata512-0038	new5100-s07-100d89eb-b822-46f1-ba43-e3bf4ba97c2e-r7	7	L1_steps_01_20	100d89eb-b822-46f1-ba43-e3bf4ba97c2e	7	nq	log/agenticIterRag/260715-005906-987696-pipeline-agentic_iter_rag_v1_spad_qwen3_1_7b_newdata_5100_gold_token_f1_v3_postnorm03_stage1/outputs/stages/train_agent/spad_rag/search_policy_rl/rollout_data/7.jsonl	496	how many gold medals won by india in olympics till now?	"[""9""]"	156	0.0	0.0	1	0	true	true	ambiguous_evidence	证据不足无法作答	I	insufficient_evidence		Evidence gives India's total Olympic medal count but not its Olympic gold count; the 139 and 156 gold figures refer to other competitions.	Codex	2026-07-15T17:06:07+08:00	11a2478fbff667abbcbb6c9c12bf8893f7f5e7d06cb6075c1cb16d69d98bce13	a923ac1b30adf1f6a79c638bed207533d94a21b0b458a124c4869b2e9e1079c5
newdata512-0039	new5100-s07-65f43a01-2086-439b-9484-8031345922c3-r6	7	L1_steps_01_20	65f43a01-2086-439b-9484-8031345922c3	6	nq	log/agenticIterRag/260715-005906-987696-pipeline-agentic_iter_rag_v1_spad_qwen3_1_7b_newdata_5100_gold_token_f1_v3_postnorm03_stage1/outputs/stages/train_agent/spad_rag/search_policy_rl/rollout_data/7.jsonl	475	who was the mvp of the super bowl?	"[""Philadelphia Eagles quarterback Nick Foles""]"		0.0	0.0	1	0	true	true	insufficient_evidence	证据不足无法作答	A	ambiguous_evidence		The question does not identify a Super Bowl, while evidence names Nick Foles for Super Bowl LII and Tom Brady for Super Bowl LI.	Codex	2026-07-15T17:06:07+08:00	dea23f3a4a5d53b000b4c648e43eef1de53306c49c5fa97064baf5ced3dcc12c	b437417579b0a1bcc34d03ad6da46610e1748c0ecc1262d0474de957f33566fe
newdata512-0040	new5100-s07-97db9e53-78ee-4871-bbda-eb76f5fe8a66-r5	7	L1_steps_01_20	97db9e53-78ee-4871-bbda-eb76f5fe8a66	5	nq	log/agenticIterRag/260715-005906-987696-pipeline-agentic_iter_rag_v1_spad_qwen3_1_7b_newdata_5100_gold_token_f1_v3_postnorm03_stage1/outputs/stages/train_agent/spad_rag/search_policy_rl/rollout_data/7.jsonl	302	who did people's magazine name as its first sexiest man alive in 1985?	"[""Mel Gibson""]"		0.0	0.0	1	0	true	true	insufficient_evidence	证据不足无法作答	S	supported_answer	Mel Gibson	The People passage traces the title's origin to a planned story on Mel Gibson, uniquely supporting him as the inaugural selection.	Codex	2026-07-15T17:06:07+08:00	cd9d74e4ec1b36bc9b16e4b3d9c626cabb7cfc62ec4cdda8b54a795d082361c2	28e594c47d9e310ad315659ba637d47c2ecdbf6b5c95d6afbff488951bf7f580
newdata512-0041	new5100-s07-c5fd6771-5939-4194-8d95-74985b97a4ba-r6	7	L1_steps_01_20	c5fd6771-5939-4194-8d95-74985b97a4ba	6	nq	log/agenticIterRag/260715-005906-987696-pipeline-agentic_iter_rag_v1_spad_qwen3_1_7b_newdata_5100_gold_token_f1_v3_postnorm03_stage1/outputs/stages/train_agent/spad_rag/search_policy_rl/rollout_data/7.jsonl	409	who wrote it was the best of times it was the worst of times?	"[""Charles Dickens""]"	Supertramp	0.0	0.0	1	0	false	false			S	supported_answer	Charles Dickens	Evidence states that the quoted album title uses the opening line of A Tale of Two Cities by Charles Dickens.	Codex	2026-07-15T17:06:07+08:00	efd7fa874aa12c69996ddde5d411563b7ae5423e950d076af174a792756ca2b1	1489d4e5851290bab770a30dfb13ae67d8c670efe561b2b39b321ab0ceb47c45
newdata512-0042	new5100-s07-eee700a2-72af-4666-bbeb-acf4aa9d6ac0-r5	7	L1_steps_01_20	eee700a2-72af-4666-bbeb-acf4aa9d6ac0	5	musique	log/agenticIterRag/260715-005906-987696-pipeline-agentic_iter_rag_v1_spad_qwen3_1_7b_newdata_5100_gold_token_f1_v3_postnorm03_stage1/outputs/stages/train_agent/spad_rag/search_policy_rl/rollout_data/7.jsonl	431	What's the highest part of the state where Selma, Lord, Selma was filmed?	"[""Cheaha Mountain""]"		0.0	0.0	1	0	true	true	insufficient_evidence	证据不足无法作答	I	insufficient_evidence		Evidence places filming in Selma, Alabama, but contains no fact identifying Alabama's highest point.	Codex	2026-07-15T17:06:07+08:00	502c7238cb82d9c5f8d6a208d8810778d6245c9f3da4c539dad2f8d4c9e4f2db	929d01b60846c474c6075be289fbdf4b7693834d6bd90553e8a78196e27a4094
newdata512-0043	new5100-s07-f23f4b8b-539c-4ca3-9479-5a99dbda20f3-r7	7	L1_steps_01_20	f23f4b8b-539c-4ca3-9479-5a99dbda20f3	7	nq	log/agenticIterRag/260715-005906-987696-pipeline-agentic_iter_rag_v1_spad_qwen3_1_7b_newdata_5100_gold_token_f1_v3_postnorm03_stage1/outputs/stages/train_agent/spad_rag/search_policy_rl/rollout_data/7.jsonl	352	when did ac milan last win serie a?	"[""2010–11""]"	2010-11	0.0	0.0	1	0	false	false			S	supported_answer	2010-11 season	The A.C. Milan passage explicitly says Milan recaptured the Scudetto in the 2010-11 Serie A season.	Codex	2026-07-15T17:06:07+08:00	15f447fac6289c9ce6b248d61b8d3844eb3b886c4dd0c4a39a5743b7abae367b	b1dd8452bea5dc6ae52a61d544ae122844124341d94276418a6fa85863646e76
newdata512-0044	new5100-s07-ffdee3d7-a1d4-4ce1-a3ed-b176a95517ba-r1	7	L1_steps_01_20	ffdee3d7-a1d4-4ce1-a3ed-b176a95517ba	1	nq	log/agenticIterRag/260715-005906-987696-pipeline-agentic_iter_rag_v1_spad_qwen3_1_7b_newdata_5100_gold_token_f1_v3_postnorm03_stage1/outputs/stages/train_agent/spad_rag/search_policy_rl/rollout_data/7.jsonl	127	photosynthesis converts solar energy into which type of energy?	"[""chemical energy""]"	chemical energy	1.0	1.0	1	0	false	false			S	supported_answer	chemical energy	The photosynthesis passage directly states that organisms convert light energy into chemical energy.	Codex	2026-07-15T17:06:07+08:00	b64a096490ae019e378792dbca53e90869193b55c7a83206db75f6bd44ad3589	2b2289f635444af621fad8e8bf4c5830f03bd95cefa881873b646814e29b5372
newdata512-0045	new5100-s08-36ccea60-3d35-4f26-b5d3-7a529a5413db-r4	8	L1_steps_01_20	36ccea60-3d35-4f26-b5d3-7a529a5413db	4	hotpotqa	log/agenticIterRag/260715-005906-987696-pipeline-agentic_iter_rag_v1_spad_qwen3_1_7b_newdata_5100_gold_token_f1_v3_postnorm03_stage1/outputs/stages/train_agent/spad_rag/search_policy_rl/rollout_data/8.jsonl	356	Jeremy Fell Mathews, was the last Attorney General of Hong Kong before 1997, He served in the post from 1988 to 1997, under the governorship of Lord Wilson of Tillyorn and the last governor, which British politician who served as the 28th and last Governor of Hong Kong from 1992 to 1997?	"[""Chris Patten""]"	Chris Patten	1.0	1.0	1	0	false	false			S	supported_answer	Chris Patten	Evidence directly identifies Chris Patten as the 28th and final Governor of Hong Kong from 1992 to 1997.	Codex	2026-07-15T17:06:07+08:00	113e703f79b1d8c2ce041b9622b15356fdcd696844d9fc5c890fd8d24db252ae	33f0e7176c77924e389b19069af749cfaa67aac4bb08ee08bca09e45a7c5ebc5
newdata512-0046	new5100-s08-a2f225c6-8edf-4099-b1ce-6718a0203495-r2	8	L1_steps_01_20	a2f225c6-8edf-4099-b1ce-6718a0203495	2	nq	log/agenticIterRag/260715-005906-987696-pipeline-agentic_iter_rag_v1_spad_qwen3_1_7b_newdata_5100_gold_token_f1_v3_postnorm03_stage1/outputs/stages/train_agent/spad_rag/search_policy_rl/rollout_data/8.jsonl	143	who won season 22 america's next top model?	"[""Nyle DiMarco""]"	Nyle DiMarco	1.0	1.0	1	0	false	false			S	supported_answer	Nyle DiMarco	The season 22 passage explicitly names Nyle DiMarco as the competition winner.	Codex	2026-07-15T17:06:07+08:00	97dcecf864d4dbfafa06e75d4d1d9524b28abda6451bf11a95e95f14a9836ed5	47aff40eedef3b06bfebff0ab4927e333b563fb95fe9d9c377e24b1038bce74f
newdata512-0047	new5100-s08-b17c71ec-6b77-4c0e-80f9-2efab84f1dbc-r1	8	L1_steps_01_20	b17c71ec-6b77-4c0e-80f9-2efab84f1dbc	1	nq	log/agenticIterRag/260715-005906-987696-pipeline-agentic_iter_rag_v1_spad_qwen3_1_7b_newdata_5100_gold_token_f1_v3_postnorm03_stage1/outputs/stages/train_agent/spad_rag/search_policy_rl/rollout_data/8.jsonl	24	who played el guapo in the three amigos?	"[""Alfonso Arau Incháustegui""]"	Steve Martin played El Guapo in the Three Amigos.	0.0	0.0	1	0	true	true	insufficient_evidence	证据不足无法作答	I	insufficient_evidence		The Three Amigos passages describe El Guapo and name the title actors but never identify the actor who played El Guapo.	Codex	2026-07-15T17:06:07+08:00	4e040b14bc114b39dd1f625cf50c88f2caab8ed0966706d7cd2869b0485aca58	4f49349af9f45fe9955da49bd3c5cba5739bf5acac4378c5bf3a1212c8e3c55c
newdata512-0048	new5100-s08-be49a2a6-d149-41ff-ac82-1b016ab6512f-r1	8	L1_steps_01_20	be49a2a6-d149-41ff-ac82-1b016ab6512f	1	nq	log/agenticIterRag/260715-005906-987696-pipeline-agentic_iter_rag_v1_spad_qwen3_1_7b_newdata_5100_gold_token_f1_v3_postnorm03_stage1/outputs/stages/train_agent/spad_rag/search_policy_rl/rollout_data/8.jsonl	120	provided the voice of the geico insurance company gecko in its tv ad debut?	"[""Kelsey Grammer""]"	Jake Wood	0.0	0.0	1	0	true	true	insufficient_evidence	证据不足无法作答	I	insufficient_evidence		Evidence names later gecko voices and describes the debut commercial, but does not name the voice performer in that debut.	Codex	2026-07-15T17:06:07+08:00	8f10513eb20c8b59cf13e46d208a9f62ced37d2e66cb0c6f64659143f35a4e37	1fd352457da8923ddfb90d621965acf004cecc23adcc83d166aa533b704fec71
newdata512-0049	new5100-s08-c35bb8ce-cc0d-4882-9392-8cbc42747b2a-r4	8	L1_steps_01_20	c35bb8ce-cc0d-4882-9392-8cbc42747b2a	4	nq	log/agenticIterRag/260715-005906-987696-pipeline-agentic_iter_rag_v1_spad_qwen3_1_7b_newdata_5100_gold_token_f1_v3_postnorm03_stage1/outputs/stages/train_agent/spad_rag/search_policy_rl/rollout_data/8.jsonl	303	when did child's play 1 come out?	"[""1988""]"		0.0	0.0	1	0	false	false			S	supported_answer	November 9, 1988	Evidence says Child's Play 2 opened November 9, 1990 exactly two years after the first film, supporting November 9, 1988.	Codex	2026-07-15T17:06:07+08:00	1e0b16364785b35218baff7d3f9d8e2cdef18fe1c0d1493c64338e9d4a636a11	94325d46a939191232bdcd6a5b00f3e8e142636d0a4602c48bb6abe04df4fa5d
newdata512-0050	new5100-s08-f7d2ca1e-fec7-45d5-897b-9d0d5f36ae0c-r1	8	L1_steps_01_20	f7d2ca1e-fec7-45d5-897b-9d0d5f36ae0c	1	2wikimultihopqa	log/agenticIterRag/260715-005906-987696-pipeline-agentic_iter_rag_v1_spad_qwen3_1_7b_newdata_5100_gold_token_f1_v3_postnorm03_stage1/outputs/stages/train_agent/spad_rag/search_policy_rl/rollout_data/8.jsonl	27	Are Riley Creek (Ontario) and Orla (Saale) both located in the same country?	"[""no""]"	Riley Creek (Ontario) and Orla (Saale) are located in different countries.	0.0	0.0	1	0	true	true	insufficient_evidence	证据不足无法作答	I	insufficient_evidence		Evidence locates Orla's municipality in Germany but retrieves other Ontario creeks rather than Riley Creek, so the two target locations cannot be fully compared.	Codex	2026-07-15T17:06:07+08:00	d7376ef067677eba86a78e88f76f65e1022db65fab281f399cd16fe143fb616d	1b24ef3ed8287682c1e7711d3bd657fe493c6bbadf790ea669f2ac176944d1ca
newdata512-0051	new5100-s09-48ca8249-e92e-4f49-87f2-0529b7b76570-r4	9	L1_steps_01_20	48ca8249-e92e-4f49-87f2-0529b7b76570	4	nq	log/agenticIterRag/260715-005906-987696-pipeline-agentic_iter_rag_v1_spad_qwen3_1_7b_newdata_5100_gold_token_f1_v3_postnorm03_stage1/outputs/stages/train_agent/spad_rag/search_policy_rl/rollout_data/9.jsonl	366	when did nike just do it come out?	"[""1988""]"	Nike Just Do It was launched in 1988.	0.0	0.2222222222222222	1	0	false	false			S	supported_answer	1988	The Just Do It passage explicitly says the Nike slogan was coined in 1988.	Codex	2026-07-15T17:06:07+08:00	6c362312fb2de56116cc2ee35206dde0e8e23eea5c093d424aa1505e36bc1bff	c3d514b8d58b2ff40166b72fd90ab3870370fe0bc8edc87525b56012547c2bac
newdata512-0052	new5100-s09-5eaa9677-dd10-44e5-958c-f98d81a77c80-r3	9	L1_steps_01_20	5eaa9677-dd10-44e5-958c-f98d81a77c80	3	nq	log/agenticIterRag/260715-005906-987696-pipeline-agentic_iter_rag_v1_spad_qwen3_1_7b_newdata_5100_gold_token_f1_v3_postnorm03_stage1/outputs/stages/train_agent/spad_rag/search_policy_rl/rollout_data/9.jsonl	236	whose the minister of finance in south africa?	"[""Nhlanhla Nene""]"	Tito Mboweni	0.0	0.0	1	0	true	true	supported_answer	Tito Mboweni	S	supported_answer	Tito Mboweni	The evidence snapshot explicitly identifies Tito Mboweni as South Africa's current Minister of Finance and dates his swearing-in.	Codex	2026-07-15T17:06:07+08:00	13f1b044e501609c929e523b3502b635c0433d53f29b7f1c5a663577f9156d03	00bc993088d275f3cccc1fa75ca6ccbac3d108910a662cfbfe31a299bf839481
newdata512-0053	new5100-s09-73fb2e4a-e9ca-42ab-8d1b-c62d1e9d5571-r2	9	L1_steps_01_20	73fb2e4a-e9ca-42ab-8d1b-c62d1e9d5571	2	musique	log/agenticIterRag/260715-005906-987696-pipeline-agentic_iter_rag_v1_spad_qwen3_1_7b_newdata_5100_gold_token_f1_v3_postnorm03_stage1/outputs/stages/train_agent/spad_rag/search_policy_rl/rollout_data/9.jsonl	95	What did the publisher of Banjo-Tooie rely primarily on for its support?	"[""first-party games""]"	Rare	0.0	0.0	1	0	true	true	insufficient_evidence	证据不足无法作答	I	insufficient_evidence		Evidence identifies Nintendo as Banjo-Tooie's publisher but does not state what Nintendo relied on for support.	Codex	2026-07-15T17:06:07+08:00	446a5227d44caaba99e13f1a3310ba4ac8b6a5d061e169439ad34281311ce6f4	faa5ed64e0e259066714ae236ec70e0850991431b20091e3915a287a0e3223cf
newdata512-0054	new5100-s09-762f8b88-f320-4135-9ac1-1c503bf3f020-r1	9	L1_steps_01_20	762f8b88-f320-4135-9ac1-1c503bf3f020	1	musique	log/agenticIterRag/260715-005906-987696-pipeline-agentic_iter_rag_v1_spad_qwen3_1_7b_newdata_5100_gold_token_f1_v3_postnorm03_stage1/outputs/stages/train_agent/spad_rag/search_policy_rl/rollout_data/9.jsonl	72	Who was the mother of the author of The Picture of Dorian Gray?	"[""Jane Wilde""]"	Jane Wilde	1.0	1.0	2	0	false	false			S	supported_answer	Jane Wilde	The retrieved Oscar Wilde and Jane Wilde passages support Jane Wilde as the author's mother.	Codex	2026-07-15T17:06:07+08:00	7c794de8a5988f21d185fdbba3a1dc623dd87c67b7c0e3f60c058fdb20a29b1d	d29b6b5059df5f40b7aa105aa557eedc0868eed138c5d51d8695d6ae4057f58d
newdata512-0055	new5100-s09-ae20dc43-1f8a-4133-b681-a28286962a8a-r3	9	L1_steps_01_20	ae20dc43-1f8a-4133-b681-a28286962a8a	3	hotpotqa	log/agenticIterRag/260715-005906-987696-pipeline-agentic_iter_rag_v1_spad_qwen3_1_7b_newdata_5100_gold_token_f1_v3_postnorm03_stage1/outputs/stages/train_agent/spad_rag/search_policy_rl/rollout_data/9.jsonl	351	Luis Llosa and John Ince shared what job?	"[""film director""]"	No information is available about Luis Llosa and John Ince sharing a specific job based on the provided search results.	0.0	0.0	1	0	true	true	insufficient_evidence	证据不足无法作答	I	insufficient_evidence		Evidence describes John F. Ince's occupations but contains no information about Luis Llosa, so no shared job is established.	Codex	2026-07-15T17:06:07+08:00	5ab7237925a06bb07bfa56f8e3df016a9047622a71d2bf7b25eb5132ba229322	63a3e8defe6bf10931c48c7484054fa2138b51c008cc85b2c01e70d4946915d9
newdata512-0056	new5100-s09-d5c9d846-04a2-42df-be6f-9711b62850b3-r3	9	L1_steps_01_20	d5c9d846-04a2-42df-be6f-9711b62850b3	3	nq	log/agenticIterRag/260715-005906-987696-pipeline-agentic_iter_rag_v1_spad_qwen3_1_7b_newdata_5100_gold_token_f1_v3_postnorm03_stage1/outputs/stages/train_agent/spad_rag/search_policy_rl/rollout_data/9.jsonl	139	another name for the systems development life cycle methodology is?	"[""application development life-cycle""]"	application development life-cycle	1.0	1.0	1	0	false	false			S	supported_answer	application development life-cycle	The SDLC passage directly gives application development life-cycle as another name.	Codex	2026-07-15T17:06:07+08:00	20e6c6d730888f68451cee1ca53e073009dc394e9b5f1ce3017a02194db7dede	013544c87e8762943bf5fe85f583a145e11a423636e518e551ab02f779fb50ce
newdata512-0057	new5100-s09-fbd6405b-0062-44ca-a345-8a5dd1b90f4d-r0	9	L1_steps_01_20	fbd6405b-0062-44ca-a345-8a5dd1b90f4d	0	nq	log/agenticIterRag/260715-005906-987696-pipeline-agentic_iter_rag_v1_spad_qwen3_1_7b_newdata_5100_gold_token_f1_v3_postnorm03_stage1/outputs/stages/train_agent/spad_rag/search_policy_rl/rollout_data/9.jsonl	6	who played john wayne's grandson in big jake?	"[""Ethan Wayne""]"	Ethan Wayne	1.0	1.0	1	0	false	false			S	supported_answer	Ethan Wayne	Evidence identifies Ethan Wayne as John Wayne's son and the Big Jake material supports his role as the grandson character.	Codex	2026-07-15T17:06:07+08:00	0ee0c846c3f918a5c364014b67ab8df0c1dac2415f72b4d433fa9473d6ac9456	f856d1728ae4394b50c98f6cc3833f76cdc8346f71f15b77ac7dc61acff7d3ff
newdata512-0058	new5100-s10-0fab46ec-9c51-4fed-b148-89bef405309a-r7	10	L1_steps_01_20	0fab46ec-9c51-4fed-b148-89bef405309a	7	nq	log/agenticIterRag/260715-005906-987696-pipeline-agentic_iter_rag_v1_spad_qwen3_1_7b_newdata_5100_gold_token_f1_v3_postnorm03_stage1/outputs/stages/train_agent/spad_rag/search_policy_rl/rollout_data/10.jsonl	409	a person who travels in space is called?	"[""An astronaut or cosmonaut""]"	Astronaut	0.0	0.5	1	0	true	true	supported_answer	Astronaut	S	supported_answer	astronaut or cosmonaut	The astronaut passage directly defines an astronaut or cosmonaut as a person trained to travel and serve in spaceflight.	Codex	2026-07-15T17:06:07+08:00	f2f6142eca7c260f6c2e9d006d524551681b00c7b6e94dc6782d67698e759820	7787f2543c62ac90fb117adc02d021a4adee1208293e2b8e6718278ccedec0ae
newdata512-0059	new5100-s10-14dd711f-8aeb-4a94-8b5d-d61c14662694-r4	10	L1_steps_01_20	14dd711f-8aeb-4a94-8b5d-d61c14662694	4	2wikimultihopqa	log/agenticIterRag/260715-005906-987696-pipeline-agentic_iter_rag_v1_spad_qwen3_1_7b_newdata_5100_gold_token_f1_v3_postnorm03_stage1/outputs/stages/train_agent/spad_rag/search_policy_rl/rollout_data/10.jsonl	341	Were Marc Handler and Duke Ferdinand Of Brunswick-Wolfenbüttel from the same country?	"[""no""]"	Yes, Marc Handler and Duke Ferdinand of Brunswick-Wolfenbüttel were from the same country (Germany).	0.0	0.0	1	0	true	true	insufficient_evidence	证据不足无法作答	I	insufficient_evidence		Evidence identifies Duke Ferdinand as German-Prussian but provides no country or nationality for Marc Handler.	Codex	2026-07-15T17:06:07+08:00	0804acb566d12c9b642171db7315af56d76c4ebe25473b972cf515a9ab37b2cc	6f7161e9fd114957e8bba106176445510670c60caf359c3fe80a99256652d438
newdata512-0060	new5100-s10-221e1ce3-bbb6-4ef4-8484-bcfbbc01717c-r6	10	L1_steps_01_20	221e1ce3-bbb6-4ef4-8484-bcfbbc01717c	6	2wikimultihopqa	log/agenticIterRag/260715-005906-987696-pipeline-agentic_iter_rag_v1_spad_qwen3_1_7b_newdata_5100_gold_token_f1_v3_postnorm03_stage1/outputs/stages/train_agent/spad_rag/search_policy_rl/rollout_data/10.jsonl	446	Which country the director of film Lure Of The Gold is from?	"[""American""]"		0.0	0.0	2	0	true	true	supported_answer	Peru	I	insufficient_evidence		The search conflates the target title with Ulee's Gold and gives where Victor Nunez grew up, not a supported country of origin for the target film's director.	Codex	2026-07-15T17:06:07+08:00	4c0cc323176e362d67598e51dc5bd3b41a6ff7fddbb7839620853876eb02ff47	8ee30bb121e49f9e9a9b5787fb081b03b60b0ea4d3e43de96d43a0de4d544fa3
newdata512-0061	new5100-s10-a911495e-7362-455b-a5bd-44cdf83dbb09-r4	10	L1_steps_01_20	a911495e-7362-455b-a5bd-44cdf83dbb09	4	nq	log/agenticIterRag/260715-005906-987696-pipeline-agentic_iter_rag_v1_spad_qwen3_1_7b_newdata_5100_gold_token_f1_v3_postnorm03_stage1/outputs/stages/train_agent/spad_rag/search_policy_rl/rollout_data/10.jsonl	303	when did new kids on the block come out?	"[""April 1986""]"		0.0	0.0	1	0	true	true	insufficient_evidence	证据不足无法作答	I	insufficient_evidence		The New Kids on the Block passages discuss later releases and group history but do not give the requested original release date.	Codex	2026-07-15T17:06:07+08:00	4f0c9e40191fa921e19fc252f47f2b5adea3ae926681e290dd290f53d2bc3f0a	b43f3403694c9f8b363c8b0f2d195388f426541b3231dfbe21bba9cfd8c1c75e
newdata512-0062	new5100-s10-bd2c361f-2bc0-4223-8f97-7e9834f69d2f-r5	10	L1_steps_01_20	bd2c361f-2bc0-4223-8f97-7e9834f69d2f	5	musique	log/agenticIterRag/260715-005906-987696-pipeline-agentic_iter_rag_v1_spad_qwen3_1_7b_newdata_5100_gold_token_f1_v3_postnorm03_stage1/outputs/stages/train_agent/spad_rag/search_policy_rl/rollout_data/10.jsonl	355	In September 1914, during the war in which James Youll Turnbull served, where was the initial German offensive on the Western Front stopped?	"[""First Battle of the Marne""]"	The initial German offensive on the Western Front in September 1914 was stopped at the Marne River.	0.0	0.11111111111111112	1	0	true	true	insufficient_evidence	证据不足无法作答	S	supported_answer	the Battle of the Marne	The Western Front passage says the initial German advance was dramatically turned at the Battle of the Marne.	Codex	2026-07-15T17:06:07+08:00	634f7f663ac554bfc9bc08f3b414331c68e91ac4ea5f43d63b0f21c1e6020380	11c5554625db48834a5ec41f7c7b4cfc55ad85cb8ea98ed2d5d5b76881d6fe6e
newdata512-0063	new5100-s11-0bea077a-3c79-4e75-9442-c2441296e757-r5	11	L1_steps_01_20	0bea077a-3c79-4e75-9442-c2441296e757	5	musique	log/agenticIterRag/260715-005906-987696-pipeline-agentic_iter_rag_v1_spad_qwen3_1_7b_newdata_5100_gold_token_f1_v3_postnorm03_stage1/outputs/stages/train_agent/spad_rag/search_policy_rl/rollout_data/11.jsonl	282	What river flows through the birthplace of Philip Long?	"[""North Canadian River""]"	Saint-Lawrence River	0.0	0.4	1	0	true	true	insufficient_evidence	证据不足无法作答	I	insufficient_evidence		Evidence says Philip Long's origins and birthplace remain uncertain and supplies no supported birthplace-to-river bridge.	Codex	2026-07-15T17:06:07+08:00	477d27b0ee28fea97de680b39e878e89f2826cabbb7af3d9f2a418f8e3a65343	87bd60452353b8778c1b9750c030baba0da01701bcd2cc14e921521ea569c15b
newdata512-0064	new5100-s11-4bf880e8-29b9-4dee-b3fd-a752a229d6f4-r1	11	L1_steps_01_20	4bf880e8-29b9-4dee-b3fd-a752a229d6f4	1	nq	log/agenticIterRag/260715-005906-987696-pipeline-agentic_iter_rag_v1_spad_qwen3_1_7b_newdata_5100_gold_token_f1_v3_postnorm03_stage1/outputs/stages/train_agent/spad_rag/search_policy_rl/rollout_data/11.jsonl	133	where was sex and the city 2 filmed in morocco?	"[""Amanjena, outside of Marrakesh""]"	"The film ""Sex and the City 2"" was filmed in Morocco at Sidi Kaouki and Amanjena, as well as Abu Dhabi."	0.0	0.08695652173913043	1	0	true	true	supported_answer	Sidi Kaouki, and Amanjena, outside of Marrakesh	S	supported_answer	Sidi Kaouki and Amanjena outside Marrakesh	The filming passage explicitly names both Sidi Kaouki and Amanjena outside Marrakesh as Moroccan locations.	Codex	2026-07-15T17:06:07+08:00	e6d847d03071465ccf32524537c6b9edba74d983f81b348c62816922a614922c	bc6ff5c2f8ff2554491e46edecf9e4c6fafb2ae17ab10b468936938e78d8ef68
newdata512-0065	new5100-s11-5074df36-aa9f-4087-8cec-14cb36339955-r0	11	L1_steps_01_20	5074df36-aa9f-4087-8cec-14cb36339955	0	nq	log/agenticIterRag/260715-005906-987696-pipeline-agentic_iter_rag_v1_spad_qwen3_1_7b_newdata_5100_gold_token_f1_v3_postnorm03_stage1/outputs/stages/train_agent/spad_rag/search_policy_rl/rollout_data/11.jsonl	5	who designed the sundial bridge in redding ca?	"[""Puente del Alamillo in Seville""]"	Santiago Calatrava	0.0	0.0	1	0	true	true	supported_answer	Santiago Calatrava	S	supported_answer	Santiago Calatrava	The Sundial Bridge passage explicitly states that Santiago Calatrava designed it.	Codex	2026-07-15T17:08:30+08:00	5d527d3045762601ca405328975d6da298ae3846adfa8e5f7b8d05b048eac270	1d059474e0b3c717f1f3bbabbf46bd6f77cb6c47ce3db8096f6dcbe2b8f61be9
newdata512-0066	new5100-s11-52a13768-d67c-47e0-9cb5-21555208808c-r7	11	L1_steps_01_20	52a13768-d67c-47e0-9cb5-21555208808c	7	musique	log/agenticIterRag/260715-005906-987696-pipeline-agentic_iter_rag_v1_spad_qwen3_1_7b_newdata_5100_gold_token_f1_v3_postnorm03_stage1/outputs/stages/train_agent/spad_rag/search_policy_rl/rollout_data/11.jsonl	471	What is the highest point in the state WDJO broadcasts in?	"[""Campbell Hill""]"		0.0	0.0	1	0	true	true	insufficient_evidence	证据不足无法作答	I	insufficient_evidence		Evidence locates WDJO in Cincinnati, Ohio, but provides no evidence identifying Ohio's highest point.	Codex	2026-07-15T17:08:30+08:00	0d6b072e0fb7fdddb86bc5e831dca6859715d3e7a90bbe97a02e5877a63a0714	78b2cd6a96e03fbe043a6776772d9b7bf0ba26a011752ac01a4967e62a5a000b
newdata512-0067	new5100-s11-927bace2-595c-4850-9d60-fb4f9979f57d-r6	11	L1_steps_01_20	927bace2-595c-4850-9d60-fb4f9979f57d	6	nq	log/agenticIterRag/260715-005906-987696-pipeline-agentic_iter_rag_v1_spad_qwen3_1_7b_newdata_5100_gold_token_f1_v3_postnorm03_stage1/outputs/stages/train_agent/spad_rag/search_policy_rl/rollout_data/11.jsonl	508	who wrote the song send in the clowns?	"[""Stephen Sondheim""]"	Stephen Sondheim	1.0	1.0	1	0	false	false			S	supported_answer	Stephen Sondheim	The song passage directly states that Send In the Clowns was written by Stephen Sondheim.	Codex	2026-07-15T17:08:30+08:00	9ec8d2b8d3f3c92c204ed869569f4d5989c7c4c3434b9d0c9c68774eb1c78c22	5d4b1a3ae257287f1da58e6b391c310f7c0e76c11b1daa0cc9b04d79a399ead5
newdata512-0068	new5100-s11-93becd57-d75e-4df9-aa90-43fc967433d5-r4	11	L1_steps_01_20	93becd57-d75e-4df9-aa90-43fc967433d5	4	hotpotqa	log/agenticIterRag/260715-005906-987696-pipeline-agentic_iter_rag_v1_spad_qwen3_1_7b_newdata_5100_gold_token_f1_v3_postnorm03_stage1/outputs/stages/train_agent/spad_rag/search_policy_rl/rollout_data/11.jsonl	224	A film featuring a giant anthromorphic pig was based on an act from what theatrical genre of variety entertainment?	"[""Vaudeville""]"	Babe (film)	0.0	0.0	1	0	true	true	insufficient_evidence	证据不足无法作答	I	insufficient_evidence		Retrieved documents discuss Babe and other pig films but never establish the target giant-pig film or a theatrical genre behind it.	Codex	2026-07-15T17:08:30+08:00	bdff3fe9eb67fa93265c150c8b9ab6133266d6bd9a3e9684e4658ac307d2c3a5	87dff9d5c7103dcaa4ba93d3b96926c939ce4dc4cb651f17b5c210683e25a7b4
newdata512-0069	new5100-s11-96d28f95-f690-455f-8c59-11257e0814af-r4	11	L1_steps_01_20	96d28f95-f690-455f-8c59-11257e0814af	4	nq	log/agenticIterRag/260715-005906-987696-pipeline-agentic_iter_rag_v1_spad_qwen3_1_7b_newdata_5100_gold_token_f1_v3_postnorm03_stage1/outputs/stages/train_agent/spad_rag/search_policy_rl/rollout_data/11.jsonl	195	who sang lead vocals on smoke on the water?	"[""Ian Gillan""]"	Jon Lord	0.0	0.0	3	1	false	false			S	supported_answer	Ian Gillan	The Smoke on the Water passage describes the band entering before the start of Ian Gillan's vocal, supporting him as lead vocalist.	Codex	2026-07-15T17:08:30+08:00	e96622870d2a7663654a4525e5ae5925a92af221b4deaf21ca3c38b4f419639c	dd0a631d4cc93e7faa687ba8063a527ed9898fd9681565d201126e4129a5a489
newdata512-0070	new5100-s11-a1dfc627-48b8-49fc-9f16-f906df704dc4-r2	11	L1_steps_01_20	a1dfc627-48b8-49fc-9f16-f906df704dc4	2	hotpotqa	log/agenticIterRag/260715-005906-987696-pipeline-agentic_iter_rag_v1_spad_qwen3_1_7b_newdata_5100_gold_token_f1_v3_postnorm03_stage1/outputs/stages/train_agent/spad_rag/search_policy_rl/rollout_data/11.jsonl	110	The 5th Wave has been compared to a 2006 novel by what American writer?	"[""Cormac McCarthy""]"	Rick Yancey	0.0	0.0	1	0	false	false			I	insufficient_evidence		Evidence says The 5th Wave was compared to The Road but does not identify The Road's author, so the requested writer is unsupported.	Codex	2026-07-15T17:08:30+08:00	fa6ce88a3e899915361f157d79ede8e14974bb426693fe3ea335a7e186987916	0d77d2c79e655e564840dfe472e5a12af2f5837579e80d4e1ad28b97a42a5619
newdata512-0071	new5100-s11-b185e7b9-a56b-4f16-9614-891f396b5f88-r0	11	L1_steps_01_20	b185e7b9-a56b-4f16-9614-891f396b5f88	0	musique	log/agenticIterRag/260715-005906-987696-pipeline-agentic_iter_rag_v1_spad_qwen3_1_7b_newdata_5100_gold_token_f1_v3_postnorm03_stage1/outputs/stages/train_agent/spad_rag/search_policy_rl/rollout_data/11.jsonl	86	When was independence achieved by the country where N'dangi is located?	"[""1960""]"		0.0	0.0	1	0	false	false			I	insufficient_evidence		Evidence gives Niger's independence date but does not establish that N'dangi is located in Niger.	Codex	2026-07-15T17:08:30+08:00	f93384114db9bd7e8711316f51500a3279bced95161914db045ee68e336a1238	63948ceb55a9201aeb6357dba8f65a857e63252ffc2143cc6a15438833d9759e
newdata512-0072	new5100-s11-def82da1-90c6-4640-ac1b-63537e15ae67-r6	11	L1_steps_01_20	def82da1-90c6-4640-ac1b-63537e15ae67	6	hotpotqa	log/agenticIterRag/260715-005906-987696-pipeline-agentic_iter_rag_v1_spad_qwen3_1_7b_newdata_5100_gold_token_f1_v3_postnorm03_stage1/outputs/stages/train_agent/spad_rag/search_policy_rl/rollout_data/11.jsonl	371	"""Down on Me"" is a traditional freedom song from the 1920s or earlier that became popular following its remake by Big Brother and the Holding Company, and Janis Lyn Joplin, an American rock singer and songwriter, and died of a heroin overdose at what age?"	"[""27""]"	27	1.0	1.0	1	0	false	false			S	supported_answer	27	The Janis Joplin passage explicitly states that she died of a heroin overdose at age 27.	Codex	2026-07-15T17:08:30+08:00	e26853601dc8f4b68a1b240fb4640caaa5d801466482a41d9805d69644136259	be0e6454b8dc5a0be51c24b5081c44a6873c800e3f3d76a509d3dd83004aabcc
newdata512-0073	new5100-s12-074f98c8-b37f-4416-90eb-012c2179d54f-r3	12	L1_steps_01_20	074f98c8-b37f-4416-90eb-012c2179d54f	3	nq	log/agenticIterRag/260715-005906-987696-pipeline-agentic_iter_rag_v1_spad_qwen3_1_7b_newdata_5100_gold_token_f1_v3_postnorm03_stage1/outputs/stages/train_agent/spad_rag/search_policy_rl/rollout_data/12.jsonl	136	who has the largest land empire in history?	"[""British Empire""]"	Mongol Empire	0.0	0.5	1	0	true	true	supported_answer	Mongol Empire	S	supported_answer	Mongol Empire	Evidence directly describes the Mongol Empire as the largest contiguous land empire in history, matching the question's land-empire wording.	Codex	2026-07-15T17:08:30+08:00	f27a06fa2aeb2600ce7f577dd3366d677cc0469d21e0af4e6ce954c916ec479c	73cdf49cf97f93a8b039af58342dbcc9cf59522d855b55c84739320a1d814298
newdata512-0074	new5100-s12-1cfaf338-8cf2-4dab-b1ef-be0a0bd9ae74-r2	12	L1_steps_01_20	1cfaf338-8cf2-4dab-b1ef-be0a0bd9ae74	2	nq	log/agenticIterRag/260715-005906-987696-pipeline-agentic_iter_rag_v1_spad_qwen3_1_7b_newdata_5100_gold_token_f1_v3_postnorm03_stage1/outputs/stages/train_agent/spad_rag/search_policy_rl/rollout_data/12.jsonl	122	when does the christmas market in birmingham start?	"[""2001""]"	mid-November	0.0	0.0	1	0	true	true	supported_answer	mid November	S	supported_answer	mid-November	The Birmingham market passage says it opens in mid-November each year; 2001 is when the market itself was established.	Codex	2026-07-15T17:08:30+08:00	f030d396307bf84aee6ea015130a18603061e916652ce7003e0374d2f9741f1f	d670b54164aac413e2281a7bede49de256f7b07d545eb6e9a72aa88eac67b2d7
newdata512-0075	new5100-s12-1cfbd241-e18e-4c5b-ab1d-c841d04dacfe-r7	12	L1_steps_01_20	1cfbd241-e18e-4c5b-ab1d-c841d04dacfe	7	nq	log/agenticIterRag/260715-005906-987696-pipeline-agentic_iter_rag_v1_spad_qwen3_1_7b_newdata_5100_gold_token_f1_v3_postnorm03_stage1/outputs/stages/train_agent/spad_rag/search_policy_rl/rollout_data/12.jsonl	355	who was the original owner of the new yorker hotel?	"[""Garment Center developer Mack Kanner""]"	S. Gregory Taylor	0.0	0.0	1	0	true	true	insufficient_evidence	证据不足无法作答	I	insufficient_evidence		Evidence discusses later hotel ownership and management but does not name the New Yorker Hotel's original owner.	Codex	2026-07-15T17:08:30+08:00	bc015c8e6d5426872dcd09a3fc7c7efaeea687f20e14ec1f19f1121a86e46799	19a5eda5d466aac2301684c0c75240d5325667729e3fd925120d32a9c4585d39
newdata512-0076	new5100-s12-9e135cbc-67de-436c-abec-ab606656ea1a-r7	12	L1_steps_01_20	9e135cbc-67de-436c-abec-ab606656ea1a	7	hotpotqa	log/agenticIterRag/260715-005906-987696-pipeline-agentic_iter_rag_v1_spad_qwen3_1_7b_newdata_5100_gold_token_f1_v3_postnorm03_stage1/outputs/stages/train_agent/spad_rag/search_policy_rl/rollout_data/12.jsonl	404	Are both Boyce Avenue and Live both American rock bands?	"[""yes""]"	Boyce Avenue is an American rock band; Live is not mentioned as a band in the search results.	0.0	0.0	1	0	true	true	insufficient_evidence	证据不足无法作答	I	insufficient_evidence		Evidence identifies Boyce Avenue as an American rock band but provides no information about Live.	Codex	2026-07-15T17:08:30+08:00	a19514a4304e7d1d44b2fc001e0faf07e9ef628a2c577244b8ef2d76d25d8a07	55b129f351e752bdfd769d42e428d56f8891bae656cbc5b7b22f6291fdd68eff
newdata512-0077	new5100-s12-aa09c766-acf6-459b-840c-e1a541e16166-r0	12	L1_steps_01_20	aa09c766-acf6-459b-840c-e1a541e16166	0	musique	log/agenticIterRag/260715-005906-987696-pipeline-agentic_iter_rag_v1_spad_qwen3_1_7b_newdata_5100_gold_token_f1_v3_postnorm03_stage1/outputs/stages/train_agent/spad_rag/search_policy_rl/rollout_data/12.jsonl	71	What is the population of Ankit Sharma's birthplace?	"[""249,998""]"	17,028	0.0	0.0	2	0	true	true	supported_answer	17,028	I	insufficient_evidence		Evidence contains distinct people named Ankit Sharma born in Pinahat and New Delhi; the question does not identify which person, and only one population is retrieved.	Codex	2026-07-15T17:08:30+08:00	f0d01dbb4dd6f6d1dd0ac755e739435b2b02e5786b935f294fa9d60b2200ab81	b38fc33c3fa45fc203d9d7bdd39f2035f9d9ac54fe75cfff775753a2db7709e0
newdata512-0078	new5100-s12-ac4a65bc-63bf-4a57-9b45-8e8ba377ed1c-r5	12	L1_steps_01_20	ac4a65bc-63bf-4a57-9b45-8e8ba377ed1c	5	musique	log/agenticIterRag/260715-005906-987696-pipeline-agentic_iter_rag_v1_spad_qwen3_1_7b_newdata_5100_gold_token_f1_v3_postnorm03_stage1/outputs/stages/train_agent/spad_rag/search_policy_rl/rollout_data/12.jsonl	449	How to become a justice of peace in the country that released Yours Fatefully?	"[""appointed by the President of the Republic of Singapore""]"		0.0	0.0	4	2	true	true	insufficient_evidence	证据不足无法作答	I	insufficient_evidence		Evidence neither identifies Yours Fatefully's country nor states that country's justice-of-the-peace appointment procedure.	Codex	2026-07-15T17:08:30+08:00	b2c91497e4b6f6428374999b4830fa3ac384f9b372d6a38699a3acc7d2be5bf8	0c47760f1b81d876badb3b90d0e07db6e8ce6fa9b29405425bd96fe18de508eb
newdata512-0079	new5100-s12-b94945f0-d749-4c98-9918-a0fc90c3ef0d-r1	12	L1_steps_01_20	b94945f0-d749-4c98-9918-a0fc90c3ef0d	1	hotpotqa	log/agenticIterRag/260715-005906-987696-pipeline-agentic_iter_rag_v1_spad_qwen3_1_7b_newdata_5100_gold_token_f1_v3_postnorm03_stage1/outputs/stages/train_agent/spad_rag/search_policy_rl/rollout_data/12.jsonl	65	Which genus has more species, Galanthus or Rhodanthemum?	"[""Galanthus""]"		0.0	0.0	4	2	false	false			I	insufficient_evidence		Evidence gives about 20 Galanthus species but never gives a species count for Rhodanthemum, so the genera cannot be compared.	Codex	2026-07-15T17:08:30+08:00	1acf468672f19e3fed000361a3fe20d6ccd16598d001d2d97f656006304f5a1a	9fb2936fb017d77e87a3caee1aac36f94f9452d40f4aeb986bb76f51c1013d9c
newdata512-0080	new5100-s12-f117a2f0-e69f-4d1c-984f-eac08429683a-r0	12	L1_steps_01_20	f117a2f0-e69f-4d1c-984f-eac08429683a	0	hotpotqa	log/agenticIterRag/260715-005906-987696-pipeline-agentic_iter_rag_v1_spad_qwen3_1_7b_newdata_5100_gold_token_f1_v3_postnorm03_stage1/outputs/stages/train_agent/spad_rag/search_policy_rl/rollout_data/12.jsonl	63	Was Claude Sautet or Brian Helgeland born first?	"[""Claude Sautet""]"		0.0	0.0	4	2	false	false			I	insufficient_evidence		Evidence gives Claude Sautet's 1924 birth date but does not provide Brian Helgeland's birth date.	Codex	2026-07-15T17:08:30+08:00	8acdcb2cc4d753eeb59b065368a0a6f5954cf4d469acf58cd32ebf8130859101	7af506417b170c7eee39ca27bfd9a898852b66cd9e11ff8c6317e509d9b36579
newdata512-0081	new5100-s13-300d9406-de17-45dd-aec1-7b1aa1f50360-r7	13	L1_steps_01_20	300d9406-de17-45dd-aec1-7b1aa1f50360	7	musique	log/agenticIterRag/260715-005906-987696-pipeline-agentic_iter_rag_v1_spad_qwen3_1_7b_newdata_5100_gold_token_f1_v3_postnorm03_stage1/outputs/stages/train_agent/spad_rag/search_policy_rl/rollout_data/13.jsonl	334	When was way down by the performer of Live in the birth city of Dave Suzuki released?	"[""August 16, 1977""]"		0.0	0.0	1	0	true	true	insufficient_evidence	证据不足无法作答	I	insufficient_evidence		Evidence only provides Dave Suzuki biographical material and does not identify the requested performance or its release date.	Codex	2026-07-15T17:08:30+08:00	502c91e1e67b1ff308ee1ceb6187e27244cc9ac54980b5c5de80b54682ec3f6f	664942461508c0b98fc5c4b6da4493baf466505bc510fbc82a9f84187b1f0b16
newdata512-0082	new5100-s13-349ade6c-1fda-4e3f-95d1-374297966423-r3	13	L1_steps_01_20	349ade6c-1fda-4e3f-95d1-374297966423	3	nq	log/agenticIterRag/260715-005906-987696-pipeline-agentic_iter_rag_v1_spad_qwen3_1_7b_newdata_5100_gold_token_f1_v3_postnorm03_stage1/outputs/stages/train_agent/spad_rag/search_policy_rl/rollout_data/13.jsonl	244	who is the nurse in one flew over the cuckoo's nest?	"[""Nurse Ratched""]"	Louise Fletcher	0.0	0.0	1	0	false	false			S	supported_answer	Nurse Ratched	Evidence directly identifies Nurse Mildred Ratched as the nurse and principal antagonist in One Flew Over the Cuckoo's Nest.	Codex	2026-07-15T17:08:30+08:00	32aa407d5e4a4a58bf742205c3b15960977c8fb9e71639f6061729f4c1c4d9f6	ede0b5d367b1ec89b165aef153b64d03208f47ff4f5d794d7d613bb7c68c1e18
newdata512-0083	new5100-s13-3994c64b-f75d-49f3-8bdd-0329e50cbe57-r5	13	L1_steps_01_20	3994c64b-f75d-49f3-8bdd-0329e50cbe57	5	hotpotqa	log/agenticIterRag/260715-005906-987696-pipeline-agentic_iter_rag_v1_spad_qwen3_1_7b_newdata_5100_gold_token_f1_v3_postnorm03_stage1/outputs/stages/train_agent/spad_rag/search_policy_rl/rollout_data/13.jsonl	361	Vanessa Kirby played Joanna Richard Curtis' movie released on what date?	"[""4 September 2013""]"	4 September 2013	1.0	1.0	1	0	false	false			S	supported_answer	4 September 2013	The Richard Curtis passage names Vanessa Kirby in the cast and directly gives the UK release date as 4 September 2013.	Codex	2026-07-15T17:08:30+08:00	bc39c5901a638b3ab655f383b7984691d7b111a01c02460f4af28ff7b8f3f1cd	3ea0ad184286b5d4c215d837dbc8b7113b1f32ff8f063734dd7fdc4242e8ac07
newdata512-0084	new5100-s13-666c8490-cc12-41ee-9bd4-1adceb92d611-r7	13	L1_steps_01_20	666c8490-cc12-41ee-9bd4-1adceb92d611	7	2wikimultihopqa	log/agenticIterRag/260715-005906-987696-pipeline-agentic_iter_rag_v1_spad_qwen3_1_7b_newdata_5100_gold_token_f1_v3_postnorm03_stage1/outputs/stages/train_agent/spad_rag/search_policy_rl/rollout_data/13.jsonl	412	What is the date of death of Colin Forbes Adam's father?	"[""22 December 1926""]"	12 November 1982	0.0	0.0	1	0	true	true	insufficient_evidence	证据不足无法作答	I	insufficient_evidence		Evidence identifies Sir Frank Forbes Adam as Colin Forbes Adam's father but gives no date of death for him.	Codex	2026-07-15T17:08:30+08:00	b19b5d61d35ce6bfc37a03842488623faeb4c84336a33452a93f846fae171c3b	d403f2a1ea9c8cb9731ae25a51a06679d3ca8d286fffc21980f38d51e6625bee
newdata512-0085	new5100-s13-72bc3887-04a4-4c2c-8836-ed3f6a0947bd-r2	13	L1_steps_01_20	72bc3887-04a4-4c2c-8836-ed3f6a0947bd	2	2wikimultihopqa	log/agenticIterRag/260715-005906-987696-pipeline-agentic_iter_rag_v1_spad_qwen3_1_7b_newdata_5100_gold_token_f1_v3_postnorm03_stage1/outputs/stages/train_agent/spad_rag/search_policy_rl/rollout_data/13.jsonl	194	Which film has the director died earlier, The Magician Of Lublin (Film) or Nazareno Cruz And The Wolf?	"[""Nazareno Cruz And The Wolf""]"		0.0	0.0	4	2	true	true	insufficient_evidence	证据不足无法作答	I	insufficient_evidence		Evidence identifies Leonardo Favio for one film but omits the other director and both directors' death dates.	Codex	2026-07-15T17:08:30+08:00	7718912414d02b2508c0fcfcf830d28c018d086f09df7b7affd4f44271413fba	055119baab32855b8ed2fae9f4b0d27b55f6c07ea41c62a2d7dfebfa5cdf0d2e
newdata512-0086	new5100-s13-806b4e40-3a16-4294-9622-1f9c8cf146ed-r3	13	L1_steps_01_20	806b4e40-3a16-4294-9622-1f9c8cf146ed	3	hotpotqa	log/agenticIterRag/260715-005906-987696-pipeline-agentic_iter_rag_v1_spad_qwen3_1_7b_newdata_5100_gold_token_f1_v3_postnorm03_stage1/outputs/stages/train_agent/spad_rag/search_policy_rl/rollout_data/13.jsonl	284	Which was the first in their band to debut as a solo srtist, Maja Ivarsson or Lee Min-woo?	"[""Lee Min-woo""]"	Lee Min-woo	1.0	1.0	1	0	false	false			I	insufficient_evidence		Evidence says Lee Min-woo was his band's first solo artist but gives no solo-debut chronology for Maja Ivarsson, so the two cannot be compared.	Codex	2026-07-15T17:08:30+08:00	31125b15694e2da4f93d1eb68701b7382c10fc58e613058f2733df4260e9e09b	ed5431e4d750c705f20a607aaeebcc3bf326eca0ff5cb59c110374e1d3873acd
newdata512-0087	new5100-s13-f0bb3ab5-fcff-4a20-95ee-a92b58ec29a7-r6	13	L1_steps_01_20	f0bb3ab5-fcff-4a20-95ee-a92b58ec29a7	6	nq	log/agenticIterRag/260715-005906-987696-pipeline-agentic_iter_rag_v1_spad_qwen3_1_7b_newdata_5100_gold_token_f1_v3_postnorm03_stage1/outputs/stages/train_agent/spad_rag/search_policy_rl/rollout_data/13.jsonl	481	who plays drax on gaurdians of the galaxy?	"[""Dave Bautista""]"	Dave Bautista	1.0	1.0	1	0	false	false			S	supported_answer	Dave Bautista	The Drax passage explicitly states that Dave Bautista portrayed the character in Guardians of the Galaxy.	Codex	2026-07-15T17:08:30+08:00	6a99e78c5260cacbfb3b8bfdbe60194a8370de3b56561d7f036beafdd1243b27	d430f95c93ae84f64d37aa5c9b22965be8d685419b4ff9352a5f600755107b7d
newdata512-0088	new5100-s14-654018a5-6061-467c-ae3e-fe327d26f045-r3	14	L1_steps_01_20	654018a5-6061-467c-ae3e-fe327d26f045	3	2wikimultihopqa	log/agenticIterRag/260715-005906-987696-pipeline-agentic_iter_rag_v1_spad_qwen3_1_7b_newdata_5100_gold_token_f1_v3_postnorm03_stage1/outputs/stages/train_agent/spad_rag/search_policy_rl/rollout_data/14.jsonl	199	What is the date of birth of the director of film The Planet Of Junior Brown?	"[""June 1, 1966""]"	June 1, 1966	1.0	1.0	2	0	false	false			S	supported_answer	June 1, 1966	Evidence identifies Clement Virgo as the film's director and directly gives his birth date as June 1, 1966.	Codex	2026-07-15T17:08:30+08:00	a6cfda51f7f6cdaf6d3ace19e967e82b061224bbebf6d19f32646c6768b5e5f4	b73375cc1a549bfd22189477bb1d23448dc70b3d245c01e11a9fc9ead3655915
newdata512-0089	new5100-s14-a478aafd-7546-4ac1-95d7-af6342c22faf-r7	14	L1_steps_01_20	a478aafd-7546-4ac1-95d7-af6342c22faf	7	hotpotqa	log/agenticIterRag/260715-005906-987696-pipeline-agentic_iter_rag_v1_spad_qwen3_1_7b_newdata_5100_gold_token_f1_v3_postnorm03_stage1/outputs/stages/train_agent/spad_rag/search_policy_rl/rollout_data/14.jsonl	425	Lamar Holmes played college football at a university located in what city?	"[""Hattiesburg""]"		0.0	0.0	1	0	true	true	insufficient_evidence	证据不足无法作答	I	insufficient_evidence		Evidence says Lamar Holmes played for Southern Miss but does not state the university's city.	Codex	2026-07-15T17:08:30+08:00	91fb56ba4f3ee87ee54de00d172a32083b51eef5a3abaa0c39ebd1b28feccce2	080a8efcb7d8496015928aec19839921afecb941096853a5b6dca7cdd7b5b828
newdata512-0090	new5100-s14-b6bb4a86-b393-49ef-b4ee-4f60439c20c6-r7	14	L1_steps_01_20	b6bb4a86-b393-49ef-b4ee-4f60439c20c6	7	nq	log/agenticIterRag/260715-005906-987696-pipeline-agentic_iter_rag_v1_spad_qwen3_1_7b_newdata_5100_gold_token_f1_v3_postnorm03_stage1/outputs/stages/train_agent/spad_rag/search_policy_rl/rollout_data/14.jsonl	501	where does the germ that causes bubonic plague normally live in nature?	"[""fleas from small animals""]"	Yersinia pestis normally lives in the bodies of rodents and is transmitted by fleas.	0.0	0.11764705882352941	1	0	true	true	supported_answer	animal reservoirs, particularly in rodents	S	supported_answer	animal reservoirs, particularly rodents	The plague passage directly states that Yersinia pestis circulates naturally in animal reservoirs, particularly rodents.	Codex	2026-07-15T17:08:30+08:00	898b3241a3868bc0e33d640f04f454b1ca91da744f3b6f808d0d290ea4e7f745	b0ee1e2bfd387f3aa1b86f43cead979719fddde53e734f57592eb315f6e2364c
newdata512-0091	new5100-s14-b73e88ee-900c-4f9f-b04c-b51991ae4c90-r5	14	L1_steps_01_20	b73e88ee-900c-4f9f-b04c-b51991ae4c90	5	nq	log/agenticIterRag/260715-005906-987696-pipeline-agentic_iter_rag_v1_spad_qwen3_1_7b_newdata_5100_gold_token_f1_v3_postnorm03_stage1/outputs/stages/train_agent/spad_rag/search_policy_rl/rollout_data/14.jsonl	218	what happened to virginia city after comstock discovered silver ore in six mile canyon?	"[""bustling commercial centers""]"	Virginia City declined after the Comstock Lode's ore was exhausted in the 1870s.	0.0	0.0	1	0	true	true	supported_answer	developed seemingly overnight on the eastern slopes of Mount Davidson; output declined after 1878 and the city declined as a result	S	supported_answer	It developed seemingly overnight into a mining boomtown.	Evidence says Virginia City developed seemingly overnight after the 1859 Comstock Lode discovery and sprang up as a boomtown.	Codex	2026-07-15T17:08:30+08:00	31717fb777e0674ea3b60be33ec5e12adc18d2272fac2fc6634a90461ca88ec0	9010bd093690bd0b8d3e22291c9cda0c2638e455993a173377ad6410ad665a40
newdata512-0092	new5100-s15-06e003e8-479b-409b-a7e9-33940433ff70-r5	15	L1_steps_01_20	06e003e8-479b-409b-a7e9-33940433ff70	5	nq	log/agenticIterRag/260715-005906-987696-pipeline-agentic_iter_rag_v1_spad_qwen3_1_7b_newdata_5100_gold_token_f1_v3_postnorm03_stage1/outputs/stages/train_agent/spad_rag/search_policy_rl/rollout_data/15.jsonl	404	who plays the trans guy on the fosters?	"[""Elliot Fletcher""]"	Elliot Fletcher	1.0	1.0	1	0	false	false			S	supported_answer	Elliot Fletcher	The Fosters and Elliot Fletcher passages support Fletcher as the actor playing the transgender male character.	Codex	2026-07-15T17:08:30+08:00	8d900351f05bc5d10da58fd50a0ce418b391ee9ba88b74a085d0c18afffb386c	1f35c2493ab48d885bc709ac25844ce5b4609a38be0a318dbd102025cc68446d
newdata512-0093	new5100-s15-1c912c0c-9713-43f3-a721-51eac57005ff-r1	15	L1_steps_01_20	1c912c0c-9713-43f3-a721-51eac57005ff	1	hotpotqa	log/agenticIterRag/260715-005906-987696-pipeline-agentic_iter_rag_v1_spad_qwen3_1_7b_newdata_5100_gold_token_f1_v3_postnorm03_stage1/outputs/stages/train_agent/spad_rag/search_policy_rl/rollout_data/15.jsonl	49	What was the area known in Europe where the pirates were based in against whom Admiral of the Fleet Edward Russell has a operation as a captain in the Mediterranean?	"[""Barbary Coast""]"		0.0	0.0	1	0	true	true	supported_answer	Barbary Coast	I	insufficient_evidence		Evidence says Russell operated against Barbary pirates but does not state the European name of their geographic base.	Codex	2026-07-15T17:08:30+08:00	c1451c2f6b9e9e5eb34998f4a21cf436eac9f1fce3f34bfcddebaa6331af0a96	77b9cce8cdce0678d481a39fb7a5ff3ecc507e8742f3bee7b8efe28d46c818f3
newdata512-0094	new5100-s15-dad4f970-852a-40ff-90b0-12c89bfb764a-r5	15	L1_steps_01_20	dad4f970-852a-40ff-90b0-12c89bfb764a	5	2wikimultihopqa	log/agenticIterRag/260715-005906-987696-pipeline-agentic_iter_rag_v1_spad_qwen3_1_7b_newdata_5100_gold_token_f1_v3_postnorm03_stage1/outputs/stages/train_agent/spad_rag/search_policy_rl/rollout_data/15.jsonl	293	Where did the director of film The Master Of Life die?	"[""Vienna""]"		0.0	0.0	1	0	true	true	insufficient_evidence	证据不足无法作答	I	insufficient_evidence		Search results concern unrelated films and do not establish the target film's director or that director's place of death.	Codex	2026-07-15T17:08:30+08:00	b2a75728e384c700c41cec88c6fbd43c799c64d72bd574fc32d275254c28c2ea	34b1493fefbe53b551b18c3262a6bff3f9d02bc3bafca2171a834671be981769
newdata512-0095	new5100-s15-de35f1ac-3761-4b8d-8a65-8da634666c8b-r1	15	L1_steps_01_20	de35f1ac-3761-4b8d-8a65-8da634666c8b	1	nq	log/agenticIterRag/260715-005906-987696-pipeline-agentic_iter_rag_v1_spad_qwen3_1_7b_newdata_5100_gold_token_f1_v3_postnorm03_stage1/outputs/stages/train_agent/spad_rag/search_policy_rl/rollout_data/15.jsonl	138	when was civil partnership legalised in the uk?	"[""2004""]"	November 2004	0.0	0.6666666666666666	1	0	true	true	supported_answer	December 2005	S	supported_answer	18 November 2004	Evidence states that the Civil Partnership Act cleared Parliament on 17 November 2004 and received Royal Assent on 18 November 2004; it later took effect in 2005.	Codex	2026-07-15T17:08:30+08:00	774f9545163cf4fae2a382592b92869ecddc7c61ced5f870650cedc3fb8d5f65	8b33e0ca8c82c2e31c215e01d43bb3aee6bd5271ff3594cc7afcf757ad956947
newdata512-0096	new5100-s15-e3b577c6-c5b9-4414-9f50-d9e775f3eccd-r6	15	L1_steps_01_20	e3b577c6-c5b9-4414-9f50-d9e775f3eccd	6	musique	log/agenticIterRag/260715-005906-987696-pipeline-agentic_iter_rag_v1_spad_qwen3_1_7b_newdata_5100_gold_token_f1_v3_postnorm03_stage1/outputs/stages/train_agent/spad_rag/search_policy_rl/rollout_data/15.jsonl	431	For whom did the producer of I'd Have You Anytime write the song Something?	"[""his wife, Pattie Boyd""]"		0.0	0.0	1	0	true	true	insufficient_evidence	证据不足无法作答	I	insufficient_evidence		Evidence gives the writers of I'd Have You Anytime but not its producer or for whom that producer wrote Something.	Codex	2026-07-15T17:08:30+08:00	498d1bd6713056686e77734ccf7bd8ca33c653e86c8b2525803fc6f7acc40302	2a4272115a6759e1114ff40f2a3d922c1a079fc984050e13730571ee4ef43d67
newdata512-0097	new5100-s15-eb77f4a0-b83e-4b38-8a24-b13bb92edd4c-r5	15	L1_steps_01_20	eb77f4a0-b83e-4b38-8a24-b13bb92edd4c	5	hotpotqa	log/agenticIterRag/260715-005906-987696-pipeline-agentic_iter_rag_v1_spad_qwen3_1_7b_newdata_5100_gold_token_f1_v3_postnorm03_stage1/outputs/stages/train_agent/spad_rag/search_policy_rl/rollout_data/15.jsonl	347	Which fictional character devised by Lewis Carroll did Alice recited?	"[""The Mock Turtle""]"		0.0	0.0	1	0	true	true	insufficient_evidence	证据不足无法作答	I	insufficient_evidence		Retrieved passages mention Alice reciting a poem to the Caterpillar but do not establish the target fictional character.	Codex	2026-07-15T17:10:29+08:00	122b7968a8d7143ddea1303695d19f9772c904979c969406de2e0d31a0ad1de7	2447a3b604d8097b375efb72caaca69b46acce3ee144abebdd02e3244eb3eade
newdata512-0098	new5100-s16-0cbb4b04-53a5-4105-9cd7-7833febabf36-r7	16	L1_steps_01_20	0cbb4b04-53a5-4105-9cd7-7833febabf36	7	nq	log/agenticIterRag/260715-005906-987696-pipeline-agentic_iter_rag_v1_spad_qwen3_1_7b_newdata_5100_gold_token_f1_v3_postnorm03_stage1/outputs/stages/train_agent/spad_rag/search_policy_rl/rollout_data/16.jsonl	507	who is the most winning driver in nascar?	"[""Petty, Richard""]"	Bill Elliott	0.0	0.0	1	0	true	true	supported_answer	Richard Petty	S	supported_answer	Richard Petty	Evidence calls Richard Petty statistically the sport's most accomplished driver and states he won a record 200 NASCAR races.	Codex	2026-07-15T17:10:29+08:00	e19bfc223f5e7c64d5287c663e11946dd1fa155dd8da4830d831259ec0809697	872d4bd3985625fc75ce536d5bb5ff831da1a7811b048801d7c89ca0c2d034c8
newdata512-0099	new5100-s16-17f9da4c-11e4-4184-86ef-93059856b69a-r1	16	L1_steps_01_20	17f9da4c-11e4-4184-86ef-93059856b69a	1	musique	log/agenticIterRag/260715-005906-987696-pipeline-agentic_iter_rag_v1_spad_qwen3_1_7b_newdata_5100_gold_token_f1_v3_postnorm03_stage1/outputs/stages/train_agent/spad_rag/search_policy_rl/rollout_data/16.jsonl	80	in which direction would you travel to reach Southampton from the city whose team Abraham Smith is a member of?	"[""north-west""]"		0.0	0.0	1	0	true	true	insufficient_evidence	证据不足无法作答	I	insufficient_evidence		Evidence contains no relevant Abraham Smith, team, or team city, so no direction to Southampton can be derived.	Codex	2026-07-15T17:10:29+08:00	c4a9d4167a877c0d0e7123dcf8db6be6f1a57caa848b3cb622336a67eb534ac0	376f66395d25d7e997e46111b64ee9dbda92601d1768741ac650dd6dd47e6bb2
newdata512-0100	new5100-s16-398d98fe-67c8-413a-b390-93894040a902-r3	16	L1_steps_01_20	398d98fe-67c8-413a-b390-93894040a902	3	musique	log/agenticIterRag/260715-005906-987696-pipeline-agentic_iter_rag_v1_spad_qwen3_1_7b_newdata_5100_gold_token_f1_v3_postnorm03_stage1/outputs/stages/train_agent/spad_rag/search_policy_rl/rollout_data/16.jsonl	219	When was the graduate school Mark Gerson attended created?	"[""1843""]"		0.0	0.0	1	0	true	true	insufficient_evidence	证据不足无法作答	I	insufficient_evidence		Evidence mentions Mark Gerson's Yale Law School attendance but does not provide the school's creation date.	Codex	2026-07-15T17:10:29+08:00	d4d5a85c887acefbe80c3bc94e13b30f0d2ad96d7e60b56b3aba63f8a494b5b1	5311a45d8723f6f353a81e64cc51e8fea95cc9e9ab15a6e02d6faab74ce1859d
newdata512-0101	new5100-s16-c6e9bf89-5848-4c15-a29b-20424619d6da-r1	16	L1_steps_01_20	c6e9bf89-5848-4c15-a29b-20424619d6da	1	nq	log/agenticIterRag/260715-005906-987696-pipeline-agentic_iter_rag_v1_spad_qwen3_1_7b_newdata_5100_gold_token_f1_v3_postnorm03_stage1/outputs/stages/train_agent/spad_rag/search_policy_rl/rollout_data/16.jsonl	222	minimum age for becoming prime minister of india?	"[""25""]"		0.0	0.0	1	0	true	true	insufficient_evidence	证据不足无法作答	I	insufficient_evidence		Evidence discusses candidacy ages and India's prime minister but never states the minimum age for that office.	Codex	2026-07-15T17:10:29+08:00	66d7b8879cf479e818b3c74974734d939072e1cabbc715940b4150edd952e7ba	6f0daeaed8f2c5cc5e578b7e617b4cf6bdeae73f2820a1fac2d930334c469329
newdata512-0102	new5100-s16-d2546802-3bdd-491d-96f4-acce3b89dcd5-r6	16	L1_steps_01_20	d2546802-3bdd-491d-96f4-acce3b89dcd5	6	hotpotqa	log/agenticIterRag/260715-005906-987696-pipeline-agentic_iter_rag_v1_spad_qwen3_1_7b_newdata_5100_gold_token_f1_v3_postnorm03_stage1/outputs/stages/train_agent/spad_rag/search_policy_rl/rollout_data/16.jsonl	488	Dark Girls is a 2012 documentary film by American filmmakers Bill Duke and D. Channsin Berry, it also reports on a new version of the 1940s black doll experiment by who, which were African-American psychologists who as a married team conducted important research among children and were active in the Civil Rights Movement?	"[""Kenneth and Mamie Clark""]"	Kenneth and Mamie Clark	1.0	1.0	1	0	false	false			S	supported_answer	Kenneth and Mamie Clark	The retrieved passage directly identifies Kenneth and Mamie Clark as the married African-American psychologists behind the doll experiments.	Codex	2026-07-15T17:10:29+08:00	e44eba5ec3175472b2c399d59cda77f865b7fd1756abddedf321e4e787852599	0c116202b8ec38e883a82a438e7178744a88c85666fc9113417c7724aae75d6d
newdata512-0103	new5100-s16-ddf0ec64-b166-425e-812c-eb5a17934301-r3	16	L1_steps_01_20	ddf0ec64-b166-425e-812c-eb5a17934301	3	nq	log/agenticIterRag/260715-005906-987696-pipeline-agentic_iter_rag_v1_spad_qwen3_1_7b_newdata_5100_gold_token_f1_v3_postnorm03_stage1/outputs/stages/train_agent/spad_rag/search_policy_rl/rollout_data/16.jsonl	247	what team was case keenum on before the vikings?	"[""St. Louis Rams""]"	Texans	0.0	0.0	1	0	true	true	supported_answer	Houston Texans	S	supported_answer	Houston Texans	The Case Keenum timeline says he played for the Texans until signing with the Minnesota Vikings in 2017.	Codex	2026-07-15T17:10:29+08:00	3a3beae5e0e16fe345a18b8aec2aa2ddb0f8be68e909d75c52caf6637c3ff305	d5accaf714b7486eebbf4721b169111f892bcbd11a8c386efc56ac6b11956878
newdata512-0104	new5100-s17-2fb5b7ac-b115-495b-8f24-cba3c9cf90fd-r6	17	L1_steps_01_20	2fb5b7ac-b115-495b-8f24-cba3c9cf90fd	6	hotpotqa	log/agenticIterRag/260715-005906-987696-pipeline-agentic_iter_rag_v1_spad_qwen3_1_7b_newdata_5100_gold_token_f1_v3_postnorm03_stage1/outputs/stages/train_agent/spad_rag/search_policy_rl/rollout_data/17.jsonl	442	"what was the American singer that sing ""We're Getting Stronger"" known for?"	"[""disco songs""]"	Mireille Mathieu	0.0	0.0	2	0	true	true	insufficient_evidence	证据不足无法作答	I	insufficient_evidence		Evidence finds the different song Together We're Strong and identifies its performers, but not the target singer or what that singer was known for.	Codex	2026-07-15T17:10:29+08:00	a3c083a7a599ad0c8898f5c0eae8b7c423f76783cdedf4d4b9d5506daab219ff	a83e8df8304c0e7f4eebe9872225a27f7e809cd315bca18e9268c9bc19fef68c
newdata512-0105	new5100-s17-4cc6bd5d-0ecd-4ad5-8223-cbddf7eaf4ca-r7	17	L1_steps_01_20	4cc6bd5d-0ecd-4ad5-8223-cbddf7eaf4ca	7	2wikimultihopqa	log/agenticIterRag/260715-005906-987696-pipeline-agentic_iter_rag_v1_spad_qwen3_1_7b_newdata_5100_gold_token_f1_v3_postnorm03_stage1/outputs/stages/train_agent/spad_rag/search_policy_rl/rollout_data/17.jsonl	346	When is the director of film Study Of A River 's birthday?	"[""August 24, 1944""]"		0.0	0.0	1	0	true	true	insufficient_evidence	证据不足无法作答	I	insufficient_evidence		Evidence identifies Peter Hutton as the director of Study of a River but gives no birthday for him.	Codex	2026-07-15T17:10:29+08:00	667dc329d7617c9544af01d298633808d75d01c0ebef320ca115e80372d4ec66	dfbc5be296377d1f95772108fb56976fc9a9ac0ca1ea23de0610c766bd72aa3b
newdata512-0106	new5100-s17-5e8fa5f4-c780-485b-a10c-ef1d095d0d44-r1	17	L1_steps_01_20	5e8fa5f4-c780-485b-a10c-ef1d095d0d44	1	nq	log/agenticIterRag/260715-005906-987696-pipeline-agentic_iter_rag_v1_spad_qwen3_1_7b_newdata_5100_gold_token_f1_v3_postnorm03_stage1/outputs/stages/train_agent/spad_rag/search_policy_rl/rollout_data/17.jsonl	121	how many us military bases in other countries?	"[""38""]"	800	0.0	0.0	1	0	true	true	ambiguous_evidence	证据不足无法作答	A	ambiguous_evidence		Evidence gives 587 foreign bases under a 2015 DoD inventory and around 800 under a broader statement; the unanchored question does not resolve date or definition.	Codex	2026-07-15T17:10:29+08:00	0af934271d6bada77e7f5637b1297aba60121653b949f4a72e1550ac9cb9bb61	834b3904f9fde6bb1028dcd7faba68811058a5901a1c8612b1558a4b54d8e4b3
newdata512-0107	new5100-s17-6f83ec62-8968-4e21-be7c-7bef96be0de1-r2	17	L1_steps_01_20	6f83ec62-8968-4e21-be7c-7bef96be0de1	2	hotpotqa	log/agenticIterRag/260715-005906-987696-pipeline-agentic_iter_rag_v1_spad_qwen3_1_7b_newdata_5100_gold_token_f1_v3_postnorm03_stage1/outputs/stages/train_agent/spad_rag/search_policy_rl/rollout_data/17.jsonl	104	What American rock band from Frederick, Maryland, originating in Germantown, Maryland, had a live DVD called Full Fathom Five: Video Field Recordings?	"[""Clutch""]"	Clutch	1.0	1.0	1	0	false	false			S	supported_answer	Clutch	The Full Fathom Five: Video Field Recordings passage explicitly identifies Clutch as the band.	Codex	2026-07-15T17:10:29+08:00	03005f9fe1f70bf5cd696486e256f87cce3517cb520b5dc665901a282a3c0312	a651ceaad4de5517e7946dbef8eeb6fdcc8eb6f9914f5b2633aba95523c1e4ec
newdata512-0108	new5100-s17-77ff8b9b-1bc4-480c-a19f-d8aef700174a-r0	17	L1_steps_01_20	77ff8b9b-1bc4-480c-a19f-d8aef700174a	0	nq	log/agenticIterRag/260715-005906-987696-pipeline-agentic_iter_rag_v1_spad_qwen3_1_7b_newdata_5100_gold_token_f1_v3_postnorm03_stage1/outputs/stages/train_agent/spad_rag/search_policy_rl/rollout_data/17.jsonl	2	who is the president of the people's republic of china?	"[""Xi Jinping""]"	Xi Jinping	1.0	1.0	1	0	false	false			S	supported_answer	Xi Jinping	The evidence snapshot directly names Xi Jinping as the current President of the People's Republic of China.	Codex	2026-07-15T17:10:29+08:00	a72846d73d439bf99965f55afa26f2b013dbf11a01a9871de5e6c270c9e1acad	5d7aa51afd0b55f2c723497d379886c6c0eae0d8f26575a526856f77f23864c8
newdata512-0109	new5100-s17-7df10170-3339-4407-a5d4-fbb70f69ead9-r7	17	L1_steps_01_20	7df10170-3339-4407-a5d4-fbb70f69ead9	7	musique	log/agenticIterRag/260715-005906-987696-pipeline-agentic_iter_rag_v1_spad_qwen3_1_7b_newdata_5100_gold_token_f1_v3_postnorm03_stage1/outputs/stages/train_agent/spad_rag/search_policy_rl/rollout_data/17.jsonl	456	What followed the last person to live in Versailles in the country that became allies with America after the battle of Saratoga?	"[""First French Republic""]"	France	0.0	0.0	2	0	true	true	insufficient_evidence	证据不足无法作答	I	insufficient_evidence		Evidence establishes France as the American ally but not the last Versailles resident or what political regime followed that person.	Codex	2026-07-15T17:10:29+08:00	9b788535b438888b0c8ce423c69be5c8afa4fa394342aeae08b622bce0895d59	8c552ffd04e83c98b8e1eba9b3390c1d5977563b17a1960ee0f1f53489ab5861
newdata512-0110	new5100-s17-cc9a752f-4d1e-48c3-b7f3-5fce97c5b3b0-r1	17	L1_steps_01_20	cc9a752f-4d1e-48c3-b7f3-5fce97c5b3b0	1	hotpotqa	log/agenticIterRag/260715-005906-987696-pipeline-agentic_iter_rag_v1_spad_qwen3_1_7b_newdata_5100_gold_token_f1_v3_postnorm03_stage1/outputs/stages/train_agent/spad_rag/search_policy_rl/rollout_data/17.jsonl	85	"The American soprano that sang in ""West Side Story"" dubbed for who in a 1956 film adaptation?"	"[""Deborah Kerr""]"		0.0	0.0	1	0	true	true	insufficient_evidence	证据不足无法作答	I	insufficient_evidence		Evidence identifies Marni Nixon with West Side Story but does not name the performer she dubbed in the 1956 film adaptation.	Codex	2026-07-15T17:10:29+08:00	86375007fa5cd4c6eeab2ca856b59914ad007a9e9e3d420f70573564c50a166e	a4fc91fa4aae3b6af0f1a4f56823af7ef8f099e3f686e9b0ceb05dcb9ea0f5dc
newdata512-0111	new5100-s17-ee24820d-ffd9-48a6-9b13-dee7240e634e-r5	17	L1_steps_01_20	ee24820d-ffd9-48a6-9b13-dee7240e634e	5	hotpotqa	log/agenticIterRag/260715-005906-987696-pipeline-agentic_iter_rag_v1_spad_qwen3_1_7b_newdata_5100_gold_token_f1_v3_postnorm03_stage1/outputs/stages/train_agent/spad_rag/search_policy_rl/rollout_data/17.jsonl	418	"Who was the director of the 2006 Hong Kong film starring the actor who played Sunny in the ""AMC"" martial arts drama series ""Into the Badlands""?"	"[""Susie Au""]"	Stephen Fung	0.0	0.0	1	0	true	true	insufficient_evidence	证据不足无法作答	I	insufficient_evidence		Evidence identifies Daniel Wu as Sunny but does not identify the relevant 2006 Hong Kong film or its director.	Codex	2026-07-15T17:10:29+08:00	29ba43593371c6fd83edc19e21ff2346fef0b7c9600af11b4b9d34c45592212e	974c94106266f0400c6b5afd9b3eaffe6962c991de3d7334b1d3e0ed6a09348b
newdata512-0112	new5100-s18-11998365-6d3c-42fe-9c69-36e21e5382a9-r4	18	L1_steps_01_20	11998365-6d3c-42fe-9c69-36e21e5382a9	4	nq	log/agenticIterRag/260715-005906-987696-pipeline-agentic_iter_rag_v1_spad_qwen3_1_7b_newdata_5100_gold_token_f1_v3_postnorm03_stage1/outputs/stages/train_agent/spad_rag/search_policy_rl/rollout_data/18.jsonl	237	what is the name of the white dragon in merlin?	"[""Aithusa""]"	the white dragon	0.0	0.0	1	0	true	true	insufficient_evidence	证据不足无法作答	I	insufficient_evidence		Retrieved passages discuss unnamed white dragons in mythology and adaptations but never name the Merlin character.	Codex	2026-07-15T17:10:29+08:00	371a4fc52ed9d63f00916a16c503a9fe8eba3027ef7bfb5164a506eb16a15856	b8725aae3a7c80b2ba6567ed5f1d4c3c258bd8263cedd45c8415681d8e278fe6
newdata512-0113	new5100-s18-51547b06-d51a-4a59-9571-77db9ad157fc-r1	18	L1_steps_01_20	51547b06-d51a-4a59-9571-77db9ad157fc	1	hotpotqa	log/agenticIterRag/260715-005906-987696-pipeline-agentic_iter_rag_v1_spad_qwen3_1_7b_newdata_5100_gold_token_f1_v3_postnorm03_stage1/outputs/stages/train_agent/spad_rag/search_policy_rl/rollout_data/18.jsonl	121	Where was the show Adventure Camp filmed at?	"[""Busch Gardens Tampa""]"	SeaWorld Orlando and Busch Gardens Tampa	0.0	0.6666666666666666	1	0	true	true	supported_answer	SeaWorld Orlando and Busch Gardens Tampa	S	supported_answer	SeaWorld Orlando and Busch Gardens Tampa	The Adventure Camp passage directly states that the show took place at both SeaWorld Orlando and Busch Gardens Tampa.	Codex	2026-07-15T17:10:29+08:00	a85981b537833482fcd05e4bb973666ac8219ccd42d0a8c931ebc842a656d1ca	3f9ed8f428fddb3f6951dc880dc0dbef82b48b1d537342e72a9dc647129780fa
newdata512-0114	new5100-s18-7e9c097d-8d1e-4015-a5e2-c327735a9f30-r5	18	L1_steps_01_20	7e9c097d-8d1e-4015-a5e2-c327735a9f30	5	nq	log/agenticIterRag/260715-005906-987696-pipeline-agentic_iter_rag_v1_spad_qwen3_1_7b_newdata_5100_gold_token_f1_v3_postnorm03_stage1/outputs/stages/train_agent/spad_rag/search_policy_rl/rollout_data/18.jsonl	431	what was the number one song in march 2008?	"[""\""Low\""""]"		0.0	0.0	1	0	true	true	insufficient_evidence	证据不足无法作答	I	insufficient_evidence		Evidence discusses several British and Japanese charts but does not establish a country/chart or a single number-one song for March 2008.	Codex	2026-07-15T17:10:29+08:00	e545e81dc338674128301e8d89766635b8485ca10402625bd0a558595dca82b3	964176a2bfadb8b3045df495a6a8b0e4c080216b193487ca0c50e2715ad3d0ef
newdata512-0115	new5100-s18-920a9b76-de8d-4386-8194-ef02d1d38711-r4	18	L1_steps_01_20	920a9b76-de8d-4386-8194-ef02d1d38711	4	musique	log/agenticIterRag/260715-005906-987696-pipeline-agentic_iter_rag_v1_spad_qwen3_1_7b_newdata_5100_gold_token_f1_v3_postnorm03_stage1/outputs/stages/train_agent/spad_rag/search_policy_rl/rollout_data/18.jsonl	339	What percentage was the country where Tinaco is located?	"[""5.1""]"		0.0	0.0	1	0	true	true	insufficient_evidence	证据不足无法作答	I	insufficient_evidence		Evidence locates Tinaco in Venezuela, but the question does not define the requested percentage and no matching percentage is provided.	Codex	2026-07-15T17:10:29+08:00	141cda32b87c0398f181e56890a0927f0b699aa9bed27245b928f77e13c0de98	886ab42cd25ccae38a6cf970db8546b4af74a572cd69360159af3de55aa8f3eb
newdata512-0116	new5100-s18-cb9579e0-db65-4119-b3f0-e568ea2397c0-r0	18	L1_steps_01_20	cb9579e0-db65-4119-b3f0-e568ea2397c0	0	hotpotqa	log/agenticIterRag/260715-005906-987696-pipeline-agentic_iter_rag_v1_spad_qwen3_1_7b_newdata_5100_gold_token_f1_v3_postnorm03_stage1/outputs/stages/train_agent/spad_rag/search_policy_rl/rollout_data/18.jsonl	109	"Elise Gatien is a Canadian actress, known for her role as Candice ""CJ"" Ward in the Cartoon Network live-action series ""Tower Prep"", created for Cartoon Network by who?"	"[""Paul Dini""]"	Paul Dini	1.0	1.0	1	0	false	false			S	supported_answer	Paul Dini	The Tower Prep passage directly states that Paul Dini created the series for Cartoon Network.	Codex	2026-07-15T17:10:29+08:00	8ce34507461cfcadf3f933a0610f8585ba3299f5b0aabebc010605aef070483e	94c31e14fc31716c40a86d69227c03e23a17f3c61dfe68a62fd0c5cb417a064c
newdata512-0117	new5100-s18-f8eca3fd-7363-48a4-9847-17acdc24e4dd-r2	18	L1_steps_01_20	f8eca3fd-7363-48a4-9847-17acdc24e4dd	2	nq	log/agenticIterRag/260715-005906-987696-pipeline-agentic_iter_rag_v1_spad_qwen3_1_7b_newdata_5100_gold_token_f1_v3_postnorm03_stage1/outputs/stages/train_agent/spad_rag/search_policy_rl/rollout_data/18.jsonl	150	in which place the danish started the trading centre in india?	"[""Tranquebar""]"	Tranquebar, Tamil Nadu	0.0	0.5	1	0	false	false			S	supported_answer	Tranquebar	The Danish India evidence identifies Tranquebar as the Danish trading center and governing base in India.	Codex	2026-07-15T17:10:29+08:00	1199ca09984f6b4e577acc5be24ae0fc44b42bc04cfacb0c1f60a4ed4ab1e1e9	aa22f5d38df1a5f3c9b72595e49754f0bf81819695f4b947015a7fccc0501b1a
newdata512-0118	new5100-s19-095d784c-17f0-4f8a-a98f-948ff8499345-r6	19	L1_steps_01_20	095d784c-17f0-4f8a-a98f-948ff8499345	6	nq	log/agenticIterRag/260715-005906-987696-pipeline-agentic_iter_rag_v1_spad_qwen3_1_7b_newdata_5100_gold_token_f1_v3_postnorm03_stage1/outputs/stages/train_agent/spad_rag/search_policy_rl/rollout_data/19.jsonl	506	what is a checking account called at a credit union?	"[""share draft accounts""]"	transaction account	0.0	0.0	1	0	true	true	supported_answer	share draft account	S	supported_answer	share draft account	Evidence explicitly gives share draft account as the credit-union term for a checking account.	Codex	2026-07-15T17:10:29+08:00	e6f6831df75bcaa7dbd28634e40135514a0efb51ca720410ff0e4b65580f6112	7380a8636227d4d19f3df3d919da1a806e5c4581e131d20066a9d718d3ad4014
newdata512-0119	new5100-s19-7f91ffe6-b77d-4870-a651-10ab3a0877eb-r1	19	L1_steps_01_20	7f91ffe6-b77d-4870-a651-10ab3a0877eb	1	musique	log/agenticIterRag/260715-005906-987696-pipeline-agentic_iter_rag_v1_spad_qwen3_1_7b_newdata_5100_gold_token_f1_v3_postnorm03_stage1/outputs/stages/train_agent/spad_rag/search_policy_rl/rollout_data/19.jsonl	51	Which episode of Doctor Who featured a character for the creator of the Daubigny's Garden series?	"[""``Vincent and the Doctor ''""]"		0.0	0.0	1	0	true	true	insufficient_evidence	证据不足无法作答	I	insufficient_evidence		Evidence identifies Vincent van Gogh as the garden-series painter but contains no Doctor Who episode information.	Codex	2026-07-15T17:10:29+08:00	f5e03bee36f29e1f06cbba4f4d2eeb9695ac7d4fa6ab13f153ad80465ad423b9	e9ba9ea900718497917d86865f6b93b75960788bdbb19b7a958ba0342aebec63
newdata512-0120	new5100-s19-847d0058-4d21-40d4-985d-f8d43c0d7ef0-r3	19	L1_steps_01_20	847d0058-4d21-40d4-985d-f8d43c0d7ef0	3	nq	log/agenticIterRag/260715-005906-987696-pipeline-agentic_iter_rag_v1_spad_qwen3_1_7b_newdata_5100_gold_token_f1_v3_postnorm03_stage1/outputs/stages/train_agent/spad_rag/search_policy_rl/rollout_data/19.jsonl	261	through which vessel does blood leave the heart to go to the lungs?	"[""pulmonary artery""]"	pulmonary artery	1.0	1.0	1	0	false	false			S	supported_answer	pulmonary artery	The pulmonary-circulation evidence directly says blood leaves the right ventricle through the pulmonary artery to the lungs.	Codex	2026-07-15T17:10:29+08:00	81168accf5d761d713fe5ffa378bd5fb7bdc8fa724d61c5cb24d923f7083664a	7b4a2dffc0438a794c5dfc5432ec5eea5d95cf42cd5d5e8a1fca016de7136cd2
newdata512-0121	new5100-s19-d2ac64cd-3026-4872-9a71-015721b28e40-r4	19	L1_steps_01_20	d2ac64cd-3026-4872-9a71-015721b28e40	4	hotpotqa	log/agenticIterRag/260715-005906-987696-pipeline-agentic_iter_rag_v1_spad_qwen3_1_7b_newdata_5100_gold_token_f1_v3_postnorm03_stage1/outputs/stages/train_agent/spad_rag/search_policy_rl/rollout_data/19.jsonl	288	Who directed the 2007 British-Canadian-American gangster film for which Vincent Cassel was best known?	"[""David Cronenberg""]"	David Cronenberg	1.0	1.0	1	0	false	false			S	supported_answer	David Cronenberg	The Vincent Cassel passage identifies Eastern Promises and directly names David Cronenberg as its director.	Codex	2026-07-15T17:10:29+08:00	42fd7a9e9eb2d7930ae74fff6df40c8d93bf7c815291a339e6d8793a5d838f78	b1c6ad5923b71785c59d4d5384bfd990a56e7f69dfa43fe63fa9158a11a44f90
newdata512-0122	new5100-s20-02fede54-b1dc-4170-8e4e-2833db68a752-r6	20	L1_steps_01_20	02fede54-b1dc-4170-8e4e-2833db68a752	6	nq	log/agenticIterRag/260715-005906-987696-pipeline-agentic_iter_rag_v1_spad_qwen3_1_7b_newdata_5100_gold_token_f1_v3_postnorm03_stage1/outputs/stages/train_agent/spad_rag/search_policy_rl/rollout_data/20.jsonl	261	when was new year's day made a bank holiday?	"[""1 January 1974""]"	1 January 1974	1.0	1.0	1	0	false	false			S	supported_answer	1 January 1974	The bank-holiday passage directly states that New Year's Day became a bank holiday in England on 1 January 1974.	Codex	2026-07-15T17:10:29+08:00	1d9590dc7c7a37bec1aa1a2ee94ee100f844fb625272ff6b37d1da64190b46d4	0621409b01691edc649fc7390e376bdc8977a3e960fe60c05b0ba24901622880
newdata512-0123	new5100-s20-389a19e8-2da3-4fe2-81c0-739d2b3a5b0c-r3	20	L1_steps_01_20	389a19e8-2da3-4fe2-81c0-739d2b3a5b0c	3	hotpotqa	log/agenticIterRag/260715-005906-987696-pipeline-agentic_iter_rag_v1_spad_qwen3_1_7b_newdata_5100_gold_token_f1_v3_postnorm03_stage1/outputs/stages/train_agent/spad_rag/search_policy_rl/rollout_data/20.jsonl	216	The Tyne–Tees derby is a term which is often applied to football matches between Middlesbrough and a town that was founded in what year?	"[""1892""]"	1881	0.0	0.0	1	0	true	true	supported_answer	1892	S	supported_answer	1892	The derby passage identifies Newcastle United as Middlesbrough's opponent, and evidence says Newcastle United was formed in 1892; the question's 'town' appears to mean team.	Codex	2026-07-15T17:10:29+08:00	3003a4fb22405cb157cd41189b7e028222658d060501634b3970f6af709da14e	7c98b77b700c7341a9b1d00beb7619bbae2bfbe348c7eb8585ebe00259ae8a7b
newdata512-0124	new5100-s20-57dfa5b1-2e9f-4b11-bd74-597bdb92241a-r3	20	L1_steps_01_20	57dfa5b1-2e9f-4b11-bd74-597bdb92241a	3	nq	log/agenticIterRag/260715-005906-987696-pipeline-agentic_iter_rag_v1_spad_qwen3_1_7b_newdata_5100_gold_token_f1_v3_postnorm03_stage1/outputs/stages/train_agent/spad_rag/search_policy_rl/rollout_data/20.jsonl	243	the technical name for the sense of balance or equilibrium?	"[""equilibrioception""]"	Sense of balance	0.0	0.0	1	0	false	false			S	supported_answer	equilibrioception	The sense-of-balance passage directly provides equilibrioception as the technical term.	Codex	2026-07-15T17:10:29+08:00	fcfbc39703d7acdc68905292e87482abdca73a1370c2af8d0393b7a2b4eb1b45	ce8695254854306039fe5b9fb08898d42621ed486aef0dd50b6934bcaf785b9d
newdata512-0125	new5100-s20-631a2894-3f76-4412-9ee4-23741bc80e49-r3	20	L1_steps_01_20	631a2894-3f76-4412-9ee4-23741bc80e49	3	nq	log/agenticIterRag/260715-005906-987696-pipeline-agentic_iter_rag_v1_spad_qwen3_1_7b_newdata_5100_gold_token_f1_v3_postnorm03_stage1/outputs/stages/train_agent/spad_rag/search_policy_rl/rollout_data/20.jsonl	256	where is the lincoln memorial located in dc?	"[""across from the Washington Monument""]"	Washington, D.C.	0.0	0.3333333333333333	1	0	true	true	supported_answer	western end of the National Mall in Washington, D.C.	S	supported_answer	the western end of the National Mall, across from the Washington Monument	The Lincoln Memorial passage explicitly gives this location in Washington, D.C.	Codex	2026-07-15T17:10:29+08:00	0582e4c0b7e3b0500eeadabda9bea1403bec4fc53807fb95f72659c89504a6f5	9102102c8cd65810060de09d38a0a06464a7f9d036137451c60a6e8a9565cb27
newdata512-0126	new5100-s20-aab2acc0-c6aa-41a2-b8c7-c422ba1f24b3-r7	20	L1_steps_01_20	aab2acc0-c6aa-41a2-b8c7-c422ba1f24b3	7	nq	log/agenticIterRag/260715-005906-987696-pipeline-agentic_iter_rag_v1_spad_qwen3_1_7b_newdata_5100_gold_token_f1_v3_postnorm03_stage1/outputs/stages/train_agent/spad_rag/search_policy_rl/rollout_data/20.jsonl	411	what happens to gisele in fast and furious 6?	"[""killed""]"	Gisele Yashar is killed in Fast & Furious 6.	0.0	0.2222222222222222	1	0	true	true	supported_answer	she is killed	S	supported_answer	She is killed.	The Gisele Yashar passage explicitly states that the character is killed in Fast & Furious 6.	Codex	2026-07-15T17:10:29+08:00	40c69884a5c723eb175c6948c99dbb9344b4e075477ddb81c1f9f7642271c763	c5ecc6ef8f28b4c973c915526e525194c3146eacfa90b7f048098c6061fed9bb
newdata512-0127	new5100-s20-c17b5230-352f-4498-85b4-01a1a1a56dac-r7	20	L1_steps_01_20	c17b5230-352f-4498-85b4-01a1a1a56dac	7	nq	log/agenticIterRag/260715-005906-987696-pipeline-agentic_iter_rag_v1_spad_qwen3_1_7b_newdata_5100_gold_token_f1_v3_postnorm03_stage1/outputs/stages/train_agent/spad_rag/search_policy_rl/rollout_data/20.jsonl	379	when did the cabinet mission came to india?	"[""1946""]"	23 March 1946 and 24 March 1946	0.0	0.25	1	0	false	false			S	supported_answer	23 March 1946 in Karachi and 24 March 1946 in Delhi	Evidence directly gives both the mission's arrival in Karachi and its following-day arrival in Delhi.	Codex	2026-07-15T17:10:29+08:00	04ef46a7dd0ec8ffaa44de5579d96c759073288a5530b980dd925b7e2819aa35	dc84dd76c2687e69c4b708790f4e203f2a03b628cec379d7f04ad87bfb3af799
newdata512-0128	new5100-s20-fe6d1eaa-7304-4d53-a428-c1851e80eadd-r6	20	L1_steps_01_20	fe6d1eaa-7304-4d53-a428-c1851e80eadd	6	nq	log/agenticIterRag/260715-005906-987696-pipeline-agentic_iter_rag_v1_spad_qwen3_1_7b_newdata_5100_gold_token_f1_v3_postnorm03_stage1/outputs/stages/train_agent/spad_rag/search_policy_rl/rollout_data/20.jsonl	366	when did they start using men's names for hurricanes?	"[""1979""]"	1979	1.0	1.0	1	0	false	false			S	supported_answer	1979	The Hurricane Bob passage identifies it as the first Atlantic cyclone officially given a masculine name in 1979.	Codex	2026-07-15T17:10:29+08:00	ae1030b7d07692c531df1b2624dd0ccf3690e8c741f35bb5171a7e53cc7a93b5	d0b5233bd07cd754cf85028af4bb39557d090a8b8af79f43169e9c6026f53eaa
newdata512-0129	new5100-s21-1e3be77d-16c4-4508-bb12-67a5f2e6ff97-r1	21	L2_steps_21_40	1e3be77d-16c4-4508-bb12-67a5f2e6ff97	1	nq	log/agenticIterRag/260715-005906-987696-pipeline-agentic_iter_rag_v1_spad_qwen3_1_7b_newdata_5100_gold_token_f1_v3_postnorm03_stage1/outputs/stages/train_agent/spad_rag/search_policy_rl/rollout_data/21.jsonl	230	who was sent in command of a force of troops to capture fort duquesne?	"[""James Grant""]"	General John Forbes	0.0	0.0	1	0	true	true	insufficient_evidence	证据不足无法作答	S	supported_answer	James Grant	Evidence says Major James Grant was ordered to reconnoiter Fort Duquesne with 850 men ahead of the capture expedition.	Codex	2026-07-15T17:13:00+08:00	f5bcc3a7144616993ddfb52e4783c826b49448c5f091bcb477d8067cd7dd2577	ce87b1228cf0dbfc976f1078f2c922233f0aacbffb439e31142fe11b66974989
newdata512-0130	new5100-s21-4cdaecb5-9419-4544-a242-6434fb03cb35-r7	21	L2_steps_21_40	4cdaecb5-9419-4544-a242-6434fb03cb35	7	nq	log/agenticIterRag/260715-005906-987696-pipeline-agentic_iter_rag_v1_spad_qwen3_1_7b_newdata_5100_gold_token_f1_v3_postnorm03_stage1/outputs/stages/train_agent/spad_rag/search_policy_rl/rollout_data/21.jsonl	402	who won series 10 of britain's got talent?	"[""Richard Jones""]"	Richard Jones	1.0	1.0	1	0	false	false			S	supported_answer	Richard Jones	The series 10 passage directly names magician Richard Jones as the winner.	Codex	2026-07-15T17:13:00+08:00	81dd3aee69a6667b40a756c3584cb56e0795269660a0fbdd3b2cb66ab85d31d3	f7935404736668376d983d955ded468a2c849a8f0edfa71a648ca23e9cd7714d
newdata512-0131	new5100-s21-59f257d6-0d82-4d62-a293-f018b8b8c35e-r3	21	L2_steps_21_40	59f257d6-0d82-4d62-a293-f018b8b8c35e	3	2wikimultihopqa	log/agenticIterRag/260715-005906-987696-pipeline-agentic_iter_rag_v1_spad_qwen3_1_7b_newdata_5100_gold_token_f1_v3_postnorm03_stage1/outputs/stages/train_agent/spad_rag/search_policy_rl/rollout_data/21.jsonl	114	Are Samalá River and Itter (Eder) located in the same country?	"[""no""]"	No	1.0	1.0	1	0	false	false			I	insufficient_evidence		Evidence explicitly places the Samala River in Guatemala but only gives regional place names for the Itter, without stating its country.	Codex	2026-07-15T17:13:00+08:00	19e46ce474993aceba0c0fb9b4ea21ad7fb352b1dd69667a4c11435d3af10e7c	6ec96ed954cacddd719e8273ba993302bf4813a6d624dd27bbed82c3b27a572a
newdata512-0132	new5100-s21-974f589f-946b-471f-b329-263a63026f52-r6	21	L2_steps_21_40	974f589f-946b-471f-b329-263a63026f52	6	nq	log/agenticIterRag/260715-005906-987696-pipeline-agentic_iter_rag_v1_spad_qwen3_1_7b_newdata_5100_gold_token_f1_v3_postnorm03_stage1/outputs/stages/train_agent/spad_rag/search_policy_rl/rollout_data/21.jsonl	509	who was the roman emperor when jerusalem was destroyed?	"[""Titus""]"	Titus	1.0	1.0	1	0	false	false			S	supported_answer	Titus	The Titus and Siege of Jerusalem passages support Titus as Roman emperor at Jerusalem's destruction in 70 CE.	Codex	2026-07-15T17:13:00+08:00	0d1c640998a07c57461891dc2c025b9baf41abe7c6a1dd5d2c90faf607fdc98f	55e3469f3e77e8872e6f8a6da72236b7ffb96c6fc1cdc2da779b49370269dde1
newdata512-0133	new5100-s21-e99ac18d-7ea4-4560-8a9d-9a9e79bebd6a-r7	21	L2_steps_21_40	e99ac18d-7ea4-4560-8a9d-9a9e79bebd6a	7	hotpotqa	log/agenticIterRag/260715-005906-987696-pipeline-agentic_iter_rag_v1_spad_qwen3_1_7b_newdata_5100_gold_token_f1_v3_postnorm03_stage1/outputs/stages/train_agent/spad_rag/search_policy_rl/rollout_data/21.jsonl	484	A famous Mexican and American musician who first became famous in the late 1960s and early 1970s with his band. He was born July 20, 1947?	"[""Carlos Santana""]"	Carlos Santana	1.0	1.0	1	0	false	false			S	supported_answer	Carlos Santana	The Carlos Santana passage exactly matches the nationality, career period, and July 20, 1947 birth date in the question.	Codex	2026-07-15T17:13:00+08:00	0e8c6e5b4a8124d9680989cbfaa0148d01da86f3074a8f6d3efc23178cd75f04	6790aacf8a9edd162cdf5e86839fd91270b8caa641ebdb950ce361cde6d0102c
newdata512-0134	new5100-s21-f019d668-e9a8-4cee-a674-a957dfb22834-r0	21	L2_steps_21_40	f019d668-e9a8-4cee-a674-a957dfb22834	0	musique	log/agenticIterRag/260715-005906-987696-pipeline-agentic_iter_rag_v1_spad_qwen3_1_7b_newdata_5100_gold_token_f1_v3_postnorm03_stage1/outputs/stages/train_agent/spad_rag/search_policy_rl/rollout_data/21.jsonl	88	What is the national minimum monthly wage in the country where the person who described the process of evaporation lived?	"[""450 yuan per month""]"		0.0	0.0	1	0	true	true	insufficient_evidence	证据不足无法作答	I	insufficient_evidence		Evidence identifies a Swedish meteorologist but provides no Swedish national minimum monthly wage and does not support the gold amount.	Codex	2026-07-15T17:13:00+08:00	e33f5c02534f285ad98d4dc5510253143267c6f3db33800cb4386a886d0bfff8	d11087efe69c84fee2fd41fed49156178cf196c424203c191d7df4b3bd6c7c42
newdata512-0135	new5100-s21-faccf874-8065-4c99-b40e-89d5c2ab1b2b-r5	21	L2_steps_21_40	faccf874-8065-4c99-b40e-89d5c2ab1b2b	5	nq	log/agenticIterRag/260715-005906-987696-pipeline-agentic_iter_rag_v1_spad_qwen3_1_7b_newdata_5100_gold_token_f1_v3_postnorm03_stage1/outputs/stages/train_agent/spad_rag/search_policy_rl/rollout_data/21.jsonl	379	who was the first to measure the earth circumference?	"[""Eratosthenes""]"	Eratosthenes	1.0	1.0	1	0	false	false			S	supported_answer	Eratosthenes	The Earth's circumference passage directly says it was first calculated by Eratosthenes.	Codex	2026-07-15T17:13:00+08:00	ddeaf5d4d88eb5b5c746b905dbe0178e3cf24a5c1c6f3edc7e821e3fa9ad8c19	352415b0ddc7e45a680074509f05998cd7a169fc935e7efe9dcc3603f091a879
newdata512-0136	new5100-s22-1035b974-e63b-43c7-afc7-866849c0b93e-r7	22	L2_steps_21_40	1035b974-e63b-43c7-afc7-866849c0b93e	7	nq	log/agenticIterRag/260715-005906-987696-pipeline-agentic_iter_rag_v1_spad_qwen3_1_7b_newdata_5100_gold_token_f1_v3_postnorm03_stage1/outputs/stages/train_agent/spad_rag/search_policy_rl/rollout_data/22.jsonl	502	who does hamlet kill first in the play?	"[""Polonius""]"	Polonius	1.0	1.0	1	0	false	false			S	supported_answer	Polonius	The Hamlet plot passage supports Polonius as the first person Hamlet kills in the play.	Codex	2026-07-15T17:13:00+08:00	bea134eadb0d858d034a0ed231102ac0368fc9001e510535db20709eaf2217ef	de652d9245b9a138bd007fd690e37247787e600a5b1974c930752cf4a75ea388
newdata512-0137	new5100-s22-11cc4fb8-b335-432d-ba25-ef2ad599f4db-r7	22	L2_steps_21_40	11cc4fb8-b335-432d-ba25-ef2ad599f4db	7	musique	log/agenticIterRag/260715-005906-987696-pipeline-agentic_iter_rag_v1_spad_qwen3_1_7b_newdata_5100_gold_token_f1_v3_postnorm03_stage1/outputs/stages/train_agent/spad_rag/search_policy_rl/rollout_data/22.jsonl	378	Where is the crying stone found in the country where the Aweer live?	"[""located along the highway towards Kisumu""]"	Lima, Peru	0.0	0.0	1	0	true	true	insufficient_evidence	证据不足无法作答	I	insufficient_evidence		Retrieved documents concern unrelated crying, rocking, and hunger stones and contain no Aweer-to-country or target-stone location chain.	Codex	2026-07-15T17:13:00+08:00	69c7fd539b5f08a56ccb1db1c0dd907ebb4991536a74389dcd77da366927be49	98f3a155b97f03b72c715dcd5a53ba1516bf6553904cca7a60b61231f436ec92
newdata512-0138	new5100-s22-32859553-1ce0-4bcc-aaaa-2c4faff3489f-r1	22	L2_steps_21_40	32859553-1ce0-4bcc-aaaa-2c4faff3489f	1	2wikimultihopqa	log/agenticIterRag/260715-005906-987696-pipeline-agentic_iter_rag_v1_spad_qwen3_1_7b_newdata_5100_gold_token_f1_v3_postnorm03_stage1/outputs/stages/train_agent/spad_rag/search_policy_rl/rollout_data/22.jsonl	54	Who died first, Helen Wilkes or Baldassare Calamai?	"[""Baldassare Calamai""]"	Baldassare Calamai	1.0	1.0	2	0	false	false			S	supported_answer	Baldassare Calamai	Evidence dates Baldassare Calamai's death to 1851 and Helen Wilkes's to 2015, so Calamai died first.	Codex	2026-07-15T17:13:00+08:00	e078aeea1cdbe24c33fe13005509c3c26046625ed073218391a207253bbeb735	c7680c1e1a16f5f03f7b1f95091beeb858d559a1019eca961b29d3d8bd5c29f7
newdata512-0139	new5100-s22-61f6e350-653c-4760-8a5f-611537d3ebfb-r2	22	L2_steps_21_40	61f6e350-653c-4760-8a5f-611537d3ebfb	2	musique	log/agenticIterRag/260715-005906-987696-pipeline-agentic_iter_rag_v1_spad_qwen3_1_7b_newdata_5100_gold_token_f1_v3_postnorm03_stage1/outputs/stages/train_agent/spad_rag/search_policy_rl/rollout_data/22.jsonl	183	When is the next gubernatorial election in the state where Motley Slough Bridge is located?	"[""November 5, 2019""]"	2022	0.0	0.0	2	0	true	true	insufficient_evidence	证据不足无法作答	I	insufficient_evidence		Search results retrieve Berkshire bridges rather than Motley Slough Bridge and provide no relevant state gubernatorial election date.	Codex	2026-07-15T17:13:00+08:00	494d93b731de8b3a8c6b806f5d8ce328b89f02889a2953740a4af43d4a5a9eaf	4cb8dc595b488a9f3a5d035d43e9c27299830446f90709c74bd1e5fc17d3bb8f
newdata512-0140	new5100-s22-a65d9d77-7fc7-479c-be36-ccd4e8d24364-r0	22	L2_steps_21_40	a65d9d77-7fc7-479c-be36-ccd4e8d24364	0	musique	log/agenticIterRag/260715-005906-987696-pipeline-agentic_iter_rag_v1_spad_qwen3_1_7b_newdata_5100_gold_token_f1_v3_postnorm03_stage1/outputs/stages/train_agent/spad_rag/search_policy_rl/rollout_data/22.jsonl	39	Who established the first committee of correspondence in 1772 in the capital of the state where Wellesley College is located and why?	"[""Samuel Adams""]"	Samuel Adams and Dr. Joseph Warren established the committee in 1772 in Boston, Massachusetts, to address the Gaspée Affair and the British decision to pay public officials directly, removing the colony's accountability.	0.0	0.13333333333333333	1	0	true	true	insufficient_evidence	证据不足无法作答	S	supported_answer	Samuel Adams and Dr. Joseph Warren; in response to the Gaspee Affair and Crown-paid official salaries that removed colonial accountability.	Evidence places Wellesley College in Massachusetts and explicitly names the 1772 Boston committee's founders and reasons.	Codex	2026-07-15T17:13:00+08:00	515bc160499fce3980b3744927bbae2ba9573fc4cc82f962d2ffcaa7d426ab78	60af1482e3a12d823efb185443609afcebbb1d63a7ebb583fd8df6c93453a1a6
newdata512-0141	new5100-s22-fa377528-d34f-47b2-9f6a-a164a43c4573-r3	22	L2_steps_21_40	fa377528-d34f-47b2-9f6a-a164a43c4573	3	musique	log/agenticIterRag/260715-005906-987696-pipeline-agentic_iter_rag_v1_spad_qwen3_1_7b_newdata_5100_gold_token_f1_v3_postnorm03_stage1/outputs/stages/train_agent/spad_rag/search_policy_rl/rollout_data/22.jsonl	235	where was the initial german offensive during the war just before toilets became common in London?	"[""First Battle of the Marne""]"	The Blitz	0.0	0.0	1	0	true	true	insufficient_evidence	证据不足无法作答	I	insufficient_evidence		Evidence links widespread London indoor toilets to the period after World War I but retrieves only the later Blitz, not where World War I's initial German offensive stopped.	Codex	2026-07-15T17:13:00+08:00	33aa6d5ae609bcf55718a519db07b59a7319c2be9fcc13b617f44aede5de872d	1210e31e8175053f93b73e2eabc10a05adf0cbfcd4956e9827600fe211e91bea
newdata512-0142	new5100-s23-09bdbf28-db19-45c9-b75d-ce29de83f881-r4	23	L2_steps_21_40	09bdbf28-db19-45c9-b75d-ce29de83f881	4	hotpotqa	log/agenticIterRag/260715-005906-987696-pipeline-agentic_iter_rag_v1_spad_qwen3_1_7b_newdata_5100_gold_token_f1_v3_postnorm03_stage1/outputs/stages/train_agent/spad_rag/search_policy_rl/rollout_data/23.jsonl	223	Which philosopher did Popular Science magazine choose a Book of the Month, that write on the subject of intelligent design.	"[""a 2003 book by sociologist Steve Fuller""]"		0.0	0.0	1	0	true	true	insufficient_evidence	证据不足无法作答	I	insufficient_evidence		Evidence discusses intelligent design but contains no Popular Science Book of the Month selection or matching philosopher.	Codex	2026-07-15T17:13:00+08:00	8acfd9ebee8f187771a1dbf8ea5fbe7d1b9a220673a4b9a16d1bf688d011bd50	931b086e926248d2d731c20af9e5fabce9245e7c65c81377fc97586db24a2111
newdata512-0143	new5100-s23-2acd7845-c6c2-4c7e-9dc0-34c93f3a533b-r7	23	L2_steps_21_40	2acd7845-c6c2-4c7e-9dc0-34c93f3a533b	7	musique	log/agenticIterRag/260715-005906-987696-pipeline-agentic_iter_rag_v1_spad_qwen3_1_7b_newdata_5100_gold_token_f1_v3_postnorm03_stage1/outputs/stages/train_agent/spad_rag/search_policy_rl/rollout_data/23.jsonl	471	Of what faith is the Diocese of the birthplace of Wendy Miller?	"[""Anglican Church of Canada""]"		0.0	0.0	1	0	true	true	insufficient_evidence	证据不足无法作答	I	insufficient_evidence		Evidence contains no Wendy Miller, birthplace, or birthplace-diocese chain.	Codex	2026-07-15T17:13:00+08:00	8a7d4ecf13154af4a8e63526a2d4901cddfb04b591154e8c38defbd5ea93be9c	481d13b869e896fa42743be904caa0739f51665c28159ca4102cc84474f61e7e
newdata512-0144	new5100-s23-920a23cb-ac7e-4143-b5a5-a7ce655922cf-r4	23	L2_steps_21_40	920a23cb-ac7e-4143-b5a5-a7ce655922cf	4	hotpotqa	log/agenticIterRag/260715-005906-987696-pipeline-agentic_iter_rag_v1_spad_qwen3_1_7b_newdata_5100_gold_token_f1_v3_postnorm03_stage1/outputs/stages/train_agent/spad_rag/search_policy_rl/rollout_data/23.jsonl	360	What does Wile E. Coyote and the Road Runner have in common?	"[""cartoon""]"	They are both characters from the Looney Tunes and Merrie Melodies series of cartoons.	0.0	0.0	1	0	true	true	supported_answer	"duo of characters from the ""Looney Tunes"" and ""Merrie Melodies"" series of cartoons"	S	supported_answer	They are both Looney Tunes and Merrie Melodies cartoon characters.	The Wile E. Coyote and Road Runner passage explicitly describes the pair this way.	Codex	2026-07-15T17:13:00+08:00	5c091b232bae5eba5a203889ea26742e0602f0831d6099d85a488074768a6e29	e9e2c1b6610ccee6905858974b25f85eb62ed2cc3fdac229db2a1097155087a8
newdata512-0145	new5100-s23-cad637da-29e1-43a7-a43e-49294ce0a5ba-r3	23	L2_steps_21_40	cad637da-29e1-43a7-a43e-49294ce0a5ba	3	hotpotqa	log/agenticIterRag/260715-005906-987696-pipeline-agentic_iter_rag_v1_spad_qwen3_1_7b_newdata_5100_gold_token_f1_v3_postnorm03_stage1/outputs/stages/train_agent/spad_rag/search_policy_rl/rollout_data/23.jsonl	352	In what city is the CBS station that features children's show Gator Tales?	"[""St. Louis, Missouri, United States""]"	St. Louis	0.0	0.5714285714285715	1	0	true	true	supported_answer	St. Louis	S	supported_answer	St. Louis, Missouri	The Gator Tales passage states that local CBS affiliate KMOV produced the show in St. Louis, Missouri.	Codex	2026-07-15T17:13:00+08:00	d24da49cd1d28addad4e6a280126da8cbbbe9b1eefdcee9d023485b097ce2b15	2a5e12d19c312f67b5b69a0718c39b7ee8f0cb19c90fdc137dfac0825c8432e2
newdata512-0146	new5100-s23-d6d8c615-622e-48b5-8383-3c17a23dcd66-r7	23	L2_steps_21_40	d6d8c615-622e-48b5-8383-3c17a23dcd66	7	nq	log/agenticIterRag/260715-005906-987696-pipeline-agentic_iter_rag_v1_spad_qwen3_1_7b_newdata_5100_gold_token_f1_v3_postnorm03_stage1/outputs/stages/train_agent/spad_rag/search_policy_rl/rollout_data/23.jsonl	511	who does the voice over for bart simpson?	"[""Nancy Cartwright""]"	Nancy Cartwright	1.0	1.0	1	0	false	false			S	supported_answer	Nancy Cartwright	The Bart Simpson passage directly states that Nancy Cartwright voices him.	Codex	2026-07-15T17:13:00+08:00	a74775dea44a3fe5d850b9a93341619db90e97d9bba17ff23919e34d8ceb138c	d9e7452c65b374e8556bc031dd5e8e945bcf80514a6ccd73e0502bb877349af5
newdata512-0147	new5100-s24-0ae85b25-25a5-465b-9552-8465e1c87350-r5	24	L2_steps_21_40	0ae85b25-25a5-465b-9552-8465e1c87350	5	nq	log/agenticIterRag/260715-005906-987696-pipeline-agentic_iter_rag_v1_spad_qwen3_1_7b_newdata_5100_gold_token_f1_v3_postnorm03_stage1/outputs/stages/train_agent/spad_rag/search_policy_rl/rollout_data/24.jsonl	404	where do the chiefs rugby team come from?	"[""Hamilton, New Zealand""]"	Hamilton, New Zealand	1.0	1.0	1	0	false	false			S	supported_answer	Hamilton, New Zealand	The Chiefs passage directly describes the rugby union team as based in Hamilton, New Zealand.	Codex	2026-07-15T17:13:00+08:00	99655014fe910216326f6368201187bd1d9fae50aeb2a0d7e69cf128d55d92c3	36661cc22a704fbc9fa7ca88ddb4b372e7b3f53cab56c3f9098ea265f6588515
newdata512-0148	new5100-s24-1c0781c9-7cb3-4339-a917-47e97e14aae6-r0	24	L2_steps_21_40	1c0781c9-7cb3-4339-a917-47e97e14aae6	0	nq	log/agenticIterRag/260715-005906-987696-pipeline-agentic_iter_rag_v1_spad_qwen3_1_7b_newdata_5100_gold_token_f1_v3_postnorm03_stage1/outputs/stages/train_agent/spad_rag/search_policy_rl/rollout_data/24.jsonl	25	when did the south surrendered in the civil war?	"[""1865""]"	April 9, 1865	0.0	0.5	1	0	true	true	supported_answer	April 9, 1865 (officially April 12)	A	ambiguous_evidence		Evidence lists major Confederate surrenders on April 9 and April 18, 1865 and further surrenders through June 28; 'the South' does not identify one event.	Codex	2026-07-15T17:13:00+08:00	7024afc198bba5f78118e8b82d3f3d1e5b104f325333c1e84d596ccf2dd61a96	f400df5c18c28d8347deb2f8f9fe09682fc1ef9dabf371a6cc3a5af34e4c1ce8
newdata512-0149	new5100-s24-40760aa4-2512-4080-9561-067eb7fd0942-r3	24	L2_steps_21_40	40760aa4-2512-4080-9561-067eb7fd0942	3	nq	log/agenticIterRag/260715-005906-987696-pipeline-agentic_iter_rag_v1_spad_qwen3_1_7b_newdata_5100_gold_token_f1_v3_postnorm03_stage1/outputs/stages/train_agent/spad_rag/search_policy_rl/rollout_data/24.jsonl	257	where does the banks family live in mary poppins?	"[""Cherry Tree Lane""]"	Number 17, London	0.0	0.0	1	0	true	true	supported_answer	Number 17	I	insufficient_evidence		The musical passage says only that the Banks family lives at Number 17 in London; it omits the street name needed to identify the location.	Codex	2026-07-15T17:13:00+08:00	7ea74846b804ddcd743da9671c440b07109cea99106c2ef823c80cffec18107e	c5d9bdd777924cede7baa31f5eb67894682eebdcb3b5f2d0b1ef4b8e4fa6757e
newdata512-0150	new5100-s24-55a3502f-7333-4a66-b1b4-6be9736023f4-r0	24	L2_steps_21_40	55a3502f-7333-4a66-b1b4-6be9736023f4	0	nq	log/agenticIterRag/260715-005906-987696-pipeline-agentic_iter_rag_v1_spad_qwen3_1_7b_newdata_5100_gold_token_f1_v3_postnorm03_stage1/outputs/stages/train_agent/spad_rag/search_policy_rl/rollout_data/24.jsonl	1	where did gone with the wind premiere in atlanta?	"[""December 15, 1939""]"	Loew's Grand Theatre	0.0	0.0	1	0	true	true	supported_answer	Loew's Grand Theatre	S	supported_answer	Loew's Grand Theatre	Evidence explicitly identifies Loew's Grand Theatre as the Atlanta venue for the premiere.	Codex	2026-07-15T17:13:00+08:00	19bbc69a567ae423e9a4605c2863a3538f4dcc4ed6447f649690fe9379daa9cb	827c52e44caf6b43d466633d51e22f6b77f690cf2d388820618389857e3c0193
newdata512-0151	new5100-s24-a2e95b93-be69-484e-bca2-297a74ef9caa-r0	24	L2_steps_21_40	a2e95b93-be69-484e-bca2-297a74ef9caa	0	nq	log/agenticIterRag/260715-005906-987696-pipeline-agentic_iter_rag_v1_spad_qwen3_1_7b_newdata_5100_gold_token_f1_v3_postnorm03_stage1/outputs/stages/train_agent/spad_rag/search_policy_rl/rollout_data/24.jsonl	8	who was thrown in the pit in the bible?	"[""Daniel""]"	Joseph	0.0	0.0	1	0	true	true	supported_answer	Joseph	S	supported_answer	Joseph	The retrieved Genesis/Joseph passages explicitly describe Joseph being cast into a pit.	Codex	2026-07-15T17:13:00+08:00	6793f38c67b4c1f1e759869263c37eb95b4c6ecd2462462c5fe8a8af27b2227c	7e0c75ea8cd906e23148fe8ecbcd29149f12e4a751fb0e245ff17807de8d083c
newdata512-0152	new5100-s24-f1ba9b97-60db-412b-a178-471844cde52f-r0	24	L2_steps_21_40	f1ba9b97-60db-412b-a178-471844cde52f	0	hotpotqa	log/agenticIterRag/260715-005906-987696-pipeline-agentic_iter_rag_v1_spad_qwen3_1_7b_newdata_5100_gold_token_f1_v3_postnorm03_stage1/outputs/stages/train_agent/spad_rag/search_policy_rl/rollout_data/24.jsonl	42	Which figurine produced by Walt Disney and originally released by RKO Radio Pictures was in the collection of Musical Memories?	"[""Snow White and the Seven Dwarfs""]"	Musical Memories (Disney)	0.0	0.0	1	0	true	true	insufficient_evidence	证据不足无法作答	I	insufficient_evidence		Evidence names Snow White and Oliver & Company as endpoints of the collection but does not link the RKO-release condition to a unique figurine.	Codex	2026-07-15T17:13:00+08:00	9df73594ff02611210e3950f8aa6b013b5b670fae514d34563d1bbb73fd642b6	9cc13185863be4dddcdd919fae78487a83c7d1523d60d217648614e5f8fff9ce
newdata512-0153	new5100-s25-1767c895-fed9-4b4f-a421-d3093dbb816d-r1	25	L2_steps_21_40	1767c895-fed9-4b4f-a421-d3093dbb816d	1	nq	log/agenticIterRag/260715-005906-987696-pipeline-agentic_iter_rag_v1_spad_qwen3_1_7b_newdata_5100_gold_token_f1_v3_postnorm03_stage1/outputs/stages/train_agent/spad_rag/search_policy_rl/rollout_data/25.jsonl	152	what year did toys r us open their doors?	"[""June 1957""]"	1948	0.0	0.0	1	0	true	true	supported_answer	1948	A	ambiguous_evidence		Evidence gives a 1948 origin store and a June 1957 founding for the modern Toys R Us iteration; 'open their doors' does not choose between them.	Codex	2026-07-15T17:13:00+08:00	a2ce923a04eb0c4a37f2e431d1d0a7ef4adfc9b92894fc5f16e82e5e9a46bf6a	594c7ae62a46ea15c11010c18eb74680bb6a4abaf186f4055a9767dec8db7c81
newdata512-0154	new5100-s25-3e051f3a-3565-4555-9f24-dd0ab8936042-r5	25	L2_steps_21_40	3e051f3a-3565-4555-9f24-dd0ab8936042	5	nq	log/agenticIterRag/260715-005906-987696-pipeline-agentic_iter_rag_v1_spad_qwen3_1_7b_newdata_5100_gold_token_f1_v3_postnorm03_stage1/outputs/stages/train_agent/spad_rag/search_policy_rl/rollout_data/25.jsonl	385	which contingent leads the march past in all the olympic games?	"[""Greece""]"	Greece	1.0	1.0	1	0	false	false			S	supported_answer	Greece	The Olympic ceremony passage directly says Greece traditionally enters first and leads the parade.	Codex	2026-07-15T17:13:00+08:00	f3663966da598b8a06cbcf0857e09fe86b4536c1ac3715658e55c07b519b3608	493b2772bb46e0ab47a8a37f1311a69d7d391178887a333a43cefd30e4be6973
newdata512-0155	new5100-s25-b09e6e04-6077-4652-84a1-bc408df26346-r4	25	L2_steps_21_40	b09e6e04-6077-4652-84a1-bc408df26346	4	nq	log/agenticIterRag/260715-005906-987696-pipeline-agentic_iter_rag_v1_spad_qwen3_1_7b_newdata_5100_gold_token_f1_v3_postnorm03_stage1/outputs/stages/train_agent/spad_rag/search_policy_rl/rollout_data/25.jsonl	291	when did johnny cash write a boy named sue?	"[""1969""]"		0.0	0.0	1	0	false	false			I	insufficient_evidence		Evidence states Shel Silverstein wrote the song and that Johnny Cash recorded it in 1969, so it does not support the question's premise that Cash wrote it.	Codex	2026-07-15T17:13:00+08:00	73455759f974d512f9c8357331026690278647831eba69c8e363e06f9b43c5a5	ae6c70c4f641e8c7f55940420c30ccb04e17faccd9ed1e784d5f4c9b9ae297b6
newdata512-0156	new5100-s25-b6dda8d1-8e2e-47d3-9cda-beda1a5d0ed8-r6	25	L2_steps_21_40	b6dda8d1-8e2e-47d3-9cda-beda1a5d0ed8	6	nq	log/agenticIterRag/260715-005906-987696-pipeline-agentic_iter_rag_v1_spad_qwen3_1_7b_newdata_5100_gold_token_f1_v3_postnorm03_stage1/outputs/stages/train_agent/spad_rag/search_policy_rl/rollout_data/25.jsonl	378	who played mr. smith in lost in space?	"[""Jonathan Harris""]"	Jonathan Harris	1.0	1.0	1	0	false	false			S	supported_answer	Jonathan Harris	The Lost in Space passage identifies Dr. Zachary Smith as played by Jonathan Harris.	Codex	2026-07-15T17:13:00+08:00	05658d311ce2abb27215b073a6cfbcdd6a5f318a9fdae60d4f7375bb380840e2	0dcf23a2f980de6be1584bcebf1c7cf510cfe89098fc12886a238ca2b63dbca9
newdata512-0157	new5100-s26-525ade31-b6ee-44e6-b843-e3692a450e97-r4	26	L2_steps_21_40	525ade31-b6ee-44e6-b843-e3692a450e97	4	musique	log/agenticIterRag/260715-005906-987696-pipeline-agentic_iter_rag_v1_spad_qwen3_1_7b_newdata_5100_gold_token_f1_v3_postnorm03_stage1/outputs/stages/train_agent/spad_rag/search_policy_rl/rollout_data/26.jsonl	222	The publisher of Mouse Practice has remained profitable since what time?	"[""Steve Jobs' return""]"		0.0	0.0	1	0	true	true	insufficient_evidence	证据不足无法作答	I	insufficient_evidence		Evidence retrieves an unrelated Mouse Practice publisher and contains no profitability timeline matching the question.	Codex	2026-07-15T17:13:00+08:00	a0b4216f6ea111eff646b863ac54e7507aafc4d16ebff471ad62d3ae2a2ece97	843151c269900064db6d9736db7dc24ed515eb23e025a1dc851b18f154c2c2ed
newdata512-0158	new5100-s26-60df7a72-ebed-4dce-8b02-c8e57387e2dc-r0	26	L2_steps_21_40	60df7a72-ebed-4dce-8b02-c8e57387e2dc	0	hotpotqa	log/agenticIterRag/260715-005906-987696-pipeline-agentic_iter_rag_v1_spad_qwen3_1_7b_newdata_5100_gold_token_f1_v3_postnorm03_stage1/outputs/stages/train_agent/spad_rag/search_policy_rl/rollout_data/26.jsonl	54	What genre of movie do Alita: Battle Angel and Avatar share?	"[""Alita: Battle Angel is an upcoming American science fiction film""]"	science fiction	0.0	0.3636363636363636	2	0	true	true	supported_answer	science fiction	S	supported_answer	science fiction	Evidence describes Alita as cyberpunk and Avatar as science fiction; cyberpunk is the shared science-fiction genre indicated by the two film descriptions.	Codex	2026-07-15T17:13:00+08:00	1f3f89017b54f87620501d633281c252b6468d0547e6ae664ffe05bb430190cf	01af4b854169c39a8caf101a958bbad646f652d69707ec0371762e3e8519a059
newdata512-0159	new5100-s26-73c98cd4-bee4-42f4-bc89-0619b79afeb9-r3	26	L2_steps_21_40	73c98cd4-bee4-42f4-bc89-0619b79afeb9	3	nq	log/agenticIterRag/260715-005906-987696-pipeline-agentic_iter_rag_v1_spad_qwen3_1_7b_newdata_5100_gold_token_f1_v3_postnorm03_stage1/outputs/stages/train_agent/spad_rag/search_policy_rl/rollout_data/26.jsonl	356	who dies in the beginning of fast and furious 7?	"[""Han""]"	Han	1.0	1.0	1	0	false	false			S	supported_answer	Han	The Furious 7 passage explicitly says Han is killed by Shaw in Tokyo at the beginning of the story.	Codex	2026-07-15T17:13:00+08:00	5a68abde8f0ae2a7db7248f56e952da910b2c601fb0de90142ef88bf56d387dc	95f720db86f9534cd1fb9915699a3b4058ea6fa089a4390a149cde4cc00403f3
newdata512-0160	new5100-s26-7cbac482-f407-4f63-b91b-efbdfdd4f46f-r3	26	L2_steps_21_40	7cbac482-f407-4f63-b91b-efbdfdd4f46f	3	2wikimultihopqa	log/agenticIterRag/260715-005906-987696-pipeline-agentic_iter_rag_v1_spad_qwen3_1_7b_newdata_5100_gold_token_f1_v3_postnorm03_stage1/outputs/stages/train_agent/spad_rag/search_policy_rl/rollout_data/26.jsonl	214	When was Jessie Harlan Lincoln's father born?	"[""August 1, 1843""]"		0.0	0.0	1	0	false	false			I	insufficient_evidence		Evidence identifies Jessie Harlan Lincoln's father as Robert Todd Lincoln but never gives his birth date.	Codex	2026-07-15T17:13:00+08:00	5462deee3d01a61ccd53b0db20d72c00499841e914714d9bb9ae533bd93e6560	12fab4f09c38a0b5240d67b605ab006c0aa310ddac88bbc127d8068d1c296fc4
newdata512-0161	new5100-s26-a38c9722-3c68-4306-bc38-b9bdebeddf4a-r7	26	L2_steps_21_40	a38c9722-3c68-4306-bc38-b9bdebeddf4a	7	hotpotqa	log/agenticIterRag/260715-005906-987696-pipeline-agentic_iter_rag_v1_spad_qwen3_1_7b_newdata_5100_gold_token_f1_v3_postnorm03_stage1/outputs/stages/train_agent/spad_rag/search_policy_rl/rollout_data/26.jsonl	410	Where did the team Mike Gundy coaches play their home games in 2005?	"[""Boone Pickens Stadium""]"	Gaylord Family Oklahoma Memorial Stadium	0.0	0.25	1	0	true	true	supported_answer	Gaylord Family Oklahoma Memorial Stadium in Norman, Oklahoma	I	insufficient_evidence		Evidence identifies Mike Gundy with Oklahoma State but gives the 2005 Oklahoma Sooners' home venue, an unrelated team.	Codex	2026-07-15T17:15:11+08:00	c3ece87b24fd6b31229915e074279398a024d9b68b144cacfd9c5ddbfdded681	f0976a22ca2b1cda95ac6c037b9805e1c0e2ddb6dede42fa356ed4d1cbedcb7a
newdata512-0162	new5100-s26-fc0fa420-0336-485f-9131-ac1080f48ce6-r4	26	L2_steps_21_40	fc0fa420-0336-485f-9131-ac1080f48ce6	4	musique	log/agenticIterRag/260715-005906-987696-pipeline-agentic_iter_rag_v1_spad_qwen3_1_7b_newdata_5100_gold_token_f1_v3_postnorm03_stage1/outputs/stages/train_agent/spad_rag/search_policy_rl/rollout_data/26.jsonl	312	When does monsoon season occur in the city where The Mann School is located?	"[""the middle of the summer""]"	July to August	0.0	0.0	2	0	true	true	insufficient_evidence	证据不足无法作答	I	insufficient_evidence		Evidence returns multiple Mann schools and climate material but never establishes one target city and its monsoon season.	Codex	2026-07-15T17:15:11+08:00	b11b4d81383ba6f1934d4c9f7672de3dba72210071162447322b303565ea4ba0	dc6cea0beab444bd58b2863226fc0b9832109773a23b3e2b7b8d1abaaf208d7d
newdata512-0163	new5100-s27-2934822d-9628-4746-b49c-5eae1a174a4f-r3	27	L2_steps_21_40	2934822d-9628-4746-b49c-5eae1a174a4f	3	hotpotqa	log/agenticIterRag/260715-005906-987696-pipeline-agentic_iter_rag_v1_spad_qwen3_1_7b_newdata_5100_gold_token_f1_v3_postnorm03_stage1/outputs/stages/train_agent/spad_rag/search_policy_rl/rollout_data/27.jsonl	284	Are Hocus Pocus and Darby O'Gill and the Little People both films?	"[""yes""]"	Yes	1.0	1.0	1	0	false	false			S	supported_answer	Yes	Evidence directly describes both Hocus Pocus and Darby O'Gill and the Little People as films.	Codex	2026-07-15T17:15:11+08:00	2b6aef1b85849eb98aede6192579a02ede0c24c98daea77177ef2883aec3d8a3	4297177aaa8df1ea9c91a0b1d2ce4bafc15b40bde3dd5a54cbba3f5d105d7b86
newdata512-0164	new5100-s27-42f95f72-60a1-4079-8f61-b8d29914cd55-r5	27	L2_steps_21_40	42f95f72-60a1-4079-8f61-b8d29914cd55	5	hotpotqa	log/agenticIterRag/260715-005906-987696-pipeline-agentic_iter_rag_v1_spad_qwen3_1_7b_newdata_5100_gold_token_f1_v3_postnorm03_stage1/outputs/stages/train_agent/spad_rag/search_policy_rl/rollout_data/27.jsonl	473	Where does Jamell Anderson play when he is playing a home game?	"[""Ellesmere Port Sports Village""]"		0.0	0.0	1	0	true	true	insufficient_evidence	证据不足无法作答	I	insufficient_evidence		Evidence identifies Jamell Anderson's club but provides no home-game venue for that club.	Codex	2026-07-15T17:15:11+08:00	db3668264c643bd8e0edad5f45031459e17cb6b1ce9665ca75d07044b87a0326	c21a00c941ada8d3255deec8795960870fe1c18b2ea89815d4cf3259af9cde8a
newdata512-0165	new5100-s27-5df1104f-3b78-4c79-b8af-7bc02ac51ec1-r4	27	L2_steps_21_40	5df1104f-3b78-4c79-b8af-7bc02ac51ec1	4	nq	log/agenticIterRag/260715-005906-987696-pipeline-agentic_iter_rag_v1_spad_qwen3_1_7b_newdata_5100_gold_token_f1_v3_postnorm03_stage1/outputs/stages/train_agent/spad_rag/search_policy_rl/rollout_data/27.jsonl	339	name of candle in beauty and the beast?	"[""Lumière""]"		0.0	0.0	1	0	true	true	insufficient_evidence	证据不足无法作答	I	insufficient_evidence		Evidence lists a performer playing Lumiere but never states that Lumiere is the candle character.	Codex	2026-07-15T17:15:11+08:00	59e0f88eeb5b2430baf337c41ba1d60dde569168901a74a5b7871aae7ca0c8b7	e06e7c9489b00356fcf94fb86ab2f654a247d563df98d46b86e6b90f8c56d9ca
newdata512-0166	new5100-s27-5f5feb28-97b1-4d64-bd3e-b2761c107024-r3	27	L2_steps_21_40	5f5feb28-97b1-4d64-bd3e-b2761c107024	3	hotpotqa	log/agenticIterRag/260715-005906-987696-pipeline-agentic_iter_rag_v1_spad_qwen3_1_7b_newdata_5100_gold_token_f1_v3_postnorm03_stage1/outputs/stages/train_agent/spad_rag/search_policy_rl/rollout_data/27.jsonl	167	Which pizza company has a broader market, Pizza Corner or Round Table Pizza?	"[""Pizza Corner""]"	Round Table Pizza	0.0	0.4	1	0	true	true	insufficient_evidence	证据不足无法作答	I	insufficient_evidence		Evidence calls Pizza Corner international and gives Round Table's locations, but supplies no common market-coverage measure that supports a comparison.	Codex	2026-07-15T17:15:11+08:00	2be4ca1d2147bae9270814f62fbde472821cc5f9a84d435953e50f14dc51d13c	e8a5de50c0cbba6c9e3e681599eb5625a8563a895027b589777a21d7f5fb9b9f
newdata512-0167	new5100-s27-73026b33-f0aa-44ea-9bf6-26a19d285ff4-r5	27	L2_steps_21_40	73026b33-f0aa-44ea-9bf6-26a19d285ff4	5	nq	log/agenticIterRag/260715-005906-987696-pipeline-agentic_iter_rag_v1_spad_qwen3_1_7b_newdata_5100_gold_token_f1_v3_postnorm03_stage1/outputs/stages/train_agent/spad_rag/search_policy_rl/rollout_data/27.jsonl	251	when was paper money first used in the us?	"[""During the American Revolution""]"	1862	0.0	0.0	1	0	true	true	insufficient_evidence	证据不足无法作答	I	insufficient_evidence		Evidence mentions colonial paper issues and Revolutionary currency but does not identify when paper money was first used in what became the United States.	Codex	2026-07-15T17:15:11+08:00	4fd5741ec067c7cda7fe7ce964062d0a14a26060e200ecc8a2cc1674e6c6d30a	3760c4f6b589e582c87233f823cea5b51104c753ce90e0e55827cdf962369580
newdata512-0168	new5100-s27-928a7801-e0ac-4f1d-8ac3-0ce52e8e75be-r4	27	L2_steps_21_40	928a7801-e0ac-4f1d-8ac3-0ce52e8e75be	4	2wikimultihopqa	log/agenticIterRag/260715-005906-987696-pipeline-agentic_iter_rag_v1_spad_qwen3_1_7b_newdata_5100_gold_token_f1_v3_postnorm03_stage1/outputs/stages/train_agent/spad_rag/search_policy_rl/rollout_data/27.jsonl	322	Are Ti Tap Deh Chel and Jubb Al-Safa, Hama both located in the same country?	"[""no""]"	Syria	0.0	0.0	3	1	false	false			I	insufficient_evidence		Evidence locates Jubb al-Safa in Syria but retrieves Dak To rather than Ti Tap Deh Chel, leaving the second target unsupported.	Codex	2026-07-15T17:15:11+08:00	35e101dc91eb1b030805ea3fc11dce912f5e3c4d17a7c099a173879d4b63d049	3481aaa7a6224b9f1109677624834ee800213e1714db595196902b71089fbd2d
newdata512-0169	new5100-s27-ab262403-c6b8-4be0-80de-67d3685744b6-r1	27	L2_steps_21_40	ab262403-c6b8-4be0-80de-67d3685744b6	1	nq	log/agenticIterRag/260715-005906-987696-pipeline-agentic_iter_rag_v1_spad_qwen3_1_7b_newdata_5100_gold_token_f1_v3_postnorm03_stage1/outputs/stages/train_agent/spad_rag/search_policy_rl/rollout_data/27.jsonl	19	who played the giant in the greatest showman?	"[""Daniel Everidge""]"	André René Roussimoff	0.0	0.0	1	0	true	true	insufficient_evidence	证据不足无法作答	I	insufficient_evidence		The Greatest Showman passages omit the giant's performer; retrieved material about other historical or fictional giants is unrelated.	Codex	2026-07-15T17:15:11+08:00	5c38a0d710e904cf4102bf3f00fee88736553bfc4cea531b398b0333d6cf1859	616ec846d80604c989a5e9da17e7daebf4c9521e7bb38b290712ce3c5d77414b
newdata512-0170	new5100-s27-bd1c8b1e-7605-45c1-b2ec-1c6f5cc72e78-r6	27	L2_steps_21_40	bd1c8b1e-7605-45c1-b2ec-1c6f5cc72e78	6	hotpotqa	log/agenticIterRag/260715-005906-987696-pipeline-agentic_iter_rag_v1_spad_qwen3_1_7b_newdata_5100_gold_token_f1_v3_postnorm03_stage1/outputs/stages/train_agent/spad_rag/search_policy_rl/rollout_data/27.jsonl	409	In what BART District is Bayfair Center located?	"[""BART District 3""]"	San Leandro BART District	0.0	0.5714285714285715	1	0	true	true	insufficient_evidence	证据不足无法作答	I	insufficient_evidence		Evidence locates Bayfair Center and the adjacent station but never states its numbered BART district.	Codex	2026-07-15T17:15:11+08:00	77d0bae28c0115e2cbc8233904483edc210d97222be09fedbecb9c66057fdaa3	e29624894d00328ad5a8037fe1b43b105c131dcd8643459d228fb41f0bb8a99f
newdata512-0171	new5100-s28-112f810a-a795-431e-b22c-15458faf82aa-r7	28	L2_steps_21_40	112f810a-a795-431e-b22c-15458faf82aa	7	2wikimultihopqa	log/agenticIterRag/260715-005906-987696-pipeline-agentic_iter_rag_v1_spad_qwen3_1_7b_newdata_5100_gold_token_f1_v3_postnorm03_stage1/outputs/stages/train_agent/spad_rag/search_policy_rl/rollout_data/28.jsonl	326	Who is older, Reggie Tongue (Racing Driver) or Nicolae Marinescu?	"[""Nicolae Marinescu""]"	N/A	0.0	0.0	2	0	true	true	insufficient_evidence	证据不足无法作答	I	insufficient_evidence		Evidence gives Reggie Tongue's birth date but retrieves different Marinescu individuals rather than Nicolae Marinescu.	Codex	2026-07-15T17:15:11+08:00	8bb91757b65c1806ce8737f4bd08006fb6f27c2b240b19229a553ca14cced88d	0e7d07089f426ad170ef6ceb9d5e164f768c77f8e205f50c698162435a2090a8
newdata512-0172	new5100-s28-69bfc1e8-4deb-4d3e-a9c5-c80d55b228cd-r7	28	L2_steps_21_40	69bfc1e8-4deb-4d3e-a9c5-c80d55b228cd	7	nq	log/agenticIterRag/260715-005906-987696-pipeline-agentic_iter_rag_v1_spad_qwen3_1_7b_newdata_5100_gold_token_f1_v3_postnorm03_stage1/outputs/stages/train_agent/spad_rag/search_policy_rl/rollout_data/28.jsonl	500	who had the most assists in the nba?	"[""John Stockton""]"	John Stockton	1.0	1.0	1	0	false	false			S	supported_answer	John Stockton	Evidence explicitly states that John Stockton holds the NBA career assists record with 15,806.	Codex	2026-07-15T17:15:11+08:00	e0ac99af6394375d07e442a0f3b1f355eef60e795638899cf3679ac0352fa88b	878c1d72a49e77a7437464ec43b70b77d768ccea55ccddbbe39f2c1e79ab7dd0
newdata512-0173	new5100-s28-6ae350bf-e1a0-4936-84e3-7b3dc830a8d9-r3	28	L2_steps_21_40	6ae350bf-e1a0-4936-84e3-7b3dc830a8d9	3	nq	log/agenticIterRag/260715-005906-987696-pipeline-agentic_iter_rag_v1_spad_qwen3_1_7b_newdata_5100_gold_token_f1_v3_postnorm03_stage1/outputs/stages/train_agent/spad_rag/search_policy_rl/rollout_data/28.jsonl	123	who is the actor who plays penguin in gotham?	"[""Robin Lord Taylor""]"	Robin Lord Taylor	1.0	1.0	1	0	false	false			S	supported_answer	Robin Lord Taylor	The Penguin passage directly names Robin Lord Taylor as the actor in Gotham.	Codex	2026-07-15T17:15:11+08:00	87ed3caac4ce4309529701e2e8e4f440ea95c45fa776d24f044b09308588ea1b	f0b5ea99a3347dfd2882a0de76b8fea391aeb0e81e01e0a9350983f73d1ccfb7
newdata512-0174	new5100-s28-80b0a169-81cf-492f-9a75-b06f41ebba30-r1	28	L2_steps_21_40	80b0a169-81cf-492f-9a75-b06f41ebba30	1	musique	log/agenticIterRag/260715-005906-987696-pipeline-agentic_iter_rag_v1_spad_qwen3_1_7b_newdata_5100_gold_token_f1_v3_postnorm03_stage1/outputs/stages/train_agent/spad_rag/search_policy_rl/rollout_data/28.jsonl	83	What is the enrollment of undergraduates at the university attended by the entrepreneur owning the gold spike in the location holding PollyGrind Film Festival?	"[""7,200""]"		0.0	0.0	1	0	true	true	insufficient_evidence	证据不足无法作答	I	insufficient_evidence		Evidence does not resolve the gold-spike owner, university, or undergraduate enrollment chain from the PollyGrind location.	Codex	2026-07-15T17:15:11+08:00	0d9296107156387e75381a76236b374b99e4df93c32e32ad4995e11ca8de3f3c	abfda8e29992640de2cb4f95387db690207a9552c32ac9925942d1f153744838
newdata512-0175	new5100-s28-923a0341-fc7f-4380-a070-cca28f060c93-r1	28	L2_steps_21_40	923a0341-fc7f-4380-a070-cca28f060c93	1	nq	log/agenticIterRag/260715-005906-987696-pipeline-agentic_iter_rag_v1_spad_qwen3_1_7b_newdata_5100_gold_token_f1_v3_postnorm03_stage1/outputs/stages/train_agent/spad_rag/search_policy_rl/rollout_data/28.jsonl	97	what is the largest shopping centre in uk?	"[""Westfield London""]"		0.0	0.0	1	0	true	true	insufficient_evidence	证据不足无法作答	A	ambiguous_evidence		Evidence calls Westfield Stratford City Europe's largest center while another passage calls MetroCentre Britain's largest; no date or size definition resolves the conflict.	Codex	2026-07-15T17:15:11+08:00	9e193a2eee462bdfe5a7ed74ea2275ac9e4f82f82e4ba7823df1f0cc842f76a4	8ef8dc5d5461e7a3d5f2bc89a95d8e0359d4d504f60e563c92e6f4f6b0d10eaa
newdata512-0176	new5100-s28-a25527be-b1eb-4053-bd75-61403bed634f-r7	28	L2_steps_21_40	a25527be-b1eb-4053-bd75-61403bed634f	7	musique	log/agenticIterRag/260715-005906-987696-pipeline-agentic_iter_rag_v1_spad_qwen3_1_7b_newdata_5100_gold_token_f1_v3_postnorm03_stage1/outputs/stages/train_agent/spad_rag/search_policy_rl/rollout_data/28.jsonl	496	What's the population of the city in Florida where the band Nonpoint formed?	"[""165,521""]"	Fort Lauderdale, Florida	0.0	0.0	1	0	true	true	insufficient_evidence	证据不足无法作答	I	insufficient_evidence		Evidence places Nonpoint in Fort Lauderdale but gives no population for the city.	Codex	2026-07-15T17:15:11+08:00	b6280a70861fa5dfceb4f799da361d7d9f4c16527f08805f9553d9d15406c2d8	34b26789c758df6b54c81c733f4c8b37db353683f89419d1d7016689e9738e39
newdata512-0177	new5100-s28-a9e090ed-321d-4d7a-b6e3-e40be3665fd6-r3	28	L2_steps_21_40	a9e090ed-321d-4d7a-b6e3-e40be3665fd6	3	nq	log/agenticIterRag/260715-005906-987696-pipeline-agentic_iter_rag_v1_spad_qwen3_1_7b_newdata_5100_gold_token_f1_v3_postnorm03_stage1/outputs/stages/train_agent/spad_rag/search_policy_rl/rollout_data/28.jsonl	264	who is first president of united states of america?	"[""George Washington""]"	George Washington	1.0	1.0	1	0	false	false			S	supported_answer	George Washington	The George Washington passage directly identifies him as the first President of the United States.	Codex	2026-07-15T17:15:11+08:00	bada23d900b5fa64b33eaae2eaf87b9edbc86c25efe25fc2eff76999a73244e5	bbe12512b94fd8d1fcdafddf987678f0e874842a6071fdf572111832eef83f58
newdata512-0178	new5100-s28-e607b328-4ace-4c0d-89a0-3a5181a5e722-r1	28	L2_steps_21_40	e607b328-4ace-4c0d-89a0-3a5181a5e722	1	nq	log/agenticIterRag/260715-005906-987696-pipeline-agentic_iter_rag_v1_spad_qwen3_1_7b_newdata_5100_gold_token_f1_v3_postnorm03_stage1/outputs/stages/train_agent/spad_rag/search_policy_rl/rollout_data/28.jsonl	152	who is credited with developing the method of least squares for regression?	"[""Legendre""]"	Adrien-Marie Legendre	0.0	0.6666666666666666	1	0	true	true	ambiguous_evidence	ambiguous_evidence	S	supported_answer	Carl Friedrich Gauss	Evidence explicitly says the least-squares method is usually credited to Gauss; Legendre is identified separately as its first publisher.	Codex	2026-07-15T17:15:11+08:00	32127b7e9bdba321602041e02c8db2800b8942592bcaab3afd899053e451d67d	bec8dc918f25ac59eedddb4961c6b08971ae7dbd5c711b5e906f6b1fc7073719
newdata512-0179	new5100-s29-0c345cbb-b1c7-4e31-97e8-a28c7a463f2d-r1	29	L2_steps_21_40	0c345cbb-b1c7-4e31-97e8-a28c7a463f2d	1	2wikimultihopqa	log/agenticIterRag/260715-005906-987696-pipeline-agentic_iter_rag_v1_spad_qwen3_1_7b_newdata_5100_gold_token_f1_v3_postnorm03_stage1/outputs/stages/train_agent/spad_rag/search_policy_rl/rollout_data/29.jsonl	161	What nationality is the director of film Mad Monkey Kung Fu?	"[""Chinese""]"	Hong Kong	0.0	0.0	1	0	false	false			I	insufficient_evidence		Evidence identifies Lau Kar-leung as the director but never states his nationality; a different film being from Hong Kong is insufficient.	Codex	2026-07-15T17:15:11+08:00	a52b43a3bfb7ad80546ae77e7bc50565ec599b7303296a0f9a11638710b6cd59	d8bbd295883ba3b4885ae940e499c06a1c9966041d64159bcea725de01981771
newdata512-0180	new5100-s29-2a8b1595-30f1-452f-bde8-59e32fa5b811-r3	29	L2_steps_21_40	2a8b1595-30f1-452f-bde8-59e32fa5b811	3	nq	log/agenticIterRag/260715-005906-987696-pipeline-agentic_iter_rag_v1_spad_qwen3_1_7b_newdata_5100_gold_token_f1_v3_postnorm03_stage1/outputs/stages/train_agent/spad_rag/search_policy_rl/rollout_data/29.jsonl	141	how many world series wins does boston have?	"[""eight""]"	9	0.0	0.0	1	0	true	true	supported_answer	nine	S	supported_answer	nine	The Boston Red Sox passage explicitly states that the team has won nine World Series championships.	Codex	2026-07-15T17:15:11+08:00	51c434f730360fbf96e5fcdf976c29746dccdc4a4e4ef91dd3545129aa5ce18d	db71f4b76aed36f8a9e4069a6cd341e2378cfac5a89a63efe296f43000771c01
newdata512-0181	new5100-s29-325d2967-ddd7-4d96-91cc-ad28b05e2f44-r3	29	L2_steps_21_40	325d2967-ddd7-4d96-91cc-ad28b05e2f44	3	hotpotqa	log/agenticIterRag/260715-005906-987696-pipeline-agentic_iter_rag_v1_spad_qwen3_1_7b_newdata_5100_gold_token_f1_v3_postnorm03_stage1/outputs/stages/train_agent/spad_rag/search_policy_rl/rollout_data/29.jsonl	203	Lucky is an American comedy series based around ludomania, which is also known as what?	"[""Problem gambling""]"		0.0	0.0	1	0	true	true	insufficient_evidence	证据不足无法作答	I	insufficient_evidence		Retrieved documents are unrelated to ludomania and do not provide its alternate name.	Codex	2026-07-15T17:15:11+08:00	85bbd930edb6aceeb882d60ce4a1c8bbb42f5de22462d02918dba757889abbbe	97a9d1d206a7019e841afce85eafbfc148c6a54ebc930e0c0dd095e4a12f5317
newdata512-0182	new5100-s29-9acb4f8e-faef-4ba1-82ea-5c87381c5781-r6	29	L2_steps_21_40	9acb4f8e-faef-4ba1-82ea-5c87381c5781	6	2wikimultihopqa	log/agenticIterRag/260715-005906-987696-pipeline-agentic_iter_rag_v1_spad_qwen3_1_7b_newdata_5100_gold_token_f1_v3_postnorm03_stage1/outputs/stages/train_agent/spad_rag/search_policy_rl/rollout_data/29.jsonl	206	What nationality is the composer of film Shambu (Film)?	"[""India""]"		0.0	0.0	1	0	true	true	supported_answer	Indian	I	insufficient_evidence		Evidence identifies Jassie Gift as Shambu's composer but never states the composer's nationality; the film's nationality does not establish his.	Codex	2026-07-15T17:15:11+08:00	6ede7ce3ffa3feca714e416acaa17dd158ce31453ed82281df0e47d8ad0161f2	9946a97ae12e53d51fa881cbf71088ceaf01c379d5908ff3b3daa5faca8aaf03
newdata512-0183	new5100-s29-dc988e03-a3df-44e9-b4dc-9143f5ac2976-r2	29	L2_steps_21_40	dc988e03-a3df-44e9-b4dc-9143f5ac2976	2	nq	log/agenticIterRag/260715-005906-987696-pipeline-agentic_iter_rag_v1_spad_qwen3_1_7b_newdata_5100_gold_token_f1_v3_postnorm03_stage1/outputs/stages/train_agent/spad_rag/search_policy_rl/rollout_data/29.jsonl	127	what small points make up a bitmap image?	"[""pixels""]"	pixels	1.0	1.0	1	0	false	false			S	supported_answer	pixels	The bitmap passage directly describes a pix-map as a map of pixels.	Codex	2026-07-15T17:15:11+08:00	85fd71d7951ca6f7dd5b824388f5a9a708d14ab5182ab5d824222f9eff1ef7ac	b269848558e695081f8e388cb4425520289d67d43c609a03f89c41e92a5465a5
newdata512-0184	new5100-s30-15173afd-5133-48c6-be6b-a588c6e6f1fe-r4	30	L2_steps_21_40	15173afd-5133-48c6-be6b-a588c6e6f1fe	4	hotpotqa	log/agenticIterRag/260715-005906-987696-pipeline-agentic_iter_rag_v1_spad_qwen3_1_7b_newdata_5100_gold_token_f1_v3_postnorm03_stage1/outputs/stages/train_agent/spad_rag/search_policy_rl/rollout_data/30.jsonl	174	Robert Maynard was famous for his defeat of the pirate that was probably born where?	"[""Bristol, England""]"	Hampton, Virginia	0.0	0.0	1	0	true	true	insufficient_evidence	证据不足无法作答	I	insufficient_evidence		Evidence identifies Blackbeard as the pirate defeated by Maynard but does not provide Blackbeard's probable birthplace.	Codex	2026-07-15T17:15:11+08:00	ad7862b6275ce56aab2ead9552e34b3189b845571c44b6f3cb4df2fc7d2cc7a8	4706160d0f903cdf39ef8f0a05fbd364a1f36763acda863008129e5d587f757e
newdata512-0185	new5100-s30-31b64919-0a6b-4a70-ac49-a79e53fa4b0a-r5	30	L2_steps_21_40	31b64919-0a6b-4a70-ac49-a79e53fa4b0a	5	nq	log/agenticIterRag/260715-005906-987696-pipeline-agentic_iter_rag_v1_spad_qwen3_1_7b_newdata_5100_gold_token_f1_v3_postnorm03_stage1/outputs/stages/train_agent/spad_rag/search_policy_rl/rollout_data/30.jsonl	274	when does ex on the beach series 7 start?	"[""20 June 2017""]"	20 June 2017	1.0	1.0	1	0	false	false			S	supported_answer	20 June 2017	The Ex on the Beach passage directly says series 7 began on 20 June 2017.	Codex	2026-07-15T17:15:11+08:00	26ea4d5ddfcc861c0cc8c0778d04b8165c453650f0d34954be67f51de4080291	3b5b9cf4cc67e0c108a91e50085567d129ad0d99d6c0bb632eeb5a2d79486ffd
newdata512-0186	new5100-s30-5f020aee-4352-4341-abcd-67e65b7a7186-r2	30	L2_steps_21_40	5f020aee-4352-4341-abcd-67e65b7a7186	2	nq	log/agenticIterRag/260715-005906-987696-pipeline-agentic_iter_rag_v1_spad_qwen3_1_7b_newdata_5100_gold_token_f1_v3_postnorm03_stage1/outputs/stages/train_agent/spad_rag/search_policy_rl/rollout_data/30.jsonl	136	who is the lead singer of the flying pickets?	"[""Brian Hibbard""]"	Brian Hibbard	1.0	1.0	1	0	false	false			S	supported_answer	Brian Hibbard	The Brian Hibbard passage identifies him as lead vocalist in the original Flying Pickets.	Codex	2026-07-15T17:15:11+08:00	3dc4044aa58266af88b687ba4edc73a726a7d85c32e14c630d9a01e327d2f5f3	db153be66cb2ac250b8850615661652428cedb12cae031b061903643bb7fcc96
newdata512-0187	new5100-s30-be97a739-3d0f-4a12-9aee-ccc504b2896b-r4	30	L2_steps_21_40	be97a739-3d0f-4a12-9aee-ccc504b2896b	4	nq	log/agenticIterRag/260715-005906-987696-pipeline-agentic_iter_rag_v1_spad_qwen3_1_7b_newdata_5100_gold_token_f1_v3_postnorm03_stage1/outputs/stages/train_agent/spad_rag/search_policy_rl/rollout_data/30.jsonl	377	what kind of reflex arc does not require an interneuron?	"[""monosynaptic""]"	monosynaptic reflex arc	0.0	0.5	1	0	false	false			S	supported_answer	monosynaptic reflex arc	Evidence says a reflex arc containing only sensory and motor neurons is monosynaptic.	Codex	2026-07-15T17:15:11+08:00	c3c32f580a1b9ae6acb0ed6e0bb651d8cc5f32e2214ec73367fbea132a05d50c	c3e17b5f70fb61c918a4d364d52afc01b0ff453ca543d98c6a41fa0d634bd9d2
newdata512-0188	new5100-s31-51ab83df-d79e-4439-85ca-1a9c8ac0916e-r0	31	L2_steps_21_40	51ab83df-d79e-4439-85ca-1a9c8ac0916e	0	musique	log/agenticIterRag/260715-005906-987696-pipeline-agentic_iter_rag_v1_spad_qwen3_1_7b_newdata_5100_gold_token_f1_v3_postnorm03_stage1/outputs/stages/train_agent/spad_rag/search_policy_rl/rollout_data/31.jsonl	67	Who are the democratic gubernatorial candidates in the setting of Prime Cut?	"[""Laura Kelly""]"	Ned Lamont	0.0	0.0	3	0	true	true	insufficient_evidence	证据不足无法作答	I	insufficient_evidence		Evidence never establishes Prime Cut's setting and lists candidates from unrelated states, so no relevant candidate can be selected.	Codex	2026-07-15T17:15:11+08:00	4ce89c0ebc22ee8d78169471fc80c2c9f41eef67e8152ab58d72571712ef6ef1	1979ce500655b89c40a7e8328e805c3faf7485334c437417dacaae179ac41ee3
newdata512-0189	new5100-s31-5eda72a3-16d6-41b7-bc30-e2ff35ba5097-r3	31	L2_steps_21_40	5eda72a3-16d6-41b7-bc30-e2ff35ba5097	3	2wikimultihopqa	log/agenticIterRag/260715-005906-987696-pipeline-agentic_iter_rag_v1_spad_qwen3_1_7b_newdata_5100_gold_token_f1_v3_postnorm03_stage1/outputs/stages/train_agent/spad_rag/search_policy_rl/rollout_data/31.jsonl	321	Which film came out earlier, Cheap Kisses or Himalay Putra?	"[""Cheap Kisses""]"		0.0	0.0	4	3	true	true	insufficient_evidence	证据不足无法作答	I	insufficient_evidence		Evidence contains neither target film nor either release date.	Codex	2026-07-15T17:15:11+08:00	7ae8327590973098e2eaa959d8c5b92d30a212c18603cc820537acccb6ccf449	8200ed8c8a7fd61adfedecd21bb76bfc770f74faef5271aac21d53af9a6b426c
newdata512-0190	new5100-s31-7710a744-1fc0-47d1-a553-26783bd307b4-r4	31	L2_steps_21_40	7710a744-1fc0-47d1-a553-26783bd307b4	4	hotpotqa	log/agenticIterRag/260715-005906-987696-pipeline-agentic_iter_rag_v1_spad_qwen3_1_7b_newdata_5100_gold_token_f1_v3_postnorm03_stage1/outputs/stages/train_agent/spad_rag/search_policy_rl/rollout_data/31.jsonl	348	In what battle did Yegor Solyankin lead the 2nd Tank Division that was a large tank battle in 1941?	"[""Battle of Raseiniai""]"	Battle of Raseiniai	1.0	1.0	1	0	false	false			S	supported_answer	Battle of Raseiniai	The Yegor Solyankin passage directly states that he led the 2nd Tank Division during the Battle of Raseiniai.	Codex	2026-07-15T17:15:11+08:00	8661918be3fa8a3efaa4cc2be6e0b2a7acea3ef2cf875ed963005ca5cde4f7f5	90b208e5be3fb84d0ca09e2237a0ee2fbbffa49bddbdf112eddf9ffa651a5ee1
newdata512-0191	new5100-s31-cda519f0-2ab3-4947-b16b-b21caee40614-r4	31	L2_steps_21_40	cda519f0-2ab3-4947-b16b-b21caee40614	4	nq	log/agenticIterRag/260715-005906-987696-pipeline-agentic_iter_rag_v1_spad_qwen3_1_7b_newdata_5100_gold_token_f1_v3_postnorm03_stage1/outputs/stages/train_agent/spad_rag/search_policy_rl/rollout_data/31.jsonl	356	what category was charley when it hit orlando in 2004?	"[""Category 4""]"	Category 4	1.0	1.0	1	0	false	false			S	supported_answer	Category 4	The Hurricane Charley passage says it reached Florida at maximum strength as a strong Category 4 hurricane.	Codex	2026-07-15T17:15:11+08:00	ec75abf9b86c409c075d7738f26e7f11e11f6082e360377543ac7641c897abcf	30dcaf9982130246b2c30a25b79585750c1aab1f80b121361f0add5c7ec2a933
newdata512-0192	new5100-s32-2d23a874-661e-486b-9d46-0520b31c86f0-r1	32	L2_steps_21_40	2d23a874-661e-486b-9d46-0520b31c86f0	1	nq	log/agenticIterRag/260715-005906-987696-pipeline-agentic_iter_rag_v1_spad_qwen3_1_7b_newdata_5100_gold_token_f1_v3_postnorm03_stage1/outputs/stages/train_agent/spad_rag/search_policy_rl/rollout_data/32.jsonl	99	when did west coast customs moved to burbank?	"[""January 2015""]"	2016	0.0	0.0	1	0	true	true	supported_answer	"Season 5 Episode 12 ""WCC's New Zip Part 1"""	I	insufficient_evidence		Evidence says the move began during a named season-five episode but provides no broadcast or calendar date for that move.	Codex	2026-07-15T17:15:11+08:00	e317f5370050f8919f886ea375a2cbba1ec05a49d9d14c6cbf6bc8804d7c986f	f332f8447dfaa7e242fd1d872e4eca3e875412b8a49983db7de5a156d9467aa1
newdata512-0193	new5100-s32-30df7a5b-fee5-474b-a7f9-3a330efdaf21-r0	32	L2_steps_21_40	30df7a5b-fee5-474b-a7f9-3a330efdaf21	0	nq	log/agenticIterRag/260715-005906-987696-pipeline-agentic_iter_rag_v1_spad_qwen3_1_7b_newdata_5100_gold_token_f1_v3_postnorm03_stage1/outputs/stages/train_agent/spad_rag/search_policy_rl/rollout_data/32.jsonl	111	who invented the order of letters on a keyboard?	"[""Christopher Latham Sholes""]"	Christopher Latham Sholes	1.0	1.0	1	0	false	false			S	supported_answer	Christopher Latham Sholes	The QWERTY passage directly states that Christopher Latham Sholes devised and created the layout.	Codex	2026-07-15T17:17:55+08:00	5246b0be888adc542b7fa136dda19f1d8e5bd5e1c1617d657d4d1c5f83ff4579	52483ecd7ae088029ac8a7df03d048b9391ad4f9952a953529296c64adb9e10f
newdata512-0194	new5100-s32-41c48fa2-ce78-4be4-93e4-429fbd992a7f-r7	32	L2_steps_21_40	41c48fa2-ce78-4be4-93e4-429fbd992a7f	7	nq	log/agenticIterRag/260715-005906-987696-pipeline-agentic_iter_rag_v1_spad_qwen3_1_7b_newdata_5100_gold_token_f1_v3_postnorm03_stage1/outputs/stages/train_agent/spad_rag/search_policy_rl/rollout_data/32.jsonl	498	what's wrong with joan on army wives?	"[""Traumatic Brain Injury""]"	Joan Burton's PTSD from deployment, strained relationship with her husband, and personal struggles with pregnancy and adoption are significant issues in the show.	0.0	0.0	1	0	true	true	insufficient_evidence	证据不足无法作答	A	ambiguous_evidence		The unscoped question could refer to Joan's PTSD, pregnancy, or marital problems, all present in the retrieved character arc, and does not identify an episode or symptom.	Codex	2026-07-15T17:17:55+08:00	8bd0a5d9efc691867e4cd46a334f64bb275f2a286d1b6418c403f745faa056a6	42cf049030230505057b7ffab178579e24f8f18f52178393edc4c906e527c633
newdata512-0195	new5100-s32-becf341f-f2fe-4916-90ad-058074ff8a52-r4	32	L2_steps_21_40	becf341f-f2fe-4916-90ad-058074ff8a52	4	musique	log/agenticIterRag/260715-005906-987696-pipeline-agentic_iter_rag_v1_spad_qwen3_1_7b_newdata_5100_gold_token_f1_v3_postnorm03_stage1/outputs/stages/train_agent/spad_rag/search_policy_rl/rollout_data/32.jsonl	325	When was free education introduced in the Bogawantalawa town's country?	"[""1 October 1945""]"		0.0	0.0	2	0	true	true	insufficient_evidence	证据不足无法作答	S	supported_answer	1945	Evidence locates Bogawantalawa in Sri Lanka and directly states that the country's free education system was established in 1945.	Codex	2026-07-15T17:17:55+08:00	e9e3c9d48814338d2460ebc328393816bbd73b4dda67a1a93a0e55a70d8d23b1	647780d618f807cd5dbd3d6d0905bd09cb96141c7cae22a99e5e059e06a5b8e0
newdata512-0196	new5100-s32-c1661977-40db-4889-8c60-6f2c954f73d1-r2	32	L2_steps_21_40	c1661977-40db-4889-8c60-6f2c954f73d1	2	musique	log/agenticIterRag/260715-005906-987696-pipeline-agentic_iter_rag_v1_spad_qwen3_1_7b_newdata_5100_gold_token_f1_v3_postnorm03_stage1/outputs/stages/train_agent/spad_rag/search_policy_rl/rollout_data/32.jsonl	187	Who made the city where Mozilla China's headquarter locates his capital?	"[""Dorgon""]"	Dr. Li Gong and Mr. Mingshu Li	0.0	0.0	2	0	true	true	insufficient_evidence	证据不足无法作答	I	insufficient_evidence		Evidence locates Mozilla China's headquarters in Beijing but does not identify the historical ruler who made Beijing his capital.	Codex	2026-07-15T17:17:55+08:00	4b0450334c5a7677ad68ab711c6fbf5372d44458e6b7b8ae5b72aa427dcf51ae	782177b2b0dbebcff4e1d37bfe8db637dd5ef8ab5b35978ec318a08b01a8f946
newdata512-0197	new5100-s32-cf538c84-e2ce-4f9e-8069-4a7fd2d95c24-r7	32	L2_steps_21_40	cf538c84-e2ce-4f9e-8069-4a7fd2d95c24	7	musique	log/agenticIterRag/260715-005906-987696-pipeline-agentic_iter_rag_v1_spad_qwen3_1_7b_newdata_5100_gold_token_f1_v3_postnorm03_stage1/outputs/stages/train_agent/spad_rag/search_policy_rl/rollout_data/32.jsonl	442	Who was in charge of the country where Roox is located?	"[""Hassan Sheikh Mohamud""]"	None	0.0	0.0	2	0	true	true	insufficient_evidence	证据不足无法作答	I	insufficient_evidence		Search results do not identify Roox or its country, so the country's leader cannot be determined.	Codex	2026-07-15T17:17:55+08:00	2d7d4aada50d32e04cf9e746a98c053cb36b778dea60cb0446d0f71192234796	9dbc773a032e3a281bc0bdd067ac875b51471bbe56ab631899f12545b5a2766c
newdata512-0198	new5100-s32-ea72e90d-3f37-4a38-b7c3-c2cb82b5e26d-r6	32	L2_steps_21_40	ea72e90d-3f37-4a38-b7c3-c2cb82b5e26d	6	hotpotqa	log/agenticIterRag/260715-005906-987696-pipeline-agentic_iter_rag_v1_spad_qwen3_1_7b_newdata_5100_gold_token_f1_v3_postnorm03_stage1/outputs/stages/train_agent/spad_rag/search_policy_rl/rollout_data/32.jsonl	370	Afterburn starred the American actress who was nominated for an Academy Award for which 1991 film?	"[""Rambling Rose""]"	Laura Dern	0.0	0.0	1	0	false	false			S	supported_answer	Rambling Rose	The Laura Dern passage states that the Afterburn star was nominated for Best Actress for Rambling Rose (1991).	Codex	2026-07-15T17:17:55+08:00	449e24bd472e499ff7dd5835872e0303951d7dc919446d86960ab87a777d7ebf	1fcdbe4514727dd60a4eb0f5f94e0d186f0acc6361cda665a5b27d96f50765c0
newdata512-0199	new5100-s33-796b0e26-2e3f-4fc7-8f77-19a63c08241f-r5	33	L2_steps_21_40	796b0e26-2e3f-4fc7-8f77-19a63c08241f	5	hotpotqa	log/agenticIterRag/260715-005906-987696-pipeline-agentic_iter_rag_v1_spad_qwen3_1_7b_newdata_5100_gold_token_f1_v3_postnorm03_stage1/outputs/stages/train_agent/spad_rag/search_policy_rl/rollout_data/33.jsonl	391	Michael Irvin, Troy Aikman, and Emmitt Smith are former American football players for the Cowboy's that were known as what for helping lead their team to attain 3 Superbowl wins?	"[""The Triplets""]"	The Triplets	1.0	1.0	1	0	false	false			S	supported_answer	The Triplets	The Emmitt Smith passage explicitly says Smith, Troy Aikman, and Michael Irvin were known as The Triplets.	Codex	2026-07-15T17:17:55+08:00	e791a5c6319eb1e53f501d8cba2b447639f15f90e7c562e3450e236e49ada35e	780357501e0cf88f353a309b09bef84d90c2aa8fbca946fa4f5cea8895a45a2f
newdata512-0200	new5100-s33-b229bef6-9598-4bc8-a119-9ac3a4aab7af-r3	33	L2_steps_21_40	b229bef6-9598-4bc8-a119-9ac3a4aab7af	3	2wikimultihopqa	log/agenticIterRag/260715-005906-987696-pipeline-agentic_iter_rag_v1_spad_qwen3_1_7b_newdata_5100_gold_token_f1_v3_postnorm03_stage1/outputs/stages/train_agent/spad_rag/search_policy_rl/rollout_data/33.jsonl	178	Do director of film Bruiser (Film) and director of film Kathanayaka have the same nationality?	"[""no""]"		0.0	0.0	1	0	false	false			I	insufficient_evidence		Evidence identifies George A. Romero for Bruiser but never establishes Kathanayaka's director and the two directors' nationalities.	Codex	2026-07-15T17:17:55+08:00	a6dc38b0f74c7b8231c84df6f70a8d18bdb3947fa9433c32dfdcb84f52fe904e	7d20dec90fe0dfd431ebcf64f2c98629e075e94b4e1a0e3b0b2c1ff98b2c7394
newdata512-0201	new5100-s33-bd0406a9-d596-4635-9a23-d3220e11e2d1-r2	33	L2_steps_21_40	bd0406a9-d596-4635-9a23-d3220e11e2d1	2	musique	log/agenticIterRag/260715-005906-987696-pipeline-agentic_iter_rag_v1_spad_qwen3_1_7b_newdata_5100_gold_token_f1_v3_postnorm03_stage1/outputs/stages/train_agent/spad_rag/search_policy_rl/rollout_data/33.jsonl	218	The president when Mount Gordon's state was purchased served in which military organisation?	"[""Union Army""]"		0.0	0.0	1	0	true	true	insufficient_evidence	证据不足无法作答	I	insufficient_evidence		Evidence discusses Ulysses S. Grant but does not identify Mount Gordon's state, its purchase, or the president at that purchase.	Codex	2026-07-15T17:17:55+08:00	4975c248f9e21bd00fed7ba1ac2694b8bf2926f1b0a0dff12ce6c26d9d74117e	b538731365a92d22b5071abd8c9e61bf50c35399fc38c6116cce55ed9223e0b3
newdata512-0202	new5100-s33-cc5cb68b-ec42-4be6-aea8-6f7a65bc397e-r2	33	L2_steps_21_40	cc5cb68b-ec42-4be6-aea8-6f7a65bc397e	2	hotpotqa	log/agenticIterRag/260715-005906-987696-pipeline-agentic_iter_rag_v1_spad_qwen3_1_7b_newdata_5100_gold_token_f1_v3_postnorm03_stage1/outputs/stages/train_agent/spad_rag/search_policy_rl/rollout_data/33.jsonl	167	What year was this former 1992 CHicago Bears season coach born?	"[""1939""]"		0.0	0.0	1	0	false	false			I	insufficient_evidence		Evidence identifies Mike Ditka as the 1992 Bears head coach but gives no birth year for him.	Codex	2026-07-15T17:17:55+08:00	db57cb76bded4e1b3827d941192240aed0f6e589853253734d7e7aef398382eb	45484e8f695caa2b47cb5d4f889dd1fddb3e387f136f2cc5cd6cd22cd543f9ca
newdata512-0203	new5100-s33-fd8728b1-fe69-4748-b266-d63c601edd71-r2	33	L2_steps_21_40	fd8728b1-fe69-4748-b266-d63c601edd71	2	hotpotqa	log/agenticIterRag/260715-005906-987696-pipeline-agentic_iter_rag_v1_spad_qwen3_1_7b_newdata_5100_gold_token_f1_v3_postnorm03_stage1/outputs/stages/train_agent/spad_rag/search_policy_rl/rollout_data/33.jsonl	78	Are Beirut Arab University and the NED University of Engineering and Technology both located in the same country?	"[""no""]"	No	1.0	1.0	2	0	false	false			S	supported_answer	No	Evidence places Beirut Arab University in Lebanon and NED University in Karachi, Pakistan.	Codex	2026-07-15T17:17:55+08:00	0f8512f1399379d5693299663b646921531a9df55ced02fbf8317b40f31c8e81	223c4eb45828f2570563606afc91fc3b203fadc3d2dc044ccdd67bc81258fd0a
newdata512-0204	new5100-s34-0e747c88-f5b1-463b-b3b0-b9b839253088-r7	34	L2_steps_21_40	0e747c88-f5b1-463b-b3b0-b9b839253088	7	hotpotqa	log/agenticIterRag/260715-005906-987696-pipeline-agentic_iter_rag_v1_spad_qwen3_1_7b_newdata_5100_gold_token_f1_v3_postnorm03_stage1/outputs/stages/train_agent/spad_rag/search_policy_rl/rollout_data/34.jsonl	500	WXND-LP is locaed in Etna, New Hampshire, what is Etna's ZIP code?	"[""03750""]"	03750	1.0	1.0	1	0	false	false			S	supported_answer	03750	The Etna passage directly gives the village's separate ZIP code as 03750.	Codex	2026-07-15T17:17:55+08:00	d505e7c23415fe38841052f46c5c1714c6672e202d2ec9bec81a00b201a2bb65	df01b355d97e8f36b1ce39896a26bc30737ed4e17ad6485bdcad53731df50e97
newdata512-0205	new5100-s34-809d7c84-b415-47c1-a19e-420b32438266-r2	34	L2_steps_21_40	809d7c84-b415-47c1-a19e-420b32438266	2	2wikimultihopqa	log/agenticIterRag/260715-005906-987696-pipeline-agentic_iter_rag_v1_spad_qwen3_1_7b_newdata_5100_gold_token_f1_v3_postnorm03_stage1/outputs/stages/train_agent/spad_rag/search_policy_rl/rollout_data/34.jsonl	200	Where did Elizabeth Ribbing's husband die?	"[""Narva""]"	Kvidinge	0.0	0.0	2	0	true	true	insufficient_evidence	证据不足无法作答	I	insufficient_evidence		Evidence identifies Elizabeth Ribbing's husband but provides no place of death for him; Kvidinge refers to an unrelated royal death.	Codex	2026-07-15T17:17:55+08:00	025d925a3a2d5ef2de61d54c38bdbc1af433e256e28d9f5aff4d078231b9dccd	340181040b5ee84b1334a44f78ec0c131b6d3dc3b43f14b92ca67f84090c64ac
newdata512-0206	new5100-s34-96c271bc-4400-4bc5-b2ee-b3ccc4516bc4-r5	34	L2_steps_21_40	96c271bc-4400-4bc5-b2ee-b3ccc4516bc4	5	nq	log/agenticIterRag/260715-005906-987696-pipeline-agentic_iter_rag_v1_spad_qwen3_1_7b_newdata_5100_gold_token_f1_v3_postnorm03_stage1/outputs/stages/train_agent/spad_rag/search_policy_rl/rollout_data/34.jsonl	260	who appoints the deputy director of the fbi?	"[""Director of the FBI""]"	the President of the United States	0.0	0.28571428571428575	1	0	true	true	insufficient_evidence	证据不足无法作答	I	insufficient_evidence		Evidence states who appoints the FBI Director and describes the Deputy Director role, but never states who appoints the deputy.	Codex	2026-07-15T17:17:55+08:00	7563c2afdeb806bd928cb13cf3822f5d92f7bacff7b90b6d91ab9d154158380b	235b9833a3e693f843ce96e0e24a447bf93853a2a5a5ff687308276aca45b26f
newdata512-0207	new5100-s34-a16a3770-36ce-4a98-a18d-a28160e9c492-r4	34	L2_steps_21_40	a16a3770-36ce-4a98-a18d-a28160e9c492	4	hotpotqa	log/agenticIterRag/260715-005906-987696-pipeline-agentic_iter_rag_v1_spad_qwen3_1_7b_newdata_5100_gold_token_f1_v3_postnorm03_stage1/outputs/stages/train_agent/spad_rag/search_policy_rl/rollout_data/34.jsonl	363	What town is the ceremonial county of Cheshire, England located in?	"[""Ellesmere Port""]"	Chester	0.0	0.0	1	0	true	true	supported_answer	Chester	S	supported_answer	Chester	The Cheshire passage identifies Chester as the ceremonial county's county town.	Codex	2026-07-15T17:17:55+08:00	96fa4ec145f9145c852108bc41ff25b9023774a45bb92eaac1cd90e1f6bb7ac9	74f05ca8f91cbb6ff82957f7906811fc9988838b4772db763f9513ee2e8d6222
newdata512-0208	new5100-s34-ac2808e5-25cd-40d9-946a-c36653c31c8e-r5	34	L2_steps_21_40	ac2808e5-25cd-40d9-946a-c36653c31c8e	5	hotpotqa	log/agenticIterRag/260715-005906-987696-pipeline-agentic_iter_rag_v1_spad_qwen3_1_7b_newdata_5100_gold_token_f1_v3_postnorm03_stage1/outputs/stages/train_agent/spad_rag/search_policy_rl/rollout_data/34.jsonl	337	In between TV on the Radio and Greek Fire,which one was formed in 2008?	"[""Greek Fire""]"		0.0	0.0	1	0	false	false			S	supported_answer	Greek Fire	The Greek Fire passage explicitly states that the band formed in 2008.	Codex	2026-07-15T17:17:55+08:00	9b95b7e32a3b9f14167fc1687a43a854cc36eabebf9f1cd646e35d7eebcddc95	ea3edcac76102ad30c8cd18b5a690de07197058d1fe1b76139dfe9118f9e04e7
newdata512-0209	new5100-s35-31b37485-7d13-439c-bb2a-ffa71d567b8a-r2	35	L2_steps_21_40	31b37485-7d13-439c-bb2a-ffa71d567b8a	2	nq	log/agenticIterRag/260715-005906-987696-pipeline-agentic_iter_rag_v1_spad_qwen3_1_7b_newdata_5100_gold_token_f1_v3_postnorm03_stage1/outputs/stages/train_agent/spad_rag/search_policy_rl/rollout_data/35.jsonl	47	who has the biggest house in the us?	"[""William A.V. Cecil Jr.""]"		0.0	0.0	1	0	true	true	supported_answer	Biltmore Estate	I	insufficient_evidence		Evidence identifies Biltmore as the largest privately owned US house and says Vanderbilt descendants own it, but names no current individual owner.	Codex	2026-07-15T17:17:55+08:00	f4e8ff1751f01475fd18d46cafb8900a98219298097b6b2dfabf2ffca6f3f1e4	9819d43b5f5188c8baf3b85b886ccd45cab34d260595dcc77e21bf72e1675873
newdata512-0210	new5100-s35-613de394-b986-41ed-beba-61e354adb15e-r7	35	L2_steps_21_40	613de394-b986-41ed-beba-61e354adb15e	7	hotpotqa	log/agenticIterRag/260715-005906-987696-pipeline-agentic_iter_rag_v1_spad_qwen3_1_7b_newdata_5100_gold_token_f1_v3_postnorm03_stage1/outputs/stages/train_agent/spad_rag/search_policy_rl/rollout_data/35.jsonl	438	William Eubank is a film director, screenwriter, and cinematographer who made three feature films, one of which was co-written by Carlyle Eubank and who else?	"[""David Frigerio""]"		0.0	0.0	1	0	true	true	insufficient_evidence	证据不足无法作答	I	insufficient_evidence		Evidence identifies Carlyle Eubank with The Signal but omits the other co-writer's name.	Codex	2026-07-15T17:17:55+08:00	623445a4ff11dd92c351550dd88d6eee5a82c15987b33702906895b47402b055	d74cdc6473a27be90a5cf4fd84eb01925a7658d8a67f5deab973e5567d450e04
newdata512-0211	new5100-s35-8a33bc2d-e79e-4493-8bad-d71042379fd2-r3	35	L2_steps_21_40	8a33bc2d-e79e-4493-8bad-d71042379fd2	3	hotpotqa	log/agenticIterRag/260715-005906-987696-pipeline-agentic_iter_rag_v1_spad_qwen3_1_7b_newdata_5100_gold_token_f1_v3_postnorm03_stage1/outputs/stages/train_agent/spad_rag/search_policy_rl/rollout_data/35.jsonl	280	In what year did the Irish rock band whose bassist was Mike Hogan reunite?	"[""2009""]"	2009	1.0	1.0	1	0	false	false			S	supported_answer	2009	The evidence identifies the Cranberries through bassist Mike Hogan and states that the band reformed in 2009.	Codex	2026-07-15T17:17:55+08:00	9188b0acae003fab1ed614412922c8538e2da712454fc9c6337fd5e5f63a825b	1d86010631759432c9df7df791ce5826277e3b271550d7efc542297976ab5d6f
newdata512-0212	new5100-s35-9c16ee07-582d-4c93-97ca-0cc01b4169cc-r1	35	L2_steps_21_40	9c16ee07-582d-4c93-97ca-0cc01b4169cc	1	hotpotqa	log/agenticIterRag/260715-005906-987696-pipeline-agentic_iter_rag_v1_spad_qwen3_1_7b_newdata_5100_gold_token_f1_v3_postnorm03_stage1/outputs/stages/train_agent/spad_rag/search_policy_rl/rollout_data/35.jsonl	69	Which film is from the comedy genre, Khoobsurat or The Littlest Outlaw?	"[""Khoobsurat""]"	Khoobsurat	1.0	1.0	2	0	false	false			S	supported_answer	Khoobsurat	Evidence describes Khoobsurat as a romantic comedy-drama while The Littlest Outlaw is not identified as comedy.	Codex	2026-07-15T17:17:55+08:00	9c204d45f262a6ebb6ee29e6659d45a2d803b7ff7041bd3b78cfd09d5b66ee3c	2c10334bc6cd904b5515b9e4de27d65ff44ab384e2f1e00194361a3b2145cf45
newdata512-0213	new5100-s35-aa59f79c-cb14-4e8a-abe2-2c37b38ed098-r3	35	L2_steps_21_40	aa59f79c-cb14-4e8a-abe2-2c37b38ed098	3	hotpotqa	log/agenticIterRag/260715-005906-987696-pipeline-agentic_iter_rag_v1_spad_qwen3_1_7b_newdata_5100_gold_token_f1_v3_postnorm03_stage1/outputs/stages/train_agent/spad_rag/search_policy_rl/rollout_data/35.jsonl	269	"Which English actor, born in 1957 and considered a method actor, starred in the 2009 musical drama film ""Nine.""?"	"[""Daniel Day-Lewis""]"	Daniel Day-Lewis	1.0	1.0	1	0	false	false			S	supported_answer	Daniel Day-Lewis	The Nine cast and Daniel Day-Lewis passages match the actor, birth year, nationality, and method-acting description.	Codex	2026-07-15T17:17:55+08:00	a1a18e079e8179035f600b0d33f9431a336cc50f7ac54cdd5d78d50a5362c7ff	a2fa3f474ea6566453a847c0203023f3d0dd9b1b48fecddde022453417e79b8d
newdata512-0214	new5100-s35-ad8b94d1-e7f9-4a88-a69d-3a443c9020ab-r2	35	L2_steps_21_40	ad8b94d1-e7f9-4a88-a69d-3a443c9020ab	2	musique	log/agenticIterRag/260715-005906-987696-pipeline-agentic_iter_rag_v1_spad_qwen3_1_7b_newdata_5100_gold_token_f1_v3_postnorm03_stage1/outputs/stages/train_agent/spad_rag/search_policy_rl/rollout_data/35.jsonl	102	Who did the performer of The God That Failed collaborate with?	"[""San Francisco Symphony""]"	Metallica	0.0	0.0	1	0	true	true	insufficient_evidence	证据不足无法作答	I	insufficient_evidence		Evidence identifies Metallica as the song's performer but supplies no supported collaborator relevant to the question.	Codex	2026-07-15T17:17:55+08:00	88ccbbe3dbe830aed987f45423b1af8925027717fe83895eff50785e1abaf5c9	5d2c1ded36012454ee2b0aad8672899e57f6ef6eea9eb739eed255f05bdd68e3
newdata512-0215	new5100-s35-b4d78cb9-4433-4c9b-b945-6920c7c87fdc-r5	35	L2_steps_21_40	b4d78cb9-4433-4c9b-b945-6920c7c87fdc	5	nq	log/agenticIterRag/260715-005906-987696-pipeline-agentic_iter_rag_v1_spad_qwen3_1_7b_newdata_5100_gold_token_f1_v3_postnorm03_stage1/outputs/stages/train_agent/spad_rag/search_policy_rl/rollout_data/35.jsonl	397	who is the judge most recently appointed to the high court of australia?	"[""James Edelman""]"	James Edelman	1.0	1.0	1	0	false	false			S	supported_answer	James Edelman	The evidence snapshot identifies James Edelman as the justice who most recently joined the High Court in 2017.	Codex	2026-07-15T17:17:55+08:00	5598956dba5a5d9d51fb58ec1eaacf37828aea25034cf3bb5989f9c4286c55bb	1b1034403557d6c43c088c4503a8d1fa27d7fb9c88eb20ae64ffee8ce66ec7e2
newdata512-0216	new5100-s35-c2243b45-cefa-43c0-9374-3abc07dd861d-r6	35	L2_steps_21_40	c2243b45-cefa-43c0-9374-3abc07dd861d	6	nq	log/agenticIterRag/260715-005906-987696-pipeline-agentic_iter_rag_v1_spad_qwen3_1_7b_newdata_5100_gold_token_f1_v3_postnorm03_stage1/outputs/stages/train_agent/spad_rag/search_policy_rl/rollout_data/35.jsonl	356	who has won the most old firm games?	"[""Rangers have won 159 matches""]"	Rangers	0.0	0.33333333333333337	1	0	true	true	insufficient_evidence	证据不足无法作答	I	insufficient_evidence		Evidence discusses Old Firm history and streaks but does not give the club's all-time head-to-head win totals.	Codex	2026-07-15T17:17:55+08:00	c16b9d1e68af54eaddb965d9607e10f4bbd95ca2d8166950227ccdff280552cf	e79fb3c1129b35df9956364927eedbfa1cc10d63a57d68380f6b3a5dd1f95e75
newdata512-0217	new5100-s35-ced8d1f7-535d-4bf9-b350-47479d121eff-r7	35	L2_steps_21_40	ced8d1f7-535d-4bf9-b350-47479d121eff	7	hotpotqa	log/agenticIterRag/260715-005906-987696-pipeline-agentic_iter_rag_v1_spad_qwen3_1_7b_newdata_5100_gold_token_f1_v3_postnorm03_stage1/outputs/stages/train_agent/spad_rag/search_policy_rl/rollout_data/35.jsonl	448	A book published in 1957 by Harper & Row in the US was written by a graduate of Balliol College at which University?	"[""University of Oxford""]"	Oxford	0.0	0.5	3	2	true	true	insufficient_evidence	证据不足无法作答	S	supported_answer	University of Oxford	Evidence directly states that Balliol College is a constituent college of the University of Oxford.	Codex	2026-07-15T17:17:55+08:00	ad48080bf27200b74622d5edb037853a75568bee64fefb38734fbc80e34a3a38	e9838911e091b986ac11cb81e83119eb771ddb41f4168406a27d65b9564c3580
newdata512-0218	new5100-s36-1c03ce4a-ffa8-4151-a2d8-6f7ab34d5a73-r7	36	L2_steps_21_40	1c03ce4a-ffa8-4151-a2d8-6f7ab34d5a73	7	nq	log/agenticIterRag/260715-005906-987696-pipeline-agentic_iter_rag_v1_spad_qwen3_1_7b_newdata_5100_gold_token_f1_v3_postnorm03_stage1/outputs/stages/train_agent/spad_rag/search_policy_rl/rollout_data/36.jsonl	389	who wrote the hobbit and lord of the rings?	"[""John Ronald Reuel Tolkien""]"	J. R. R. Tolkien	0.0	0.25	1	0	true	true	supported_answer	J. R. R. Tolkien	S	supported_answer	J. R. R. Tolkien	The Tolkien passage directly identifies him as author of both The Hobbit and The Lord of the Rings.	Codex	2026-07-15T17:17:55+08:00	92cd1ec732185f22ccbfb6a4866a70597b97119112715e1cb75462f9e1348e9f	3cd2c456534eb3277e08e3f39ea0b8601aa4870048d3a857c067444d3544c272
newdata512-0219	new5100-s36-23398018-bf23-4f65-84d4-1f03445cc22a-r3	36	L2_steps_21_40	23398018-bf23-4f65-84d4-1f03445cc22a	3	2wikimultihopqa	log/agenticIterRag/260715-005906-987696-pipeline-agentic_iter_rag_v1_spad_qwen3_1_7b_newdata_5100_gold_token_f1_v3_postnorm03_stage1/outputs/stages/train_agent/spad_rag/search_policy_rl/rollout_data/36.jsonl	211	What is the date of birth of the director of film Tarzan The Tiger?	"[""August 29, 1876""]"		0.0	0.0	1	0	true	true	insufficient_evidence	证据不足无法作答	I	insufficient_evidence		Retrieved documents concern other Tarzan films and never identify Tarzan the Tiger's director or birth date.	Codex	2026-07-15T17:17:55+08:00	8d963d2d4095abea7d615998d1d42061d7cbc5f37ff0d1952d063aea0075bfb4	55cc72e601027d789fd76e723c3cb4b480cf91ad43cca71cf2e580e8445b0ef8
newdata512-0220	new5100-s36-28f73e3d-023e-4d20-a9a1-511b4b49451a-r3	36	L2_steps_21_40	28f73e3d-023e-4d20-a9a1-511b4b49451a	3	2wikimultihopqa	log/agenticIterRag/260715-005906-987696-pipeline-agentic_iter_rag_v1_spad_qwen3_1_7b_newdata_5100_gold_token_f1_v3_postnorm03_stage1/outputs/stages/train_agent/spad_rag/search_policy_rl/rollout_data/36.jsonl	426	Which film has the director who was born first, Billy The Kid In Texas or Triloquist?	"[""Billy The Kid In Texas""]"		0.0	0.0	1	0	true	true	insufficient_evidence	证据不足无法作答	I	insufficient_evidence		Evidence retrieves different Billy the Kid films and gives neither target director nor both birth dates.	Codex	2026-07-15T17:17:55+08:00	9916c0b6875797b39cac4743f65b20888672bf7be9467000fca0c11af75a5be8	a114369eca8207bc4d308a22c9583bbe0efb751000409ffd6f8e867a673bc97c
newdata512-0221	new5100-s36-2a7b17d4-efad-4704-8026-06b372500e54-r0	36	L2_steps_21_40	2a7b17d4-efad-4704-8026-06b372500e54	0	hotpotqa	log/agenticIterRag/260715-005906-987696-pipeline-agentic_iter_rag_v1_spad_qwen3_1_7b_newdata_5100_gold_token_f1_v3_postnorm03_stage1/outputs/stages/train_agent/spad_rag/search_policy_rl/rollout_data/36.jsonl	31	"REMIXXXX is an album by You Say Party, released on which date, ""REMIXXXX"" is a reworking of their previous album ""XXXX""?"	"[""September 21, 2010""]"	2010-09-21	0.0	0.0	1	0	false	false			S	supported_answer	September 21, 2010	The You Say Party passage directly states REMIXXXX was released on September 21, 2010.	Codex	2026-07-15T17:17:55+08:00	6a91def9d23b7a3459348e3c457ecc0a13abee0ac4fa79052883d38f577989cb	bd2ec669eb608b7212e2cd6deff7653e385c3f2bf368d343dc2aa7759422fa55
newdata512-0222	new5100-s36-2beadaff-7d56-480c-991b-7cdb3ff1b67a-r2	36	L2_steps_21_40	2beadaff-7d56-480c-991b-7cdb3ff1b67a	2	musique	log/agenticIterRag/260715-005906-987696-pipeline-agentic_iter_rag_v1_spad_qwen3_1_7b_newdata_5100_gold_token_f1_v3_postnorm03_stage1/outputs/stages/train_agent/spad_rag/search_policy_rl/rollout_data/36.jsonl	280	When is the next governor election in the state Rankin County is located?	"[""November 5, 2019""]"	No information available	0.0	0.0	1	0	true	true	insufficient_evidence	证据不足无法作答	I	insufficient_evidence		Evidence concerns earlier Mississippi elections but does not complete the Rankin County location and next-election date chain.	Codex	2026-07-15T17:17:55+08:00	9d4efa2543281019b89d8121a77ae0a007613786e904ef72956425f72f685fad	8852ac49cf1a39eb2d60a69c4c575dbf4c6a79f4eb1115823ee0aab3aaed2b56
newdata512-0223	new5100-s36-7f9c03cd-0841-4ac7-9f8e-97681874f8ee-r1	36	L2_steps_21_40	7f9c03cd-0841-4ac7-9f8e-97681874f8ee	1	hotpotqa	log/agenticIterRag/260715-005906-987696-pipeline-agentic_iter_rag_v1_spad_qwen3_1_7b_newdata_5100_gold_token_f1_v3_postnorm03_stage1/outputs/stages/train_agent/spad_rag/search_policy_rl/rollout_data/36.jsonl	78	What board game came out first, Personal Preference or Qin?	"[""Personal Preference""]"	Personal Preference	1.0	1.0	2	0	false	false			I	insufficient_evidence		Evidence dates Personal Preference to 1987 but retrieves unrelated meanings of Qin rather than the board game's release date.	Codex	2026-07-15T17:17:55+08:00	8cb923698f07d8c9ae74755f3b451017589b32936b491153322495181f23f427	5e37088d650a12f02b318df83bc4db4a16438fe82b3e4f8906aed8e29f2a91b3
newdata512-0224	new5100-s36-8a833d0f-3fbb-42ab-9771-d68ace0c35a4-r7	36	L2_steps_21_40	8a833d0f-3fbb-42ab-9771-d68ace0c35a4	7	nq	log/agenticIterRag/260715-005906-987696-pipeline-agentic_iter_rag_v1_spad_qwen3_1_7b_newdata_5100_gold_token_f1_v3_postnorm03_stage1/outputs/stages/train_agent/spad_rag/search_policy_rl/rollout_data/36.jsonl	353	when was the first fish and chip shop opened?	"[""1860""]"	1863	0.0	0.0	1	0	true	true	ambiguous_evidence	1860s	A	ambiguous_evidence		Evidence says the origin is disputed and gives 1860 or 1865 for one claimant and 1863 for another, so no unique first-opening date is supported.	Codex	2026-07-15T17:17:55+08:00	a510238e2cb9f71b827eea4a3bc17350c564506ea07c0b15d293d43e63a73ca5	1dba204d0c9d89055d35141ece4167764774adcbaf48afe498ac6e00df42b0ac
newdata512-0225	new5100-s36-a5984830-99f4-442a-a26e-991978ba1ea1-r2	36	L2_steps_21_40	a5984830-99f4-442a-a26e-991978ba1ea1	2	nq	log/agenticIterRag/260715-005906-987696-pipeline-agentic_iter_rag_v1_spad_qwen3_1_7b_newdata_5100_gold_token_f1_v3_postnorm03_stage1/outputs/stages/train_agent/spad_rag/search_policy_rl/rollout_data/36.jsonl	122	when did congress pass the clean air act?	"[""December 17, 1963""]"	1955	0.0	0.0	1	0	true	true	ambiguous_evidence	证据不足无法作答	A	ambiguous_evidence		Evidence discusses the 1955 first federal air-pollution act and the 1963 Clean Air Act, while the question does not identify which enactment or revision it means.	Codex	2026-07-15T17:20:08+08:00	484a8001bdbc9c466a1ac03119e6670ce934d814f0dc00f9cdeea16c97d9abc9	ea28e76a14ff03036cdf6eb067bde0026bb2bf001ede1f3015dc05b5a81bcd0b
newdata512-0226	new5100-s36-a9ad5038-21e6-4ee4-b78d-7d192b1eb9d9-r2	36	L2_steps_21_40	a9ad5038-21e6-4ee4-b78d-7d192b1eb9d9	2	2wikimultihopqa	log/agenticIterRag/260715-005906-987696-pipeline-agentic_iter_rag_v1_spad_qwen3_1_7b_newdata_5100_gold_token_f1_v3_postnorm03_stage1/outputs/stages/train_agent/spad_rag/search_policy_rl/rollout_data/36.jsonl	146	Do both films: Revenge At Monte Carlo and If Only (Film) have the directors from the same country?	"[""yes""]"	yes	1.0	1.0	1	0	false	false			I	insufficient_evidence		Evidence retrieves If Only but not Revenge at Monte Carlo, so the target directors and their nationalities cannot be compared.	Codex	2026-07-15T17:20:08+08:00	6ea63df681b1620748359c1a500fe9ce0e4f7dc4b752a846a4fb5d508c9ad25d	056bab637ca94d0abf2abfe07bee21226a028490fd74a6420223faf2309555db
newdata512-0227	new5100-s36-b1584b36-18b6-4d65-81bd-fbf2bf583d78-r5	36	L2_steps_21_40	b1584b36-18b6-4d65-81bd-fbf2bf583d78	5	nq	log/agenticIterRag/260715-005906-987696-pipeline-agentic_iter_rag_v1_spad_qwen3_1_7b_newdata_5100_gold_token_f1_v3_postnorm03_stage1/outputs/stages/train_agent/spad_rag/search_policy_rl/rollout_data/36.jsonl	386	who played the little boy in soul food?	"[""Brandon Hammond""]"	Brandon Hammond	1.0	1.0	1	0	false	false			S	supported_answer	Brandon Hammond	The Soul Food cast and Brandon Hammond passages support Hammond as the boy Ahmad in the film.	Codex	2026-07-15T17:20:08+08:00	57fca3adf64df5d3c696899f0b27743527dc83f14767a279f6977ecf7e489117	7941f4dc485f9a6e148c8e39b5f9bc1cf34e585b42d3d0d38d51e9bbc6f42c8b
newdata512-0228	new5100-s36-b7c62008-6994-45b0-954b-9a2aeeba4dba-r0	36	L2_steps_21_40	b7c62008-6994-45b0-954b-9a2aeeba4dba	0	musique	log/agenticIterRag/260715-005906-987696-pipeline-agentic_iter_rag_v1_spad_qwen3_1_7b_newdata_5100_gold_token_f1_v3_postnorm03_stage1/outputs/stages/train_agent/spad_rag/search_policy_rl/rollout_data/36.jsonl	110	What county is the city that licensed the KDPS broadcast in?	"[""Warren County""]"	Delaware	0.0	0.0	1	0	true	true	insufficient_evidence	证据不足无法作答	I	insufficient_evidence		Evidence retrieves similarly named stations but contains no KDPS licensing city or its county.	Codex	2026-07-15T17:20:08+08:00	eda1cf413a8bbcbe99dd5879074070f6965cd8950423424d94829d7a704048f9	11cd60141ed970de49233fee3610611e22fd10153f3035612f027d4150d3ac27
newdata512-0229	new5100-s36-ed8d4a1c-7c79-4d93-8f7f-127f8afe6adb-r7	36	L2_steps_21_40	ed8d4a1c-7c79-4d93-8f7f-127f8afe6adb	7	nq	log/agenticIterRag/260715-005906-987696-pipeline-agentic_iter_rag_v1_spad_qwen3_1_7b_newdata_5100_gold_token_f1_v3_postnorm03_stage1/outputs/stages/train_agent/spad_rag/search_policy_rl/rollout_data/36.jsonl	486	when did as long as you love me come out?	"[""September 1997""]"	1997	0.0	0.6666666666666666	1	0	true	true	supported_answer	September 1997 internationally and October 1997 in the United States	A	ambiguous_evidence		Evidence gives September 1997 internationally and October 1997 in the United States; the question does not specify a release market.	Codex	2026-07-15T17:20:08+08:00	5a959115a30f5cc8ecba8825a6c1eada9d9efc171f6f5bd7813d31801caf1f3f	842c48f4f4f40042d17435a3594f41a109e0a529755253f4dfa68d9241e5abbf
newdata512-0230	new5100-s37-1b44069d-dbd2-463c-95bb-c45aac3bf516-r2	37	L2_steps_21_40	1b44069d-dbd2-463c-95bb-c45aac3bf516	2	musique	log/agenticIterRag/260715-005906-987696-pipeline-agentic_iter_rag_v1_spad_qwen3_1_7b_newdata_5100_gold_token_f1_v3_postnorm03_stage1/outputs/stages/train_agent/spad_rag/search_policy_rl/rollout_data/37.jsonl	84	What perfume brand was founded by the performer of Teeth?	"[""Lady Gaga Fame""]"	None	0.0	0.0	1	0	true	true	insufficient_evidence	证据不足无法作答	I	insufficient_evidence		Retrieved documents contain neither the song Teeth and its performer nor a perfume brand connected to that performer.	Codex	2026-07-15T17:20:08+08:00	d482420697e8def4a03f8553093bfd86f38f1a588082979a46d7b937f93a3228	5bd27783f5be6889fbd964b78cff050edd0770bff9dcebe53361eb68d68549c4
newdata512-0231	new5100-s37-1d95435b-d8bb-43de-9532-bdd5cc561034-r0	37	L2_steps_21_40	1d95435b-d8bb-43de-9532-bdd5cc561034	0	2wikimultihopqa	log/agenticIterRag/260715-005906-987696-pipeline-agentic_iter_rag_v1_spad_qwen3_1_7b_newdata_5100_gold_token_f1_v3_postnorm03_stage1/outputs/stages/train_agent/spad_rag/search_policy_rl/rollout_data/37.jsonl	73	What nationality is the composer of song A Little Tlc?	"[""British""]"	British	1.0	1.0	2	0	false	false			S	supported_answer	British	Evidence identifies songwriter Lynsey de Paul and describes her as English and as a British female artist.	Codex	2026-07-15T17:20:08+08:00	f301c358f03e4e23209be0c3de07bb5d532983f1550918a075ec6dd434e7b885	320874f13ca25bb4a0bc64f078cd15c35878e62bc8f8747aa06d82de360e9715
newdata512-0232	new5100-s37-5ba0380e-d04b-48d3-8b93-3f3100ac5192-r4	37	L2_steps_21_40	5ba0380e-d04b-48d3-8b93-3f3100ac5192	4	nq	log/agenticIterRag/260715-005906-987696-pipeline-agentic_iter_rag_v1_spad_qwen3_1_7b_newdata_5100_gold_token_f1_v3_postnorm03_stage1/outputs/stages/train_agent/spad_rag/search_policy_rl/rollout_data/37.jsonl	121	what are the rows of seats in a church called?	"[""pew""]"	pews	0.0	0.0	1	0	false	false			S	supported_answer	pews	The pew passage directly defines a pew as the long bench used to seat a church congregation.	Codex	2026-07-15T17:20:08+08:00	f312517516e9d61e78634b0f34e68e4d99bd07f2f842aafca1fce27d45eb89b0	dc3a9f9f50b89acbbfb6e4a2c770e234eb87635e780988520da7408b945e542b
newdata512-0233	new5100-s37-6438f3ab-9578-4676-b344-290caf899908-r5	37	L2_steps_21_40	6438f3ab-9578-4676-b344-290caf899908	5	nq	log/agenticIterRag/260715-005906-987696-pipeline-agentic_iter_rag_v1_spad_qwen3_1_7b_newdata_5100_gold_token_f1_v3_postnorm03_stage1/outputs/stages/train_agent/spad_rag/search_policy_rl/rollout_data/37.jsonl	400	who dies in one flew over the cuckoo's nest?	"[""McMurphy""]"	Billy Bibbit	0.0	0.0	1	0	true	true	supported_answer	Billy Bibbit, Randle McMurphy	A	ambiguous_evidence		Evidence states that both Billy Bibbit and Randle McMurphy die; the unscoped singular question does not select one character.	Codex	2026-07-15T17:20:08+08:00	4832f05f91836aadcf62cf3e3e7f1fa8d0ee3296554303d5e3c1489f2734a193	742bb92e24ad48a428e3a5bc5a955f30663ccb2583a74f4b2ccc829d06331c50
newdata512-0234	new5100-s37-7aecbca3-9e34-4e27-b951-dfc6a4dd6fd0-r5	37	L2_steps_21_40	7aecbca3-9e34-4e27-b951-dfc6a4dd6fd0	5	hotpotqa	log/agenticIterRag/260715-005906-987696-pipeline-agentic_iter_rag_v1_spad_qwen3_1_7b_newdata_5100_gold_token_f1_v3_postnorm03_stage1/outputs/stages/train_agent/spad_rag/search_policy_rl/rollout_data/37.jsonl	286	Money Hai Toh Honey Hai is a Bollywood comedy film directed by Ganesh Acharya, it features a cast of stars including Upen Patel, a model and film actor, working in which country?	"[""India""]"	India	1.0	1.0	1	0	false	false			S	supported_answer	India	The Upen Patel passage explicitly says he is a model and film actor working in India.	Codex	2026-07-15T17:20:08+08:00	28d30f70889cc5e09c25748e90a8912d0f6304286ae19509809866cafeb02fc1	afebab1d17c1b33f47c6489b7203da36f0ee62c462f660b57e5472ec6cc8cb4a
newdata512-0235	new5100-s37-d50a0aeb-3c68-432c-9002-1279665c22fe-r6	37	L2_steps_21_40	d50a0aeb-3c68-432c-9002-1279665c22fe	6	2wikimultihopqa	log/agenticIterRag/260715-005906-987696-pipeline-agentic_iter_rag_v1_spad_qwen3_1_7b_newdata_5100_gold_token_f1_v3_postnorm03_stage1/outputs/stages/train_agent/spad_rag/search_policy_rl/rollout_data/37.jsonl	318	Where did the director of film Punnapra Vayalar die?	"[""Madras""]"		0.0	0.0	2	1	true	true	insufficient_evidence	证据不足无法作答	I	insufficient_evidence		Retrieved documents concern unrelated films and directors and contain no Punnapra Vayalar director death location.	Codex	2026-07-15T17:20:08+08:00	ce0b0f2887fdc0482fc9b27c8f7d3da016b0b5eea594ef603fc71877eb7880c9	eeacb4087e8c17c090b07adf65488be4f9ff98e44d7e866c58d522eb7ead2a90
newdata512-0236	new5100-s37-fef07f36-ec08-41e8-9f49-2730e86ce4f3-r3	37	L2_steps_21_40	fef07f36-ec08-41e8-9f49-2730e86ce4f3	3	nq	log/agenticIterRag/260715-005906-987696-pipeline-agentic_iter_rag_v1_spad_qwen3_1_7b_newdata_5100_gold_token_f1_v3_postnorm03_stage1/outputs/stages/train_agent/spad_rag/search_policy_rl/rollout_data/37.jsonl	256	who is the secretary of state for transport?	"[""Chris Grayling""]"	Chris Grayling	1.0	1.0	1	0	false	false			S	supported_answer	Chris Grayling	The evidence snapshot directly names Chris Grayling as the current Secretary of State for Transport.	Codex	2026-07-15T17:20:08+08:00	9440169d75fbc54f4abf413fdd5d9643765691da04b6a38927b451a9d95b4b8a	b715fd71d91542c43498172c7ac60a1cb755ed7dd94fcf8ff6bf27ac1c8add05
newdata512-0237	new5100-s38-08c561ce-a68e-45c7-a173-4223ed682777-r0	38	L2_steps_21_40	08c561ce-a68e-45c7-a173-4223ed682777	0	nq	log/agenticIterRag/260715-005906-987696-pipeline-agentic_iter_rag_v1_spad_qwen3_1_7b_newdata_5100_gold_token_f1_v3_postnorm03_stage1/outputs/stages/train_agent/spad_rag/search_policy_rl/rollout_data/38.jsonl	14	who played face in the a team tv show?	"[""Dirk Benedict""]"	Dirk Benedict	1.0	1.0	1	0	false	false			A	ambiguous_evidence		Evidence names Tim Dunigan as Face in the pilot and Dirk Benedict as his replacement; the question does not specify pilot or regular series.	Codex	2026-07-15T17:20:08+08:00	df40cbe6497d2d13f2776b171c826f442bf9b4ed0a52d8218ee69366b2c24458	500fcd6624c0f7dc61cdb233b209e5d0c01b40f2296e08cdd680b826301b79c8
newdata512-0238	new5100-s38-24dc142c-6d0c-4f86-a12c-9cea70306be7-r3	38	L2_steps_21_40	24dc142c-6d0c-4f86-a12c-9cea70306be7	3	musique	log/agenticIterRag/260715-005906-987696-pipeline-agentic_iter_rag_v1_spad_qwen3_1_7b_newdata_5100_gold_token_f1_v3_postnorm03_stage1/outputs/stages/train_agent/spad_rag/search_policy_rl/rollout_data/38.jsonl	177	Who wrote the national anthem of the country where Ira Madiyama was released?	"[""Ananda Samarakoon""]"	Professor Solomon Mutswairo	0.0	0.0	1	0	false	false			I	insufficient_evidence		Evidence gives Zimbabwe's anthem writer but does not identify Ira Madiyama or establish that it was released in Zimbabwe.	Codex	2026-07-15T17:20:08+08:00	0bad6025180ba147789f59949a8cd0d5f96f468316f018a04b53b898f639823d	048f1f66b6ec134920725e20434cd62235150c1683db165068121960e8b3fc2e
newdata512-0239	new5100-s38-41cc6203-f03b-43ee-b075-acc9752cd735-r2	38	L2_steps_21_40	41cc6203-f03b-43ee-b075-acc9752cd735	2	hotpotqa	log/agenticIterRag/260715-005906-987696-pipeline-agentic_iter_rag_v1_spad_qwen3_1_7b_newdata_5100_gold_token_f1_v3_postnorm03_stage1/outputs/stages/train_agent/spad_rag/search_policy_rl/rollout_data/38.jsonl	151	What nationality was the animator that worked on the 15th Disney animated feature film?	"[""American""]"	American	1.0	1.0	1	0	false	false			S	supported_answer	American	The retrieved animators associated with Disney's feature work, including Milt Kahl, Marc Davis, Ollie Johnston, and Retta Scott, are explicitly identified as American.	Codex	2026-07-15T17:20:08+08:00	058f19677510f3af72f787ec48cfef11cbc876b05c48fac264497ec52e347eb8	6203e9767d854062984c98e6df0cd147562fe75d591d22dcdb1baa3e7e8c8170
newdata512-0240	new5100-s38-7861d4e9-08fb-4030-b3f0-a65dd8d06c25-r4	38	L2_steps_21_40	7861d4e9-08fb-4030-b3f0-a65dd8d06c25	4	nq	log/agenticIterRag/260715-005906-987696-pipeline-agentic_iter_rag_v1_spad_qwen3_1_7b_newdata_5100_gold_token_f1_v3_postnorm03_stage1/outputs/stages/train_agent/spad_rag/search_policy_rl/rollout_data/38.jsonl	345	when was the first x ray machine invented?	"[""1896""]"	1895	0.0	0.0	1	0	false	false			S	supported_answer	1896	Evidence states that Emil Grubbe assembled the first X-ray machine in Chicago in 1896, shortly after the 1895 discovery of X-rays.	Codex	2026-07-15T17:20:08+08:00	1f223092ce9755a36e768cbd06da64e0db374cbbd240b13f5f73f5b7357cc365	79a24082dfe871dfcd1edec8346abbd7a1279470d4b7f1957ca1a9f37caa225d
newdata512-0241	new5100-s38-9c987378-33e2-4aa7-838e-dc35290ae1c0-r4	38	L2_steps_21_40	9c987378-33e2-4aa7-838e-dc35290ae1c0	4	nq	log/agenticIterRag/260715-005906-987696-pipeline-agentic_iter_rag_v1_spad_qwen3_1_7b_newdata_5100_gold_token_f1_v3_postnorm03_stage1/outputs/stages/train_agent/spad_rag/search_policy_rl/rollout_data/38.jsonl	244	who is the highest paid actor of hollywood?	"[""Keanu Reeves""]"	Mark Wahlberg	0.0	0.0	1	0	true	true	ambiguous_evidence	证据不足无法作答	A	ambiguous_evidence		Evidence names Mark Wahlberg for 2017 and Robert Downey Jr. for earlier Forbes periods; the question supplies no year or ranking period.	Codex	2026-07-15T17:20:08+08:00	a3675974f025d0cd8c7d24a016fc6904f5e50cbb083c401aa02f9769c44c107b	b2ee62d6218423c3bf4bbc483bb3d8cf26b6afa0852570f1de0e6e88b5f53591
newdata512-0242	new5100-s38-a0c17987-24d2-48a3-909f-ae0069c8dee1-r4	38	L2_steps_21_40	a0c17987-24d2-48a3-909f-ae0069c8dee1	4	nq	log/agenticIterRag/260715-005906-987696-pipeline-agentic_iter_rag_v1_spad_qwen3_1_7b_newdata_5100_gold_token_f1_v3_postnorm03_stage1/outputs/stages/train_agent/spad_rag/search_policy_rl/rollout_data/38.jsonl	215	who does maria fall in love with in twelfth night?	"[""Sir Toby Belch""]"		0.0	0.0	1	0	true	true	insufficient_evidence	证据不足无法作答	I	insufficient_evidence		Evidence describes Maria's role in the Malvolio plot but does not state whom Maria loves.	Codex	2026-07-15T17:20:08+08:00	c5837d39200c0a6fd8587c799d9bf1b1d5c17192037d270a058f876ef59ba764	a5f8b53ab6092f0560810f646d780fe1569baabc2c1027cfc0e85d552871cd6a
newdata512-0243	new5100-s38-aac56d66-e88d-4619-ad80-24d093537d36-r1	38	L2_steps_21_40	aac56d66-e88d-4619-ad80-24d093537d36	1	2wikimultihopqa	log/agenticIterRag/260715-005906-987696-pipeline-agentic_iter_rag_v1_spad_qwen3_1_7b_newdata_5100_gold_token_f1_v3_postnorm03_stage1/outputs/stages/train_agent/spad_rag/search_policy_rl/rollout_data/38.jsonl	153	Where was the father of Askari Mirza born?	"[""Andijan""]"	Kabul	0.0	0.0	1	0	true	true	insufficient_evidence	证据不足无法作答	I	insufficient_evidence		Evidence identifies Askari as Babur's son but gives no birthplace for Babur; Kabul refers to Askari's half-brother Kamran.	Codex	2026-07-15T17:20:08+08:00	d0878b63e2d1a4160f4559b699623b70d662e6dd91b76b3b97862be22c0bbd60	fd5e7ed0ae06bd1cd6636e5381f42b8338f11f57e7f9a1fd509b39913476e394
newdata512-0244	new5100-s38-bfe1d577-d849-48f3-a982-3f127d686459-r5	38	L2_steps_21_40	bfe1d577-d849-48f3-a982-3f127d686459	5	nq	log/agenticIterRag/260715-005906-987696-pipeline-agentic_iter_rag_v1_spad_qwen3_1_7b_newdata_5100_gold_token_f1_v3_postnorm03_stage1/outputs/stages/train_agent/spad_rag/search_policy_rl/rollout_data/38.jsonl	409	20th century english writer known for her feminist and magical works?	"[""Angela Olive Carter-Pearce""]"	Emily Croy Barker	0.0	0.0	1	0	true	true	insufficient_evidence	证据不足无法作答	I	insufficient_evidence		Evidence discusses magical feminism and other writers but does not uniquely identify the described 20th-century English writer.	Codex	2026-07-15T17:20:08+08:00	a0d8443bcf9c4c98ae8ff51b11bfaab4f4bc05b89ad5535a9476a3b9dff3959c	36542d57a9420dc9284a55cb00ea4e2c399c5dd355e632f6d14c0437186f5d2c
newdata512-0245	new5100-s38-e110bdf3-2ec9-4879-b2c0-d801757a5dea-r1	38	L2_steps_21_40	e110bdf3-2ec9-4879-b2c0-d801757a5dea	1	hotpotqa	log/agenticIterRag/260715-005906-987696-pipeline-agentic_iter_rag_v1_spad_qwen3_1_7b_newdata_5100_gold_token_f1_v3_postnorm03_stage1/outputs/stages/train_agent/spad_rag/search_policy_rl/rollout_data/38.jsonl	94	Princess Maria Clotilde of Savoy's mother died in what year?	"[""1855""]"	1785	0.0	0.0	1	0	true	true	insufficient_evidence	证据不足无法作答	I	insufficient_evidence		Evidence does not give Princess Maria Clotilde's mother's death year; the 1785 death belongs to an unrelated Maria Antonia.	Codex	2026-07-15T17:20:08+08:00	3bc2d46a549e7f4b679087f702f8d4ac758e033cf43bbda43ac8fbd012b5e3fe	7d1161e40b4dbd1cf8267fec4e963e0737cf71899ed15b6ae29927464ae3a467
newdata512-0246	new5100-s38-e4441c60-e4bf-4419-948d-06b3387c8136-r6	38	L2_steps_21_40	e4441c60-e4bf-4419-948d-06b3387c8136	6	nq	log/agenticIterRag/260715-005906-987696-pipeline-agentic_iter_rag_v1_spad_qwen3_1_7b_newdata_5100_gold_token_f1_v3_postnorm03_stage1/outputs/stages/train_agent/spad_rag/search_policy_rl/rollout_data/38.jsonl	480	where did trey lyles go to high school?	"[""Arsenal Tech""]"	Ennis High School	0.0	0.0	1	0	false	false			S	supported_answer	Arsenal Tech	The Trey Lyles passage identifies Arsenal Tech as his high school team and school context.	Codex	2026-07-15T17:20:08+08:00	00d98274330a81719d16669f15bb5058ce1f54e9d7fe60e57138dc69cfc4e8bc	2d462d8f82042b76a94a54ad5727945650230f495fc51942bbe7b4d8a80c26ff
newdata512-0247	new5100-s39-1d6967b5-1e9e-4570-9c7c-744b86c7422d-r4	39	L2_steps_21_40	1d6967b5-1e9e-4570-9c7c-744b86c7422d	4	hotpotqa	log/agenticIterRag/260715-005906-987696-pipeline-agentic_iter_rag_v1_spad_qwen3_1_7b_newdata_5100_gold_token_f1_v3_postnorm03_stage1/outputs/stages/train_agent/spad_rag/search_policy_rl/rollout_data/39.jsonl	294	Where did the free agent signed by the Lakers before the 2001-02 season play college basketball?	"[""University of Louisville""]"	The Master's College	0.0	0.0	1	0	true	true	insufficient_evidence	证据不足无法作答	I	insufficient_evidence		Evidence lists several Lakers free agents but does not identify a unique target or provide the relevant player's college.	Codex	2026-07-15T17:20:08+08:00	8da0639905357c2e951c482e05ff85690740853ecda5dc8be7a57160926db86b	3057d07ca81a1e1b705c54fbb1fe900c2241fd75af7f13a85945d6c76e8c8d50
newdata512-0248	new5100-s39-21e1f930-8b7f-4e03-9474-4ad078644bfa-r6	39	L2_steps_21_40	21e1f930-8b7f-4e03-9474-4ad078644bfa	6	nq	log/agenticIterRag/260715-005906-987696-pipeline-agentic_iter_rag_v1_spad_qwen3_1_7b_newdata_5100_gold_token_f1_v3_postnorm03_stage1/outputs/stages/train_agent/spad_rag/search_policy_rl/rollout_data/39.jsonl	376	who plays tiara gold in high school musical 3?	"[""Jemma McKenzie-Brown""]"	Jemma McKenzie-Brown	1.0	1.0	1	0	false	false			S	supported_answer	Jemma McKenzie-Brown	The High School Musical 3 evidence identifies Jemma McKenzie-Brown as Tiara Gold's performer.	Codex	2026-07-15T17:20:08+08:00	ab8c5dd91a3bf74a347e6ac62f703f71e5e4de377da57f3cb139370edc35c7db	6c2e118d50f661309552a525b92a8d83ff26160d70ab518f38376ecb9e5fc4db
newdata512-0249	new5100-s39-26c79961-2e20-4ed8-a280-d4fe718c70cd-r4	39	L2_steps_21_40	26c79961-2e20-4ed8-a280-d4fe718c70cd	4	nq	log/agenticIterRag/260715-005906-987696-pipeline-agentic_iter_rag_v1_spad_qwen3_1_7b_newdata_5100_gold_token_f1_v3_postnorm03_stage1/outputs/stages/train_agent/spad_rag/search_policy_rl/rollout_data/39.jsonl	259	what is the political system that the united states follows in regards to elections?	"[""a primary election system""]"	indirect election via Electoral College	0.0	0.25	1	0	true	true	supported_answer	indirectly by the people, through an Electoral College	A	ambiguous_evidence		Evidence describes presidential indirect election through the Electoral College, direct congressional/local elections, and primaries/caucuses; the question does not specify an office or stage.	Codex	2026-07-15T17:20:08+08:00	4f6eaf22ea80181dcd798dc0e6cd0be3eb3ee62a59c6981e5cc903c1bff0d0a5	68a6fe997616afeebefc6d7c0f25ed3b7082630de74fd8a69842bb68c353f910
newdata512-0250	new5100-s39-3769afe3-8ea0-436d-9c95-93be25b6b30d-r1	39	L2_steps_21_40	3769afe3-8ea0-436d-9c95-93be25b6b30d	1	nq	log/agenticIterRag/260715-005906-987696-pipeline-agentic_iter_rag_v1_spad_qwen3_1_7b_newdata_5100_gold_token_f1_v3_postnorm03_stage1/outputs/stages/train_agent/spad_rag/search_policy_rl/rollout_data/39.jsonl	19	when was sociology's code of ethics first published quizlet?	"[""1970""]"	1970	1.0	1.0	1	0	false	false			S	supported_answer	1970	The American Sociological Association passage states its first code of ethics was written in 1970.	Codex	2026-07-15T17:20:08+08:00	c7cf0d74e83f50c899012e66dacc864fbba66ee57617375db7b75cafc123e199	96c686ead0a9ee3ec10a29e09eee4f42865028f77e4430f6b2c93e5d0be44384
newdata512-0251	new5100-s39-8a540565-eb4a-41e9-bfec-31a81ed73411-r1	39	L2_steps_21_40	8a540565-eb4a-41e9-bfec-31a81ed73411	1	nq	log/agenticIterRag/260715-005906-987696-pipeline-agentic_iter_rag_v1_spad_qwen3_1_7b_newdata_5100_gold_token_f1_v3_postnorm03_stage1/outputs/stages/train_agent/spad_rag/search_policy_rl/rollout_data/39.jsonl	99	which prime minister of india served the shortest term?	"[""Gulzarilal Nanda""]"	Atal Bihari Vajpayee	0.0	0.0	1	0	true	true	insufficient_evidence	证据不足无法作答	I	insufficient_evidence		Evidence gives Vajpayee's 13-day term but does not compare it with every prime minister, including interim terms, so it cannot establish the shortest uniquely.	Codex	2026-07-15T17:20:08+08:00	fa4078daf32a2f1e0a1959f4ba2340e1767fc50e23a1f8431ec9d373ccb009d9	f9720f3aee7edf72fd77b738cd0af5edb48d9deba99e8c9e76a8ed2714fe178e
newdata512-0252	new5100-s39-9ac5b15a-8c66-4394-9084-24af197b2acd-r2	39	L2_steps_21_40	9ac5b15a-8c66-4394-9084-24af197b2acd	2	musique	log/agenticIterRag/260715-005906-987696-pipeline-agentic_iter_rag_v1_spad_qwen3_1_7b_newdata_5100_gold_token_f1_v3_postnorm03_stage1/outputs/stages/train_agent/spad_rag/search_policy_rl/rollout_data/39.jsonl	88	Who is the finance minister of the state where the Maratha Kingdom was located in India?	"[""Sudhir Mungantiwar""]"	Jayant Kumar Malaiya	0.0	0.0	1	0	true	true	supported_answer	Sudhir Mungantiwar	I	insufficient_evidence		Evidence identifies a Maratha princely state in the Bombay Presidency and names finance ministers of two modern states, but never maps the target to Maharashtra.	Codex	2026-07-15T17:20:08+08:00	2cf73768016df9d27dbafe569f3e8db05b210338e836f6f146104304d5f8babc	62ed9eb00bf16b4b6254d8d1949524b36354c1086dc0027bb02529e1f3ea0361
newdata512-0253	new5100-s39-ce47cb85-8bb8-4c66-8436-f2916305077f-r0	39	L2_steps_21_40	ce47cb85-8bb8-4c66-8436-f2916305077f	0	nq	log/agenticIterRag/260715-005906-987696-pipeline-agentic_iter_rag_v1_spad_qwen3_1_7b_newdata_5100_gold_token_f1_v3_postnorm03_stage1/outputs/stages/train_agent/spad_rag/search_policy_rl/rollout_data/39.jsonl	24	nankana sahib is the popular name for the birthplace of?	"[""Guru Nanak""]"	Guru Nanak	1.0	1.0	1	0	false	false			S	supported_answer	Guru Nanak	The Nankana Sahib passage directly states that Guru Nanak was born there.	Codex	2026-07-15T17:20:08+08:00	e224cb922d292acb12a47eb10589d5f5be92d12ec724f6e2df76eea8eee503b1	ebb16d94ac0c99633d99239443342c4dfd94e861ad1424fabae55ab24e9d2467
newdata512-0254	new5100-s40-6731c4ff-40c8-4e0e-a9e8-d0f7c52a002c-r5	40	L2_steps_21_40	6731c4ff-40c8-4e0e-a9e8-d0f7c52a002c	5	hotpotqa	log/agenticIterRag/260715-005906-987696-pipeline-agentic_iter_rag_v1_spad_qwen3_1_7b_newdata_5100_gold_token_f1_v3_postnorm03_stage1/outputs/stages/train_agent/spad_rag/search_policy_rl/rollout_data/40.jsonl	324	Don Ashley Turlington graduated from a college located on the shore of what lake?	"[""Sebago Lake""]"	Lake Beresford	0.0	0.5	3	0	true	true	insufficient_evidence	证据不足无法作答	I	insufficient_evidence		Search results do not identify Don Ashley Turlington or his college, and the returned lake references are unrelated.	Codex	2026-07-15T17:20:08+08:00	df9ad8bf1bc4f226c629b3532cbe6de5c2a20931c999c47dbca5d3c503648b8a	5cd88c786cff045a8819121ceda2ec50c15979f1cd85aa116259525a0a749b04
newdata512-0255	new5100-s40-88b4d48e-5880-4b51-9fca-1c3fcd967b7e-r5	40	L2_steps_21_40	88b4d48e-5880-4b51-9fca-1c3fcd967b7e	5	2wikimultihopqa	log/agenticIterRag/260715-005906-987696-pipeline-agentic_iter_rag_v1_spad_qwen3_1_7b_newdata_5100_gold_token_f1_v3_postnorm03_stage1/outputs/stages/train_agent/spad_rag/search_policy_rl/rollout_data/40.jsonl	423	What is the date of death of the director of film Do Phool?	"[""9 January 2013""]"	21 October 2012	0.0	0.0	1	0	true	true	insufficient_evidence	证据不足无法作答	I	insufficient_evidence		Evidence retrieves a different film and directors and never establishes the director of Do Phool or that person's death date.	Codex	2026-07-15T17:20:08+08:00	e490752b23348c26e6dca55be69b92d602685b75ecca408a9afe7bfd97882cf8	59db11d816acfb9e3dcf48f7b76d33a6e4c53447a8ec447153b54d3c2d701b68
newdata512-0256	new5100-s40-b6e2c5b2-0943-4e54-9875-f6c04e21445a-r7	40	L2_steps_21_40	b6e2c5b2-0943-4e54-9875-f6c04e21445a	7	nq	log/agenticIterRag/260715-005906-987696-pipeline-agentic_iter_rag_v1_spad_qwen3_1_7b_newdata_5100_gold_token_f1_v3_postnorm03_stage1/outputs/stages/train_agent/spad_rag/search_policy_rl/rollout_data/40.jsonl	508	who won the nba first sixth man award?	"[""Bobby Jones""]"	Lou Williams	0.0	0.0	1	0	false	false			S	supported_answer	Bobby Jones	The NBA Sixth Man passage explicitly names Bobby Jones as the inaugural winner in 1982-83.	Codex	2026-07-15T17:20:08+08:00	7b24da6e2297ccf44cc30580f308fcd81179ec1a452d387690a3fb75572aa66a	e56f905c932c5f6e8d918ca5e17f28fbf009f1c2dd2838e1b0ca0ce460cbaf2b
newdata512-0257	new5100-s41-28455ce8-273d-414b-ba7a-3fb6c46da7ce-r6	41	L3_steps_41_60	28455ce8-273d-414b-ba7a-3fb6c46da7ce	6	nq	log/agenticIterRag/260715-005906-987696-pipeline-agentic_iter_rag_v1_spad_qwen3_1_7b_newdata_5100_gold_token_f1_v3_postnorm03_stage1/outputs/stages/train_agent/spad_rag/search_policy_rl/rollout_data/41.jsonl	428	how old was michael myers when he killed his older sister?	"[""six""]"	6	0.0	0.0	1	0	true	true	supported_answer	6-year-old	S	supported_answer	six years old	The Halloween passage explicitly states that six-year-old Michael Myers killed his older sister Judith.	Codex	2026-07-15T17:22:21+08:00	db8a44b9aa0a5434eaae3528eaa2d63ca1b94a5e6f2e76022d21cee8e311cbee	2d9a4f1d62ae7f17bb1bca2f0609156a09ada710e4dacf1abe98eba5ede71017
newdata512-0258	new5100-s41-33d0c17f-bddf-4a5e-8cae-95331e713cf0-r4	41	L3_steps_41_60	33d0c17f-bddf-4a5e-8cae-95331e713cf0	4	nq	log/agenticIterRag/260715-005906-987696-pipeline-agentic_iter_rag_v1_spad_qwen3_1_7b_newdata_5100_gold_token_f1_v3_postnorm03_stage1/outputs/stages/train_agent/spad_rag/search_policy_rl/rollout_data/41.jsonl	288	when's the last time the eagles went to the playoffs?	"[""2017""]"	2017	1.0	1.0	1	0	false	false			S	supported_answer	2017	The evidence snapshot identifies the Eagles' 2017 season as their latest playoff appearance.	Codex	2026-07-15T17:22:21+08:00	c167a215899a1acf6db4c3ad38ff3a649e00a3f9d907d9bc0acd876292440ba1	8d1e1ad6d4271ecdc43e7202f2201abe0e44fd027733d35724219036102081be
newdata512-0259	new5100-s41-5bcf5eaf-41ca-4180-9e1d-deec1a2284ae-r2	41	L3_steps_41_60	5bcf5eaf-41ca-4180-9e1d-deec1a2284ae	2	nq	log/agenticIterRag/260715-005906-987696-pipeline-agentic_iter_rag_v1_spad_qwen3_1_7b_newdata_5100_gold_token_f1_v3_postnorm03_stage1/outputs/stages/train_agent/spad_rag/search_policy_rl/rollout_data/41.jsonl	234	who wrote by the glow of the kerosene light?	"[""Wince Coles""]"	Wince Coles	1.0	1.0	1	0	false	false			S	supported_answer	Wince Coles	The Buddy Wasisname passage directly states that Wince Coles wrote By the Glow of the Kerosene Light.	Codex	2026-07-15T17:22:21+08:00	387fbebd6e1f29a382dac5347b226ddc12edaca2828416e471e5926d30dfe394	bde26b433950b4395b2ca2deee5136b57deefed5d5f4269dd14a6d2cee3fb728
newdata512-0260	new5100-s41-800dc05a-8742-4506-8a65-900fb4d1ab76-r2	41	L3_steps_41_60	800dc05a-8742-4506-8a65-900fb4d1ab76	2	hotpotqa	log/agenticIterRag/260715-005906-987696-pipeline-agentic_iter_rag_v1_spad_qwen3_1_7b_newdata_5100_gold_token_f1_v3_postnorm03_stage1/outputs/stages/train_agent/spad_rag/search_policy_rl/rollout_data/41.jsonl	81	What year was the book released that was based on a 1964 American psychological thriller directed by Alfred Hitchcock?	"[""1997""]"	1990	0.0	0.0	1	0	true	true	insufficient_evidence	证据不足无法作答	I	insufficient_evidence		Evidence concerns Psycho and a 1990 making-of book, not a book based on the unspecified 1964 Hitchcock thriller.	Codex	2026-07-15T17:22:21+08:00	0cdcf3cbce9e59be5c74180d393a7b0b7f4d87e078324a14603485bbee420bb1	22e51a1473babdc4558de38464579058b4fe10ba3d4c9c2851492be8d592c75f
newdata512-0261	new5100-s41-c5ce8439-0889-40bc-8ce1-b2e18807fade-r7	41	L3_steps_41_60	c5ce8439-0889-40bc-8ce1-b2e18807fade	7	nq	log/agenticIterRag/260715-005906-987696-pipeline-agentic_iter_rag_v1_spad_qwen3_1_7b_newdata_5100_gold_token_f1_v3_postnorm03_stage1/outputs/stages/train_agent/spad_rag/search_policy_rl/rollout_data/41.jsonl	468	when was the internet invented for public use?	"[""1979""]"		0.0	0.0	1	0	true	true	supported_answer	mid-1989	S	supported_answer	mid-1989	The Internet history passage directly states that public commercial Internet use began in mid-1989.	Codex	2026-07-15T17:22:21+08:00	220e3c99d3ca54a8ceb65763f2b4d82d14dda29ffbc0d915870449f7f6ed55c2	73a28a73beaae3f7289cb2abd374e8ca275d7a56c785fa1a9ff88dd19d1b5c1c
newdata512-0262	new5100-s41-cf8bc594-5b65-4322-8745-6770c1172a94-r2	41	L3_steps_41_60	cf8bc594-5b65-4322-8745-6770c1172a94	2	hotpotqa	log/agenticIterRag/260715-005906-987696-pipeline-agentic_iter_rag_v1_spad_qwen3_1_7b_newdata_5100_gold_token_f1_v3_postnorm03_stage1/outputs/stages/train_agent/spad_rag/search_policy_rl/rollout_data/41.jsonl	286	which opera had more acts? Le roi d'Ys or La favorite?	"[""La Favorite""]"	Le roi d'Ys	0.0	0.0	1	0	false	false			I	insufficient_evidence		Evidence states La favorite has four acts but gives only a reference to act 3 for Le roi d'Ys, not its total act count.	Codex	2026-07-15T17:22:21+08:00	b26ff424fb397a1b372cad77573045fb3cafbe14cc4eaed24d72e90e328a8657	592ec6ed7f29a9e7cebb5b552de2b0a4daaa8f562ed05287b198dc4ecfe9df29
newdata512-0263	new5100-s41-e42c7918-6972-4920-abf8-c2051be02061-r5	41	L3_steps_41_60	e42c7918-6972-4920-abf8-c2051be02061	5	nq	log/agenticIterRag/260715-005906-987696-pipeline-agentic_iter_rag_v1_spad_qwen3_1_7b_newdata_5100_gold_token_f1_v3_postnorm03_stage1/outputs/stages/train_agent/spad_rag/search_policy_rl/rollout_data/41.jsonl	389	what is chelsea real name from that so raven?	"[""Anneliese Louise van der Pol""]"	Anneliese van der Pol	0.0	0.888888888888889	1	0	true	true	supported_answer	Anneliese van der Pol	S	supported_answer	Anneliese Louise van der Pol	The Anneliese van der Pol passage identifies her as the actress best known for Chelsea Daniels on That's So Raven.	Codex	2026-07-15T17:22:21+08:00	ec776080fa18ee176d6b94a5975cf0d7f748481832b69308e81ac2ee9ab0ae01	9743d127431a9cedfb24fcca3f53fde9899e72ff2ea925521b0454be083f691a
newdata512-0264	new5100-s42-16b4e5e8-b9a2-4c14-ba43-31094266005d-r6	42	L3_steps_41_60	16b4e5e8-b9a2-4c14-ba43-31094266005d	6	nq	log/agenticIterRag/260715-005906-987696-pipeline-agentic_iter_rag_v1_spad_qwen3_1_7b_newdata_5100_gold_token_f1_v3_postnorm03_stage1/outputs/stages/train_agent/spad_rag/search_policy_rl/rollout_data/42.jsonl	283	who played quincy in how stella got her groove back?	"[""Michael J. Pagan""]"	Quincy Taylor Brown	0.0	0.0	1	0	true	true	supported_answer	Taye Diggs	I	insufficient_evidence		Evidence lists leading cast and an unrelated actor named Quincy but never maps the character Quincy to a performer in the film.	Codex	2026-07-15T17:22:21+08:00	3fb81841b48b352c1f24623f4b9b765ebb258dc1aa59c0d02e53659469d319b8	334d19971e1ac811449c632a2ad77ac1f2c6875572e34ef081b5d6ffe731bbd6
newdata512-0265	new5100-s42-92684bc6-5361-425a-806f-2fd446f2e81c-r4	42	L3_steps_41_60	92684bc6-5361-425a-806f-2fd446f2e81c	4	2wikimultihopqa	log/agenticIterRag/260715-005906-987696-pipeline-agentic_iter_rag_v1_spad_qwen3_1_7b_newdata_5100_gold_token_f1_v3_postnorm03_stage1/outputs/stages/train_agent/spad_rag/search_policy_rl/rollout_data/42.jsonl	217	Do both films, Asli-Naqli and Mome Ki Gudiya, have the directors who are from the same country?	"[""yes""]"	Yes	1.0	1.0	1	0	false	false			I	insufficient_evidence		Evidence identifies Asli-Naqli's director but does not identify Mome Ki Gudiya's director or both directors' nationalities.	Codex	2026-07-15T17:22:21+08:00	e3f9f36b5475e7f6ada2aa48524e7a1257d9c5d5b413bf00adfa1b12d42cfad4	47077b5ac878a7a3ba951426f7505c895866aad92b6effd09235f33f3dc71e1a
newdata512-0266	new5100-s42-b215078d-2014-41df-8d29-419100a45467-r5	42	L3_steps_41_60	b215078d-2014-41df-8d29-419100a45467	5	musique	log/agenticIterRag/260715-005906-987696-pipeline-agentic_iter_rag_v1_spad_qwen3_1_7b_newdata_5100_gold_token_f1_v3_postnorm03_stage1/outputs/stages/train_agent/spad_rag/search_policy_rl/rollout_data/42.jsonl	193	What is the record label for the composer of I'm Waiting for the Man?	"[""Warner Bros.""]"		0.0	0.0	4	2	false	false			A	ambiguous_evidence		Evidence identifies Lou Reed as the writer and connects him to Pickwick and RCA, while also retrieving other labels; the question does not specify career period or release.	Codex	2026-07-15T17:22:21+08:00	41e3376ca724c95aa109297253f1a1abadc499629d7f187d4f7482f24173a76f	f91d10670bc6883209dda56bd833b0e73730c1de2ecc2b77bda3209e25cbd667
newdata512-0267	new5100-s42-b495c3ba-6fdd-441b-8122-9aee1e80dee9-r5	42	L3_steps_41_60	b495c3ba-6fdd-441b-8122-9aee1e80dee9	5	musique	log/agenticIterRag/260715-005906-987696-pipeline-agentic_iter_rag_v1_spad_qwen3_1_7b_newdata_5100_gold_token_f1_v3_postnorm03_stage1/outputs/stages/train_agent/spad_rag/search_policy_rl/rollout_data/42.jsonl	320	When did the currencies of the country that encompassed Catandica first come in circulation?	"[""16 June 1980""]"	1826	0.0	0.0	3	1	true	true	supported_answer	1826	I	insufficient_evidence		The search incorrectly maps Catandica to Argentina's Catamarca Province, so the Argentine currency date does not answer the target-country question.	Codex	2026-07-15T17:22:21+08:00	5a52e9d187cda9692f3fca2acb300a6b8d0875f5057ea34663b2069613a77c66	aaf1f795c8d17df84809a97a1b6e09c55856599554c4846929af6719cd108658
newdata512-0268	new5100-s43-1c3385dc-b2e9-4ceb-8c73-da71f70755ab-r7	43	L3_steps_41_60	1c3385dc-b2e9-4ceb-8c73-da71f70755ab	7	2wikimultihopqa	log/agenticIterRag/260715-005906-987696-pipeline-agentic_iter_rag_v1_spad_qwen3_1_7b_newdata_5100_gold_token_f1_v3_postnorm03_stage1/outputs/stages/train_agent/spad_rag/search_policy_rl/rollout_data/43.jsonl	433	Who is the father of the composer of film Naanum Rowdy Dhaan?	"[""Ravi Raghavendra""]"		0.0	0.0	1	0	false	false			I	insufficient_evidence		Evidence identifies Anirudh Ravichander as the film's composer but gives no information about his father.	Codex	2026-07-15T17:22:21+08:00	81a6b6f67a7f42693c59fc002b54e9d3d29b022fe65dec2de7c72307c802f6d5	f71d3d3b6b9153d2459f7822f33d16b0b7c532601f72247cc406a1dd93df1f2c
newdata512-0269	new5100-s43-29b5ed86-c4ae-4f63-b0fc-477003411b64-r0	43	L3_steps_41_60	29b5ed86-c4ae-4f63-b0fc-477003411b64	0	nq	log/agenticIterRag/260715-005906-987696-pipeline-agentic_iter_rag_v1_spad_qwen3_1_7b_newdata_5100_gold_token_f1_v3_postnorm03_stage1/outputs/stages/train_agent/spad_rag/search_policy_rl/rollout_data/43.jsonl	101	when was the last time the panthers were in the superbowl?	"[""2015""]"	2015	1.0	1.0	1	0	false	false			S	supported_answer	2015	The Carolina Panthers passage directly says they returned to the Super Bowl in 2015.	Codex	2026-07-15T17:22:21+08:00	73c97acc8ee17717909dbedfa42a5cd6cc4b588b179a32159f08839a88874a36	6354b40b6d6d52b42a3da721f55fe50d82c1f3696cb219506ed577d6a235e82d
newdata512-0270	new5100-s43-30c3d387-c6ec-4996-9060-242f4d643d52-r1	43	L3_steps_41_60	30c3d387-c6ec-4996-9060-242f4d643d52	1	2wikimultihopqa	log/agenticIterRag/260715-005906-987696-pipeline-agentic_iter_rag_v1_spad_qwen3_1_7b_newdata_5100_gold_token_f1_v3_postnorm03_stage1/outputs/stages/train_agent/spad_rag/search_policy_rl/rollout_data/43.jsonl	318	Which award the director of film Being Evel got?	"[""Academy Award for Best Documentary (Short Subject)""]"		0.0	0.0	4	0	false	false			S	supported_answer	Academy Award for Best Documentary (Short Subject)	Evidence identifies Being Evel director Daniel Junge and states he won this Academy Award for Saving Face.	Codex	2026-07-15T17:22:21+08:00	5a1131cffce51d872b64af76458fc0d28971a0ac6c5f40dd1b072cde99de2cf2	a6f12054e1711788423c4b1f6314d5741ed3e318329d33b08df330ac4dda7c95
newdata512-0271	new5100-s43-4596b7bf-95e3-4f30-a7a4-eea0d60458b3-r5	43	L3_steps_41_60	4596b7bf-95e3-4f30-a7a4-eea0d60458b3	5	hotpotqa	log/agenticIterRag/260715-005906-987696-pipeline-agentic_iter_rag_v1_spad_qwen3_1_7b_newdata_5100_gold_token_f1_v3_postnorm03_stage1/outputs/stages/train_agent/spad_rag/search_policy_rl/rollout_data/43.jsonl	274	Luv Is Rage 2, is the debut studio album by American hip hop recording artist Symere Woods, better known by his stage name Lil Uzi Vert, based in which city?	"[""Philadelphia""]"	Philadelphia	1.0	1.0	1	0	false	false			S	supported_answer	Philadelphia	The Lil Uzi Vert passage directly says Symere Woods is based in Philadelphia.	Codex	2026-07-15T17:22:21+08:00	9f524c371d50f3510b254e7f814accaf22d4d115e48e10f8dafa1017748826e1	83a0ed2196104cef8e25e18738b6bbd41480ec4335f15d63362d65058f3df1aa
newdata512-0272	new5100-s43-6692ee73-41e1-40ae-bead-ed82eec22a03-r4	43	L3_steps_41_60	6692ee73-41e1-40ae-bead-ed82eec22a03	4	hotpotqa	log/agenticIterRag/260715-005906-987696-pipeline-agentic_iter_rag_v1_spad_qwen3_1_7b_newdata_5100_gold_token_f1_v3_postnorm03_stage1/outputs/stages/train_agent/spad_rag/search_policy_rl/rollout_data/43.jsonl	293	Viktor Selyavin is best known for his interpretation of Lensky in an opera composed by who?	"[""Pyotr Ilyich Tchaikovsky""]"	Tchaikovsky	0.0	0.5	1	0	false	false			I	insufficient_evidence		Evidence identifies Lensky as a role in Eugene Onegin but never states the opera's composer; a nearby reference to Tchaikovsky's romances does not complete that relation.	Codex	2026-07-15T17:22:21+08:00	302ffd1cd71cbb4cfcdf13c9f58143fe9097f0516297a1c941e05591275b19f6	d5b55a9620979cd09d32cdf6e975cbaf5b66e542a4131e45122e81ce320d131b
newdata512-0273	new5100-s43-a7914711-6a0b-4e51-a21c-8afd23faab77-r2	43	L3_steps_41_60	a7914711-6a0b-4e51-a21c-8afd23faab77	2	nq	log/agenticIterRag/260715-005906-987696-pipeline-agentic_iter_rag_v1_spad_qwen3_1_7b_newdata_5100_gold_token_f1_v3_postnorm03_stage1/outputs/stages/train_agent/spad_rag/search_policy_rl/rollout_data/43.jsonl	323	who played leif forest on man with a plan?	"[""Geoff Stults""]"		0.0	0.0	4	2	true	true	insufficient_evidence	证据不足无法作答	I	insufficient_evidence		Retrieved documents concern unrelated people named Leif and contain no Man with a Plan casting evidence.	Codex	2026-07-15T17:22:21+08:00	72e254e237695933f4599c33a51452ace2ab9a474a001cca3231b94171b2d82b	67a1aa273d75e536dee0c2ad797a9595e7ef91b1feb9accca821ede7c893dd23
newdata512-0274	new5100-s43-e4958960-6141-4246-999d-afd35af3e574-r3	43	L3_steps_41_60	e4958960-6141-4246-999d-afd35af3e574	3	hotpotqa	log/agenticIterRag/260715-005906-987696-pipeline-agentic_iter_rag_v1_spad_qwen3_1_7b_newdata_5100_gold_token_f1_v3_postnorm03_stage1/outputs/stages/train_agent/spad_rag/search_policy_rl/rollout_data/43.jsonl	149	Mike Perry is known for the single that was released as a download in Sweden on what date?	"[""15 April 2016""]"	15 April 2016	1.0	1.0	1	0	false	false			S	supported_answer	15 April 2016	The Ocean passage directly gives its Swedish digital release date as 15 April 2016.	Codex	2026-07-15T17:22:21+08:00	a95080ce928a7e29cdb3da683ed55c51fafb44e6af72a89f965e2b037315ee68	680c5f7e527ece51aef34ac5dd8a5fd1d4667bc9ee224501ad5a0429ddae2a60
newdata512-0275	new5100-s44-12bef563-a345-40ad-b976-88a47f91cac6-r7	44	L3_steps_41_60	12bef563-a345-40ad-b976-88a47f91cac6	7	2wikimultihopqa	log/agenticIterRag/260715-005906-987696-pipeline-agentic_iter_rag_v1_spad_qwen3_1_7b_newdata_5100_gold_token_f1_v3_postnorm03_stage1/outputs/stages/train_agent/spad_rag/search_policy_rl/rollout_data/44.jsonl	465	Where was the director of film Unnaipol Oruvan (1965 Film) born?	"[""Cuddalore""]"		0.0	0.0	1	0	false	false			I	insufficient_evidence		Evidence identifies Jayakanthan as the director but provides no birthplace for him; the other biographical entries are unrelated.	Codex	2026-07-15T17:22:21+08:00	8bde02a3d08a224396c56ea616f74b33782010241a61975ecf6cc0a76b4f34ad	9ba307057c44129ebd5f27eaed9e882f2c26340302fbea17c8a610c976106a76
newdata512-0276	new5100-s44-25b1b9d6-93dc-492f-99e3-46d754f647a0-r5	44	L3_steps_41_60	25b1b9d6-93dc-492f-99e3-46d754f647a0	5	nq	log/agenticIterRag/260715-005906-987696-pipeline-agentic_iter_rag_v1_spad_qwen3_1_7b_newdata_5100_gold_token_f1_v3_postnorm03_stage1/outputs/stages/train_agent/spad_rag/search_policy_rl/rollout_data/44.jsonl	265	when was the best animated feature film oscar introduced?	"[""2002""]"	2002	1.0	1.0	1	0	false	false			S	supported_answer	2002	The award passage states Best Animated Feature was first presented at the 74th Academy Awards on March 24, 2002.	Codex	2026-07-15T17:22:21+08:00	e1d06581f476f0e8c814c72798b425639f740b3b949b652f6908a3db6ff69d1a	5b897e6a90b890f5321e8acfce86d0ff6b484b80001833c419329cda81087216
newdata512-0277	new5100-s44-416d96c4-cd8f-48c9-a924-eab5eaea7349-r2	44	L3_steps_41_60	416d96c4-cd8f-48c9-a924-eab5eaea7349	2	hotpotqa	log/agenticIterRag/260715-005906-987696-pipeline-agentic_iter_rag_v1_spad_qwen3_1_7b_newdata_5100_gold_token_f1_v3_postnorm03_stage1/outputs/stages/train_agent/spad_rag/search_policy_rl/rollout_data/44.jsonl	270	"Which voice artist from The Nightmare Before Christmas voiced ""Oogie Boogie""?"	"[""Ken Page""]"	Ken Page	1.0	1.0	1	0	false	false			S	supported_answer	Ken Page	The Ken Page and Nightmare Before Christmas passages identify him as Oogie Boogie's voice artist.	Codex	2026-07-15T17:22:21+08:00	0840412b138c4a9e2123d8291b62d1b897d911ed04c1148d701d317b14b334e1	2a9abb9ef79b3d0c54a1fa8f208e24339a29f06167ca3910ac2dddeba14b5177
newdata512-0278	new5100-s44-5cef2704-b265-4992-b74d-144742031e7c-r0	44	L3_steps_41_60	5cef2704-b265-4992-b74d-144742031e7c	0	nq	log/agenticIterRag/260715-005906-987696-pipeline-agentic_iter_rag_v1_spad_qwen3_1_7b_newdata_5100_gold_token_f1_v3_postnorm03_stage1/outputs/stages/train_agent/spad_rag/search_policy_rl/rollout_data/44.jsonl	62	when did my anaconda don't come out?	"[""May 7, 1992""]"		0.0	0.0	4	0	true	true	supported_answer	April to May	I	insufficient_evidence		The query is a song lyric, but all retrieved evidence concerns green-anaconda mating season and does not provide the song's release date.	Codex	2026-07-15T17:22:21+08:00	d74a73670bd08f9081ed0d2eb629254857dceb4f7899c420bb47cc774f68e576	3f75d861d80ffc663e863d3b35f5dc8348f130f534c347df611332dd6f741d33
newdata512-0279	new5100-s44-7caf5b69-bd33-4566-b8da-78d360a36b12-r3	44	L3_steps_41_60	7caf5b69-bd33-4566-b8da-78d360a36b12	3	2wikimultihopqa	log/agenticIterRag/260715-005906-987696-pipeline-agentic_iter_rag_v1_spad_qwen3_1_7b_newdata_5100_gold_token_f1_v3_postnorm03_stage1/outputs/stages/train_agent/spad_rag/search_policy_rl/rollout_data/44.jsonl	297	Which film came out first, Naadody or The Frozen Child?	"[""The Frozen Child""]"		0.0	0.0	1	0	true	true	insufficient_evidence	证据不足无法作答	I	insufficient_evidence		Evidence retrieves Frozen franchise material but neither target film nor their release dates.	Codex	2026-07-15T17:22:21+08:00	b559061e30f02b10b12f88e28d3972b9ad7dc2dffb10cddcb2b193380528c04b	81ca322d77ace863e269eb81d7768634b5bd59bfe2ede6ffe6fad9ca413af578
newdata512-0280	new5100-s44-a463a539-21b2-4dbd-b9fa-b7e120824062-r0	44	L3_steps_41_60	a463a539-21b2-4dbd-b9fa-b7e120824062	0	hotpotqa	log/agenticIterRag/260715-005906-987696-pipeline-agentic_iter_rag_v1_spad_qwen3_1_7b_newdata_5100_gold_token_f1_v3_postnorm03_stage1/outputs/stages/train_agent/spad_rag/search_policy_rl/rollout_data/44.jsonl	39	Prior to founding FactoryMade in 2011, entrepreneur John Fogleman was a principal architect of a merger of companies now run by who?	"[""Co-CEOs Ari Emanuel and Patrick Whitesell""]"		0.0	0.0	1	0	true	true	supported_answer	William Morris Endeavor	I	insufficient_evidence		Evidence identifies the William Morris-Endeavor merger but does not name the people currently running the merged company.	Codex	2026-07-15T17:22:21+08:00	df5eddf22e1965935471bd7bba336f509051016082d4fe4054daf0059ff0baa5	e73c9c8e492a81fac1397ea2a1dc49b8e767298670b85d8454199084a933ac3d
newdata512-0281	new5100-s44-c61d1e2b-a9ad-4f6c-a073-e0828f2af6e5-r4	44	L3_steps_41_60	c61d1e2b-a9ad-4f6c-a073-e0828f2af6e5	4	hotpotqa	log/agenticIterRag/260715-005906-987696-pipeline-agentic_iter_rag_v1_spad_qwen3_1_7b_newdata_5100_gold_token_f1_v3_postnorm03_stage1/outputs/stages/train_agent/spad_rag/search_policy_rl/rollout_data/44.jsonl	212	What is the capital of the country that is 34km long and Chloris cubensis grows native?	"[""Bridgetown""]"		0.0	0.0	1	0	true	true	insufficient_evidence	证据不足无法作答	I	insufficient_evidence		Evidence does not identify Chloris cubensis, its native country, or the referenced 34-kilometer country.	Codex	2026-07-15T17:22:21+08:00	2dc8f31912075424daf0cb260b92eb5df0f2bf5f39e5c2770cefa3a3cffb4e6a	54c3fbf8c9bf31813e588e3a6dc2796484d7ffc4685f00d741aa2b0b4543d794
newdata512-0282	new5100-s44-cfd9e5ee-f736-4284-8973-d437e18c3626-r0	44	L3_steps_41_60	cfd9e5ee-f736-4284-8973-d437e18c3626	0	nq	log/agenticIterRag/260715-005906-987696-pipeline-agentic_iter_rag_v1_spad_qwen3_1_7b_newdata_5100_gold_token_f1_v3_postnorm03_stage1/outputs/stages/train_agent/spad_rag/search_policy_rl/rollout_data/44.jsonl	217	when do new episodes of the price is right start?	"[""September 18, 2017""]"		0.0	0.0	1	0	true	true	insufficient_evidence	证据不足无法作答	I	insufficient_evidence		Evidence gives one past season premiere but the question does not specify a season/year, and no current or next episode start is established.	Codex	2026-07-15T17:22:21+08:00	55892c9e8d58c7945d02578e5715f76e7c5214cf1aa3149ce3206c76bb61c96c	e8fe91766e4f7fa4c71380a9f904cdd9cae4ff7851b738a0f057fc3aff02a986
newdata512-0283	new5100-s45-4aa01a35-7cd9-4434-8b72-106919b2c2fc-r1	45	L3_steps_41_60	4aa01a35-7cd9-4434-8b72-106919b2c2fc	1	nq	log/agenticIterRag/260715-005906-987696-pipeline-agentic_iter_rag_v1_spad_qwen3_1_7b_newdata_5100_gold_token_f1_v3_postnorm03_stage1/outputs/stages/train_agent/spad_rag/search_policy_rl/rollout_data/45.jsonl	62	postal code for ho chi minh city district 10?	"[""70xxxx – 76xxxx""]"	70000	0.0	0.0	3	2	true	true	insufficient_evidence	证据不足无法作答	I	insufficient_evidence		Retrieved district pages omit District 10's postal code.	Codex	2026-07-15T17:22:21+08:00	571c2b6f1ef5430f7c9c962f6548313338a8a817366d234278cbad9c00b9555f	310a258734eff2e07d0556e18cfd6b1182b4f65c79a88c742a1def1c59f6cc0d
newdata512-0284	new5100-s45-9608a3b2-a757-439c-ae50-0db1ffdd6b44-r0	45	L3_steps_41_60	9608a3b2-a757-439c-ae50-0db1ffdd6b44	0	nq	log/agenticIterRag/260715-005906-987696-pipeline-agentic_iter_rag_v1_spad_qwen3_1_7b_newdata_5100_gold_token_f1_v3_postnorm03_stage1/outputs/stages/train_agent/spad_rag/search_policy_rl/rollout_data/45.jsonl	61	what is the name of nigeria goal keeper?	"[""Francis Odinaka Uzoho""]"	Vincent Enyeama	0.0	0.0	2	0	true	true	supported_answer	Ikechukwu Ezenwa	A	ambiguous_evidence		Evidence names several Nigerian goalkeepers, including Vincent Enyeama, Ikechukwu Ezenwa, and Daniel Akpeyi; the question supplies no team date or squad context.	Codex	2026-07-15T17:22:21+08:00	b3b1972e8050c9e5fd6afe3d4f8660c204f5841f7965a946d83d76c0e55e7b71	2725ef1cdc9b1585f1a9416ae97f52a5d704e5527e07607e281d67a2f23779f5
newdata512-0285	new5100-s45-963ed336-cd1f-4998-9568-5df44127bcbb-r7	45	L3_steps_41_60	963ed336-cd1f-4998-9568-5df44127bcbb	7	2wikimultihopqa	log/agenticIterRag/260715-005906-987696-pipeline-agentic_iter_rag_v1_spad_qwen3_1_7b_newdata_5100_gold_token_f1_v3_postnorm03_stage1/outputs/stages/train_agent/spad_rag/search_policy_rl/rollout_data/45.jsonl	460	What nationality is the performer of song All I Am (Lynsey De Paul And Susan Sheridan Song)?	"[""British""]"	British	1.0	1.0	2	0	false	false			I	insufficient_evidence		Evidence shows the song has multiple performers and covers but the question does not specify a recording, and it does not provide a unique performer's nationality.	Codex	2026-07-15T17:22:21+08:00	9e2d761dbff35b4ef19648adb208a70999b32b1958870841a3c2a6899708482f	e6ab44f7dd1ebebcc8936dec2b40a1595694ecabe8f31158f61b84fe220f27e1
newdata512-0286	new5100-s45-ca56b791-0e35-44fd-ae82-60282e3515d3-r0	45	L3_steps_41_60	ca56b791-0e35-44fd-ae82-60282e3515d3	0	nq	log/agenticIterRag/260715-005906-987696-pipeline-agentic_iter_rag_v1_spad_qwen3_1_7b_newdata_5100_gold_token_f1_v3_postnorm03_stage1/outputs/stages/train_agent/spad_rag/search_policy_rl/rollout_data/45.jsonl	113	why there is water crisis in cape town?	"[""drought""]"	The water crisis in Cape Town was caused by an extreme drought, which exceeded the planning norms of the Department of Water and Sanitation, along with population growth and increased agricultural usage.	0.0	0.0689655172413793	1	0	true	true	supported_answer	extreme drought, population growth, and agricultural usage	S	supported_answer	Extreme drought, exacerbated by population growth and agricultural use.	The Cape Town water-crisis passage explicitly identifies these causes.	Codex	2026-07-15T17:22:21+08:00	9712ac2e3ad428031adb674de074dabccaf2a7751ffeebcf91f2bd717dc08617	389a9b18bfeb057aaa822375ac815242ef74489008240e4f9c2393c3466213b5
newdata512-0287	new5100-s45-d3a5afa4-e84f-49fe-8d51-115bc5dc452b-r2	45	L3_steps_41_60	d3a5afa4-e84f-49fe-8d51-115bc5dc452b	2	2wikimultihopqa	log/agenticIterRag/260715-005906-987696-pipeline-agentic_iter_rag_v1_spad_qwen3_1_7b_newdata_5100_gold_token_f1_v3_postnorm03_stage1/outputs/stages/train_agent/spad_rag/search_policy_rl/rollout_data/45.jsonl	71	What is the place of birth of the director of film The House Of The Millions?	"[""Bilbao""]"	Chicago, Illinois	0.0	0.0	2	1	true	true	insufficient_evidence	证据不足无法作答	I	insufficient_evidence		Retrieved documents are about differently titled works and never identify The House of the Millions or its director's birthplace.	Codex	2026-07-15T17:22:21+08:00	979d88a7f5af050d88c12385067f661cf5ae334d6fb3aad55831a90ef3e8c8ce	f2814b7ec584fa11e25f0236089679c9faf770c1f27934219841285006baf510
newdata512-0288	new5100-s45-dc168b49-13ec-449b-b477-5351dc735aac-r6	45	L3_steps_41_60	dc168b49-13ec-449b-b477-5351dc735aac	6	nq	log/agenticIterRag/260715-005906-987696-pipeline-agentic_iter_rag_v1_spad_qwen3_1_7b_newdata_5100_gold_token_f1_v3_postnorm03_stage1/outputs/stages/train_agent/spad_rag/search_policy_rl/rollout_data/45.jsonl	370	where does the light reaction in photosynthesis take place?	"[""on the thylakoid membranes""]"	thylakoid membranes	0.0	0.8	1	0	true	true	supported_answer	thylakoid membranes	S	supported_answer	on the thylakoid membranes	The light-dependent-reactions passage directly states where they occur.	Codex	2026-07-15T17:22:21+08:00	d3063333fe98f4a1ed547da92673a4b1ae20d930f4b447e15073258ad7e9f86b	fdc32008bbb964fc905026cd9907c241621db1172dc360f5eb67b773f92a9064
newdata512-0289	new5100-s46-1185a903-94c4-4457-b371-6e8762fecfc1-r2	46	L3_steps_41_60	1185a903-94c4-4457-b371-6e8762fecfc1	2	hotpotqa	log/agenticIterRag/260715-005906-987696-pipeline-agentic_iter_rag_v1_spad_qwen3_1_7b_newdata_5100_gold_token_f1_v3_postnorm03_stage1/outputs/stages/train_agent/spad_rag/search_policy_rl/rollout_data/46.jsonl	203	In addition to the Honorary President of the Institute for Jewish Policy Research, who else backs Viagogo?	"[""Brent Hoberman""]"	Brent Hoberman	1.0	1.0	2	1	false	false			S	supported_answer	Brent Hoberman	The Viagogo passage names Brent Hoberman as another individual backer alongside Lord Jacob Rothschild.	Codex	2026-07-15T17:24:28+08:00	c0dd9647b43340168db5cde7a73e477baf5bb6dc224b31ac6fdbafd3688ed9a1	b79d37a841c758479e95a1fe6d289024de6f3c686a1606c3223f3505941409c2
newdata512-0290	new5100-s46-3b426502-a947-4e12-8b37-edd826f4693c-r1	46	L3_steps_41_60	3b426502-a947-4e12-8b37-edd826f4693c	1	nq	log/agenticIterRag/260715-005906-987696-pipeline-agentic_iter_rag_v1_spad_qwen3_1_7b_newdata_5100_gold_token_f1_v3_postnorm03_stage1/outputs/stages/train_agent/spad_rag/search_policy_rl/rollout_data/46.jsonl	67	who's the actress that plays in the new wonder woman?	"[""Gal Gadot""]"	Gal Gadot	1.0	1.0	3	1	false	false			S	supported_answer	Gal Gadot	The 2017 Wonder Woman passage directly names Gal Gadot in the title role.	Codex	2026-07-15T17:24:28+08:00	587400b5d6f2827c2a4f446ffd9b0dee21c35e04e5b7ab0fee4a4526fb08a872	d7f02757307ae954390233788fbf6ad0d596bdea39b08cb7bb5ee18bc627e262
newdata512-0291	new5100-s46-3b5523ea-1a37-430d-afd0-15667bc3f8fe-r0	46	L3_steps_41_60	3b5523ea-1a37-430d-afd0-15667bc3f8fe	0	hotpotqa	log/agenticIterRag/260715-005906-987696-pipeline-agentic_iter_rag_v1_spad_qwen3_1_7b_newdata_5100_gold_token_f1_v3_postnorm03_stage1/outputs/stages/train_agent/spad_rag/search_policy_rl/rollout_data/46.jsonl	15	Are Peter Curtis and Virginia Ruano Pascual the same nationality?	"[""no""]"	No	1.0	1.0	1	0	false	false			S	supported_answer	No	Evidence identifies Peter Curtis as Australian and Virginia Ruano Pascual as Spanish.	Codex	2026-07-15T17:24:28+08:00	01082f3e3d0d7446c492def049330e5309cf0822471fbe96e56c98868536d7af	af7d1dad89d73b55e942e06ec216d3432dc3e0c624b65951e67cc7a41e2faec5
newdata512-0292	new5100-s46-3f453768-8cf0-4211-9d61-0d64b4e78e15-r4	46	L3_steps_41_60	3f453768-8cf0-4211-9d61-0d64b4e78e15	4	musique	log/agenticIterRag/260715-005906-987696-pipeline-agentic_iter_rag_v1_spad_qwen3_1_7b_newdata_5100_gold_token_f1_v3_postnorm03_stage1/outputs/stages/train_agent/spad_rag/search_policy_rl/rollout_data/46.jsonl	423	What is the square mileage of the continent that houses Mount Morton?	"[""5,400,000""]"		0.0	0.0	1	0	true	true	insufficient_evidence	证据不足无法作答	I	insufficient_evidence		Evidence points generally to Antarctica but does not establish Mount Morton or provide the continent's square mileage.	Codex	2026-07-15T17:24:28+08:00	f8296b33d137d13fb411b1364888de742bfd620a43f8984f8af7b21154dbaae8	62eaa519d8ebd46a1fbda6cb1c9b1b7bcf01b45248f418af90d2c1293aa2d3fc
newdata512-0293	new5100-s46-4267d65c-1d7e-4843-aace-636824685acc-r7	46	L3_steps_41_60	4267d65c-1d7e-4843-aace-636824685acc	7	musique	log/agenticIterRag/260715-005906-987696-pipeline-agentic_iter_rag_v1_spad_qwen3_1_7b_newdata_5100_gold_token_f1_v3_postnorm03_stage1/outputs/stages/train_agent/spad_rag/search_policy_rl/rollout_data/46.jsonl	487	When did the performer of Circus release her first album?	"[""1999""]"	2014	0.0	0.0	1	0	true	true	insufficient_evidence	证据不足无法作答	I	insufficient_evidence		Retrieved documents concern unrelated albums and do not identify the performer of Circus or that performer's debut album date.	Codex	2026-07-15T17:24:28+08:00	e5bc4f045051f6e59516404793927211118b2b92b5774eec09dfa6e2eb049948	97ec389553497b1461678bae9d4fcbd33650e2ac98fa6c63da896bc010a51e15
newdata512-0294	new5100-s46-6337778e-1386-43d0-af6c-4b4ec5bf60a0-r0	46	L3_steps_41_60	6337778e-1386-43d0-af6c-4b4ec5bf60a0	0	musique	log/agenticIterRag/260715-005906-987696-pipeline-agentic_iter_rag_v1_spad_qwen3_1_7b_newdata_5100_gold_token_f1_v3_postnorm03_stage1/outputs/stages/train_agent/spad_rag/search_policy_rl/rollout_data/46.jsonl	40	What mountain range is Güpfi part of?	"[""Western Alps""]"	Himalayas	0.0	0.0	1	0	true	true	insufficient_evidence	证据不足无法作答	I	insufficient_evidence		Evidence retrieves similarly named Himalayan places but contains no Gupfi mountain or range.	Codex	2026-07-15T17:24:28+08:00	8149067c09d2a0a30385eb09f44a2e0e4074d9ee26c8c9f070ddc630789964b7	c5dbd23a4daf23773b3bc5dc246bbc1a97659f0691661a3135d81778ec4058f7
newdata512-0295	new5100-s46-946e9549-104d-4beb-87c8-56541343900b-r5	46	L3_steps_41_60	946e9549-104d-4beb-87c8-56541343900b	5	nq	log/agenticIterRag/260715-005906-987696-pipeline-agentic_iter_rag_v1_spad_qwen3_1_7b_newdata_5100_gold_token_f1_v3_postnorm03_stage1/outputs/stages/train_agent/spad_rag/search_policy_rl/rollout_data/46.jsonl	364	who were the shudras was dedicated to whom?	"[""Jyotirao Phule""]"	Jyotirao Phule	1.0	1.0	1	0	false	false			S	supported_answer	Jyotirao Phule	The Who Were the Shudras passage explicitly states Ambedkar dedicated the book to Jyotirao Phule.	Codex	2026-07-15T17:24:28+08:00	65db39ab66ab299760258762a7dc898ccb7b79392807b883e3e384cee60365c6	03e237a1f45da28adf9794c45c75095c9903815e2b13be80fe0f2d02194c0053
newdata512-0296	new5100-s46-ab910c0b-9efc-4f0a-9088-b6166f9e1ad1-r5	46	L3_steps_41_60	ab910c0b-9efc-4f0a-9088-b6166f9e1ad1	5	musique	log/agenticIterRag/260715-005906-987696-pipeline-agentic_iter_rag_v1_spad_qwen3_1_7b_newdata_5100_gold_token_f1_v3_postnorm03_stage1/outputs/stages/train_agent/spad_rag/search_policy_rl/rollout_data/46.jsonl	330	Who was the spouse of the author of David Copperfield?	"[""Catherine Dickens""]"	Catherine Dickens	1.0	1.0	2	0	false	false			S	supported_answer	Catherine Dickens	Evidence identifies Charles Dickens as the author and Catherine Dickens as his wife.	Codex	2026-07-15T17:24:28+08:00	5565ac1959dbe1a70d51d32331841893ec1d96bcffe7d79ffbc3b55f074c824f	bb06f0c9b9f97cd59dc9177896ad62c021ccbaaa3154781564ade1f8cd3b23c8
newdata512-0297	new5100-s47-026d8fca-b961-4630-b4d3-fbe8658bfcdb-r4	47	L3_steps_41_60	026d8fca-b961-4630-b4d3-fbe8658bfcdb	4	hotpotqa	log/agenticIterRag/260715-005906-987696-pipeline-agentic_iter_rag_v1_spad_qwen3_1_7b_newdata_5100_gold_token_f1_v3_postnorm03_stage1/outputs/stages/train_agent/spad_rag/search_policy_rl/rollout_data/47.jsonl	171	What position did the player who's last game was the 2012 wild card game play?	"[""third baseman""]"	first base	0.0	0.0	1	0	true	true	insufficient_evidence	证据不足无法作答	I	insufficient_evidence		Evidence identifies Chipper Jones's final game but never states his playing position; reaching first base in one at-bat is not a position.	Codex	2026-07-15T17:24:28+08:00	9ae1e38efc3181c04f0c31123b2abadbd4da7337622e448fa1aca86063d99200	27783ce85d2dbaee4344874886f164f2160fbbd1252fcda10d76f338eedef7aa
newdata512-0298	new5100-s47-1b7d3563-194c-4c8a-a909-1e9f57099862-r5	47	L3_steps_41_60	1b7d3563-194c-4c8a-a909-1e9f57099862	5	musique	log/agenticIterRag/260715-005906-987696-pipeline-agentic_iter_rag_v1_spad_qwen3_1_7b_newdata_5100_gold_token_f1_v3_postnorm03_stage1/outputs/stages/train_agent/spad_rag/search_policy_rl/rollout_data/47.jsonl	339	Who was the explorer that accurately mapped the coasts of the continent containing the Gelderland region and the area of Northwest Africa which WINEP bundles together under one category?	"[""Piri Reis""]"		0.0	0.0	1	0	true	true	ambiguous_evidence	证据不足无法作答	I	insufficient_evidence		Evidence names separate explorers for Australian and northwest African coasts but no single explorer satisfying the question's compound geography.	Codex	2026-07-15T17:24:28+08:00	da25618d4a9773834f0cc9c699b48b55dc90292022587e84dda0335650fa927f	232c49425dc62ca935d6918279f588abb2c23915d6cb68d813a36ff64776ecd8
newdata512-0299	new5100-s47-35ba7102-6aa2-4f52-a560-2522011aeb37-r0	47	L3_steps_41_60	35ba7102-6aa2-4f52-a560-2522011aeb37	0	nq	log/agenticIterRag/260715-005906-987696-pipeline-agentic_iter_rag_v1_spad_qwen3_1_7b_newdata_5100_gold_token_f1_v3_postnorm03_stage1/outputs/stages/train_agent/spad_rag/search_policy_rl/rollout_data/47.jsonl	1	who presides over the sessions of lok sabha?	"[""Speaker""]"	Speaker of the Lok Sabha	0.0	0.4	1	0	true	true	supported_answer	Speaker of the Lok Sabha	S	supported_answer	Speaker of the Lok Sabha	The Speaker passage directly identifies that office as presiding over Lok Sabha sessions.	Codex	2026-07-15T17:24:28+08:00	d5870ee6f817c17400256f63a937b09bfe5bbab83faa2ccab16a07ee8c5caaf1	6d2407f29d146a13b6ec618d71df0eefc986159173c1c4682e698d92f9eef44d
newdata512-0300	new5100-s47-37e6e0c1-ea90-4740-b344-3564dbe40b73-r5	47	L3_steps_41_60	37e6e0c1-ea90-4740-b344-3564dbe40b73	5	hotpotqa	log/agenticIterRag/260715-005906-987696-pipeline-agentic_iter_rag_v1_spad_qwen3_1_7b_newdata_5100_gold_token_f1_v3_postnorm03_stage1/outputs/stages/train_agent/spad_rag/search_policy_rl/rollout_data/47.jsonl	269	The revolution, in which Thomas Osborne, 1st Duke of Leads was a monarch during, is also referred to as what?	"[""Revolution of 1688""]"	Glorious Revolution	0.0	0.4	1	0	true	true	supported_answer	Glorious Revolution	S	supported_answer	the Glorious Revolution	The Thomas Osborne passage explicitly places him in the events of the Glorious Revolution.	Codex	2026-07-15T17:24:28+08:00	4d8eca466557202a3aa48e6f826e9636f4ffff48d7f4678d9be0404f45e37cad	a1a52003c5fa0ae0b27509e064998221866bf40b187a7051c9facd3905d15b96
newdata512-0301	new5100-s47-3ae9d821-817e-4ec9-a29b-14bfabe0f029-r2	47	L3_steps_41_60	3ae9d821-817e-4ec9-a29b-14bfabe0f029	2	hotpotqa	log/agenticIterRag/260715-005906-987696-pipeline-agentic_iter_rag_v1_spad_qwen3_1_7b_newdata_5100_gold_token_f1_v3_postnorm03_stage1/outputs/stages/train_agent/spad_rag/search_policy_rl/rollout_data/47.jsonl	148	During the Ram Barat, what is the custom for the bridegroom to travel on to the wedding venue?	"[""it is customary for the bridegroom to travel to the wedding venue (often the bride's house) on a mare""]"	on a mare	0.0	0.23529411764705882	1	0	true	true	supported_answer	a mare	S	supported_answer	on a mare	The Baraat passage directly states that the bridegroom customarily travels to the venue on a mare.	Codex	2026-07-15T17:24:28+08:00	a9970ec65b8085d1c7bab7a17e310fb1dc602246dba7c17423c25d386e937cbc	ce60c55c67474849e5e95760aeb2a0c407b5610c499850ebd0d5772d96f20a03
newdata512-0302	new5100-s47-4de220a9-9c11-4886-a83b-1bdc6aa5d4d8-r7	47	L3_steps_41_60	4de220a9-9c11-4886-a83b-1bdc6aa5d4d8	7	2wikimultihopqa	log/agenticIterRag/260715-005906-987696-pipeline-agentic_iter_rag_v1_spad_qwen3_1_7b_newdata_5100_gold_token_f1_v3_postnorm03_stage1/outputs/stages/train_agent/spad_rag/search_policy_rl/rollout_data/47.jsonl	480	What is the date of death of Ida Mary Costello's husband?	"[""5 January 1976""]"	20 April 1956	0.0	0.0	1	0	true	true	insufficient_evidence	证据不足无法作答	I	insufficient_evidence		Evidence identifies John A. Costello as Ida's husband but provides no death date for him; the 1956 date is Ida's own death.	Codex	2026-07-15T17:24:28+08:00	00143ee18542ae25f39be6b7c188f87a0fd93580e99c79acfea863db89a419b2	2974a8831ff3fa2f75b60127ddbc3b45afea170092063fe77ef1d8bd00aefd08
newdata512-0303	new5100-s47-9720e80b-e5a6-4ef9-9569-036ff686cfd2-r5	47	L3_steps_41_60	9720e80b-e5a6-4ef9-9569-036ff686cfd2	5	nq	log/agenticIterRag/260715-005906-987696-pipeline-agentic_iter_rag_v1_spad_qwen3_1_7b_newdata_5100_gold_token_f1_v3_postnorm03_stage1/outputs/stages/train_agent/spad_rag/search_policy_rl/rollout_data/47.jsonl	376	who was the father of mary in the bible?	"[""Joachim""]"	Joachim	1.0	1.0	1	0	false	false			S	supported_answer	Joachim	The Joachim passage identifies him as the father of Mary, mother of Jesus.	Codex	2026-07-15T17:24:28+08:00	b041c6ac6e7f44f7b7427236d6c131422a2d9d1f9b0bec2976999bf549658580	53c557540154bfdc2ab786148f00b289eff24361983ff278d806e7344f26456a
newdata512-0304	new5100-s47-b84cb035-6932-459e-9c94-d19d4726e0b6-r7	47	L3_steps_41_60	b84cb035-6932-459e-9c94-d19d4726e0b6	7	hotpotqa	log/agenticIterRag/260715-005906-987696-pipeline-agentic_iter_rag_v1_spad_qwen3_1_7b_newdata_5100_gold_token_f1_v3_postnorm03_stage1/outputs/stages/train_agent/spad_rag/search_policy_rl/rollout_data/47.jsonl	462	Who conducted an opera by Nikolai Rimsky-Korsakov with Yevgeny Akulov in 1962?	"[""Aleksei Kovalev""]"		0.0	0.0	1	0	true	true	insufficient_evidence	证据不足无法作答	I	insufficient_evidence		Evidence lists unrelated conductors and never links Yevgeny Akulov, a Rimsky-Korsakov opera, and a 1962 conductor.	Codex	2026-07-15T17:24:28+08:00	0baa324c8f838e1ec482ebd7f3adcaa05b5e57d607555a164bbe29314cb31510	94abdc6a34d37de273519fc4c39a4a3ab8194a216486a81e13fa01223204e995
newdata512-0305	new5100-s47-f890282c-4589-4b9d-8196-db243e423dfe-r7	47	L3_steps_41_60	f890282c-4589-4b9d-8196-db243e423dfe	7	hotpotqa	log/agenticIterRag/260715-005906-987696-pipeline-agentic_iter_rag_v1_spad_qwen3_1_7b_newdata_5100_gold_token_f1_v3_postnorm03_stage1/outputs/stages/train_agent/spad_rag/search_policy_rl/rollout_data/47.jsonl	428	In which Canadian city was the superhero television series starring Anatoly Knyazev primarily filmed?	"[""Vancouver""]"		0.0	0.0	1	0	false	false			I	insufficient_evidence		Several retrieved series were filmed in Canadian cities, but evidence never identifies the series starring Anatoly Knyazev or links it to Vancouver.	Codex	2026-07-15T17:24:28+08:00	fea9b64597042abf3bbb8b0d13eea39ca22e9d4c16daefc015a5d4b2958087fa	689ea2bf2694f178052442a81ed69e0d466e7dd22a7b8235f1075b77570ef6e7
newdata512-0306	new5100-s48-02010aad-f3cc-47f5-8593-2e4d364a04b3-r6	48	L3_steps_41_60	02010aad-f3cc-47f5-8593-2e4d364a04b3	6	2wikimultihopqa	log/agenticIterRag/260715-005906-987696-pipeline-agentic_iter_rag_v1_spad_qwen3_1_7b_newdata_5100_gold_token_f1_v3_postnorm03_stage1/outputs/stages/train_agent/spad_rag/search_policy_rl/rollout_data/48.jsonl	428	Which film whose director was born first, Mad Dog Time or Seclusion Near A Forest?	"[""Seclusion Near A Forest""]"		0.0	0.0	1	0	false	false			I	insufficient_evidence		Evidence identifies Mad Dog Time's director but not Seclusion Near a Forest's director or both birth dates.	Codex	2026-07-15T17:24:28+08:00	3f49a11deaacd5fd1ae0ee88e514c74ac6a2f879739827408f338023816fe052	3b3d707a50d54c665154966001762a1a876cdd61d2339134154f25f6ed9e11c9
newdata512-0307	new5100-s48-5ea9e17e-f17c-4aec-9d80-a3de98fba0f8-r6	48	L3_steps_41_60	5ea9e17e-f17c-4aec-9d80-a3de98fba0f8	6	nq	log/agenticIterRag/260715-005906-987696-pipeline-agentic_iter_rag_v1_spad_qwen3_1_7b_newdata_5100_gold_token_f1_v3_postnorm03_stage1/outputs/stages/train_agent/spad_rag/search_policy_rl/rollout_data/48.jsonl	386	a person's evaluation about his or her own worthiness is called?	"[""Self-esteem""]"	self-esteem	1.0	1.0	1	0	false	false			S	supported_answer	self-esteem	The self-esteem passage directly defines it as a person's subjective evaluation of their own worth.	Codex	2026-07-15T17:24:28+08:00	503edb896a40da9f8b5cdd0ea77c5b1c94487d94fb0c7df8004475da2f7a3aee	7755ce231cba1ab0a9da4b9cc1d31dc9ecba1c1b9f67fa8dae38441a07305212
newdata512-0308	new5100-s48-65577310-7074-454c-8a4b-de611f903523-r0	48	L3_steps_41_60	65577310-7074-454c-8a4b-de611f903523	0	nq	log/agenticIterRag/260715-005906-987696-pipeline-agentic_iter_rag_v1_spad_qwen3_1_7b_newdata_5100_gold_token_f1_v3_postnorm03_stage1/outputs/stages/train_agent/spad_rag/search_policy_rl/rollout_data/48.jsonl	12	what scientists is credited with proposing the principle of uniformitarianism?	"[""James Hutton""]"	William Whewell and James Hutton	0.0	0.5714285714285715	1	0	true	true	supported_answer	James Hutton	S	supported_answer	James Hutton	Evidence credits Hutton with proposing the uniformitarian principle, while Whewell coined the later term.	Codex	2026-07-15T17:24:28+08:00	266e234a3c5c936ecc6cdba65ef09135d46094ca071975ebeebecfcd1af1acf9	d16b230b9f4857cf4d06abaefe11ed4cadf01dfb9128ea328a12672d42743882
newdata512-0309	new5100-s48-9c3bebdc-3100-41dc-9200-f75074a9cf08-r3	48	L3_steps_41_60	9c3bebdc-3100-41dc-9200-f75074a9cf08	3	nq	log/agenticIterRag/260715-005906-987696-pipeline-agentic_iter_rag_v1_spad_qwen3_1_7b_newdata_5100_gold_token_f1_v3_postnorm03_stage1/outputs/stages/train_agent/spad_rag/search_policy_rl/rollout_data/48.jsonl	289	who's the best selling female recording artist of all time?	"[""Madonna""]"	Madonna	1.0	1.0	1	0	false	false			S	supported_answer	Madonna	The Madonna passage explicitly identifies her as the best-selling female recording artist.	Codex	2026-07-15T17:24:28+08:00	55e8b6916225c478f636c7d6a6f3da2de3cda9456f9666e7c2992e247bdf3161	f6bec2cea82834d5071a863026cc2bb02ce87244bc024e44064a691f43e32945
newdata512-0310	new5100-s48-ab208cc1-1f3c-418f-9003-7f673aabbfdc-r0	48	L3_steps_41_60	ab208cc1-1f3c-418f-9003-7f673aabbfdc	0	nq	log/agenticIterRag/260715-005906-987696-pipeline-agentic_iter_rag_v1_spad_qwen3_1_7b_newdata_5100_gold_token_f1_v3_postnorm03_stage1/outputs/stages/train_agent/spad_rag/search_policy_rl/rollout_data/48.jsonl	22	when is the new episode of designated survivor?	"[""November 15, 2017""]"	2019	0.0	0.0	1	0	true	true	insufficient_evidence	证据不足无法作答	I	insufficient_evidence		Evidence only says season three would be released in 2019 and does not provide a date for a new episode.	Codex	2026-07-15T17:24:28+08:00	9171d3ff6610809a87fc8f656dc6ea23b868271043636cdd9a4dcb0070070295	4759a05bead80baea49c41b7652f0e966e38fa5dd9a50c6fecd3f659c7cd29f2
newdata512-0311	new5100-s48-e15820ac-1d49-459c-ba7f-b2109b87d138-r6	48	L3_steps_41_60	e15820ac-1d49-459c-ba7f-b2109b87d138	6	musique	log/agenticIterRag/260715-005906-987696-pipeline-agentic_iter_rag_v1_spad_qwen3_1_7b_newdata_5100_gold_token_f1_v3_postnorm03_stage1/outputs/stages/train_agent/spad_rag/search_policy_rl/rollout_data/48.jsonl	433	What are the biggest terrorist attacks by the group with which Bush said the war on terror begins against the country where Andrea Kremer was born?	"[""the 9/11 attacks""]"		0.0	0.0	1	0	true	true	insufficient_evidence	证据不足无法作答	I	insufficient_evidence		Evidence lacks Andrea Kremer's birthplace, Bush's referenced group, and any supported attack chain.	Codex	2026-07-15T17:24:28+08:00	3ee0227067529841943c0b00e5e43164c38cb448a13062485178c94fe59ef523	a18fe204a933eb80970bc37c6d30dce3f2861ed9a5d77614d84dbe822ac051bd
newdata512-0312	new5100-s49-266831e1-e67b-4edb-a3b8-d3f7d12bb722-r0	49	L3_steps_41_60	266831e1-e67b-4edb-a3b8-d3f7d12bb722	0	hotpotqa	log/agenticIterRag/260715-005906-987696-pipeline-agentic_iter_rag_v1_spad_qwen3_1_7b_newdata_5100_gold_token_f1_v3_postnorm03_stage1/outputs/stages/train_agent/spad_rag/search_policy_rl/rollout_data/49.jsonl	43	Pherenikos is celebrated in epinikions, what are they?	"[""victory odes""]"	athletic victories and victories in war	0.0	0.0	1	0	false	false			S	supported_answer	victory odes	The epinikion passage directly defines the genre in English as a victory ode.	Codex	2026-07-15T17:24:28+08:00	8760532d2dd67ae12cfc42cc3b65bbdd3137d9f2d95dfb5bd5cbab6869123cc0	59c1bf0cb80b08f72abad63ac35626bfa45199f3a4bf5801bc121a95d1fa519e
newdata512-0313	new5100-s49-2876ebad-5cd1-43bd-b74c-f3332a6c1c81-r7	49	L3_steps_41_60	2876ebad-5cd1-43bd-b74c-f3332a6c1c81	7	nq	log/agenticIterRag/260715-005906-987696-pipeline-agentic_iter_rag_v1_spad_qwen3_1_7b_newdata_5100_gold_token_f1_v3_postnorm03_stage1/outputs/stages/train_agent/spad_rag/search_policy_rl/rollout_data/49.jsonl	477	what was the winning time for american pharoah in the belmont stakes?	"[""2:26.65""]"	2:26.65	1.0	1.0	1	0	false	false			S	supported_answer	2:26.65	The American Pharoah passage explicitly gives his winning Belmont time as 2:26.65.	Codex	2026-07-15T17:24:28+08:00	e5059eba805dfe399866d6ae6c1e7f4d96169dc5c510af903c5702f75865b962	7880d2ddd1950817dedb8fec896c945b35ac8828ce3ac9237e11c529c793048d
newdata512-0314	new5100-s49-6994fa75-4e9d-49b3-ae0f-054902089281-r7	49	L3_steps_41_60	6994fa75-4e9d-49b3-ae0f-054902089281	7	nq	log/agenticIterRag/260715-005906-987696-pipeline-agentic_iter_rag_v1_spad_qwen3_1_7b_newdata_5100_gold_token_f1_v3_postnorm03_stage1/outputs/stages/train_agent/spad_rag/search_policy_rl/rollout_data/49.jsonl	508	who plays earl's dad in my name is earl?	"[""Beau Bridges""]"	Beau Bridges	1.0	1.0	1	0	false	false			S	supported_answer	Beau Bridges	The Beau Bridges passage states that he played Carl Hickey, Earl's father, in My Name Is Earl.	Codex	2026-07-15T17:24:28+08:00	16de3a3f8e3e88571b4f0657e98b37d4f5b454e288b6073e76ea45050d183dbd	7d563855687939df588e704c328ae236d57832316863c3b4278b4cb93d69a23a
newdata512-0315	new5100-s49-807b9923-51ac-4b0c-b1bd-2d0874f301fd-r2	49	L3_steps_41_60	807b9923-51ac-4b0c-b1bd-2d0874f301fd	2	nq	log/agenticIterRag/260715-005906-987696-pipeline-agentic_iter_rag_v1_spad_qwen3_1_7b_newdata_5100_gold_token_f1_v3_postnorm03_stage1/outputs/stages/train_agent/spad_rag/search_policy_rl/rollout_data/49.jsonl	48	panic at the disco say amen music video girl?	"[""Chloe Holmes""]"		0.0	0.0	1	0	true	true	insufficient_evidence	证据不足无法作答	I	insufficient_evidence		Evidence describes the girlfriend in the music video but never names the actress.	Codex	2026-07-15T17:24:28+08:00	1482125c7adf1025a6742a4766811fdf117f550fceae465d38f79dcc751fda79	79c82b849c3c0a9b3e0f18ceaac11dc003105fd3b9658adf8e05c2df7e5c7213
newdata512-0316	new5100-s49-876c13f3-1cc9-42d6-84ea-2323f4a1fb7e-r6	49	L3_steps_41_60	876c13f3-1cc9-42d6-84ea-2323f4a1fb7e	6	musique	log/agenticIterRag/260715-005906-987696-pipeline-agentic_iter_rag_v1_spad_qwen3_1_7b_newdata_5100_gold_token_f1_v3_postnorm03_stage1/outputs/stages/train_agent/spad_rag/search_policy_rl/rollout_data/49.jsonl	455	Which county shares a border with the county where Scottsville is located?	"[""El Dorado County""]"	Fluvanna	0.0	0.0	2	0	true	true	insufficient_evidence	证据不足无法作答	A	ambiguous_evidence		Scottsville lies in both Albemarle and Fluvanna counties, and the question does not choose a home county or one of its multiple bordering counties.	Codex	2026-07-15T17:24:28+08:00	86c09f482ed6dac8564390890bd8498b6af37548c4fe8597181d9d1b49a1062d	e075dafbafc98db40b754ebcb98bf1fc728ba5236ac579bf1d259dc70c69d249
newdata512-0317	new5100-s49-8fef3a40-515f-4f42-90ea-119b67f439d9-r1	49	L3_steps_41_60	8fef3a40-515f-4f42-90ea-119b67f439d9	1	nq	log/agenticIterRag/260715-005906-987696-pipeline-agentic_iter_rag_v1_spad_qwen3_1_7b_newdata_5100_gold_token_f1_v3_postnorm03_stage1/outputs/stages/train_agent/spad_rag/search_policy_rl/rollout_data/49.jsonl	3	who wrote the song cast your fate to the wind?	"[""Vince Guaraldi""]"	Vince Guaraldi	1.0	1.0	1	0	false	false			S	supported_answer	Vince Guaraldi	The song passage states its music was composed and originally recorded by Vince Guaraldi.	Codex	2026-07-15T17:24:28+08:00	39fe2f79f5bdab53b4f915c7ec31fe879f241875f5c6e669a7db026648d96989	f5aa78c782968f6cb04045d9d6f8f40a128b754111801fc358f630f246057ee0
newdata512-0318	new5100-s49-957b1444-a783-4fd3-b1f0-74d150c55f5e-r3	49	L3_steps_41_60	957b1444-a783-4fd3-b1f0-74d150c55f5e	3	hotpotqa	log/agenticIterRag/260715-005906-987696-pipeline-agentic_iter_rag_v1_spad_qwen3_1_7b_newdata_5100_gold_token_f1_v3_postnorm03_stage1/outputs/stages/train_agent/spad_rag/search_policy_rl/rollout_data/49.jsonl	178	1967 western The Jackals is a remake of which 1948 heist movie?	"[""Yellow Sky""]"		0.0	0.0	1	0	true	true	supported_answer	Yellow Sky	S	supported_answer	Yellow Sky	The Yellow Sky passage explicitly says it was remade in 1967 as The Jackals.	Codex	2026-07-15T17:24:28+08:00	596cf21835bc620e0c5f88554a582876c270c740334b9325c2c66f5e2374665d	f5c27a952b6d4026592b5805b55ddd1efd2e5b866accbf0a5a69455f56b17da3
newdata512-0319	new5100-s49-e19550e7-32e7-4aa6-b2a1-ba0cd9437c8c-r4	49	L3_steps_41_60	e19550e7-32e7-4aa6-b2a1-ba0cd9437c8c	4	nq	log/agenticIterRag/260715-005906-987696-pipeline-agentic_iter_rag_v1_spad_qwen3_1_7b_newdata_5100_gold_token_f1_v3_postnorm03_stage1/outputs/stages/train_agent/spad_rag/search_policy_rl/rollout_data/49.jsonl	358	where did the anglo saxons originally come from?	"[""Germanic tribes""]"	Old Saxony, Northern Germany	0.0	0.0	1	0	true	true	supported_answer	continental Europe, specifically Anglia, Old Saxony, and Jutland	S	supported_answer	continental Europe, especially Anglia, Old Saxony, and Jutland	The Anglo-Saxon settlement evidence directly identifies these source regions.	Codex	2026-07-15T17:24:28+08:00	ff10a578ab1cb30494add476ad3a714d0656275b9d84ca0f4dc0f66cda602212	a5d1d34f2488ce62f435fb73a7704ac67d0c1d296c5693fd781c1530cc16243a
newdata512-0320	new5100-s49-e328bbc7-d716-4c8a-a052-9ad6b6435ad6-r3	49	L3_steps_41_60	e328bbc7-d716-4c8a-a052-9ad6b6435ad6	3	nq	log/agenticIterRag/260715-005906-987696-pipeline-agentic_iter_rag_v1_spad_qwen3_1_7b_newdata_5100_gold_token_f1_v3_postnorm03_stage1/outputs/stages/train_agent/spad_rag/search_policy_rl/rollout_data/49.jsonl	190	who does the voice of lucky in spirit?	"[""Amber Frank""]"	None	0.0	0.0	3	1	true	true	insufficient_evidence	证据不足无法作答	I	insufficient_evidence		Retrieved documents concern unrelated works and people named Lucky and contain no Spirit casting evidence.	Codex	2026-07-15T17:24:28+08:00	f7d0970eb348bd446e4b49d7ea994681561055de7f2ff186d69c818aa9c5c7d9	26d7e96acef5ea880ac2e99ea3161c15763bcba4b4807d13bfaf2d5ce8a8ae7d
newdata512-0321	new5100-s50-22faa47e-9bcc-482d-9bcd-9529ae0fe50b-r7	50	L3_steps_41_60	22faa47e-9bcc-482d-9bcd-9529ae0fe50b	7	2wikimultihopqa	log/agenticIterRag/260715-005906-987696-pipeline-agentic_iter_rag_v1_spad_qwen3_1_7b_newdata_5100_gold_token_f1_v3_postnorm03_stage1/outputs/stages/train_agent/spad_rag/search_policy_rl/rollout_data/50.jsonl	472	What nationality is the director of film Johnny Tiger?	"[""American""]"		0.0	0.0	1	0	false	false			I	insufficient_evidence		Evidence identifies Paul Wendkos as Johnny Tiger's director but never states his nationality.	Codex	2026-07-15T17:26:44+08:00	c8706cfb330e2320f2311eb9914839103399eb5d6c12422701b563c5f6e383c1	5ca6cf6d6c75e72140ed97e3cdcb1e583af7033a8e08f0f3d46f7370ab0aab7a
newdata512-0322	new5100-s50-96747c5a-04fa-44ec-b1e8-6751078d5e5a-r0	50	L3_steps_41_60	96747c5a-04fa-44ec-b1e8-6751078d5e5a	0	musique	log/agenticIterRag/260715-005906-987696-pipeline-agentic_iter_rag_v1_spad_qwen3_1_7b_newdata_5100_gold_token_f1_v3_postnorm03_stage1/outputs/stages/train_agent/spad_rag/search_policy_rl/rollout_data/50.jsonl	62	Who led the movement to take control of the island where KPHI broadcasts?	"[""John L. Stevens""]"	Sereno Edwards Bishop	0.0	0.0	3	1	true	true	insufficient_evidence	证据不足无法作答	I	insufficient_evidence		Evidence locates KPHI in Hawaii and discusses annexation supporters but does not identify who led the takeover movement.	Codex	2026-07-15T17:26:44+08:00	4093893647d3cb91c48b32c16d6477aa9754d1767722815e3f98d967c2afc771	3e215520e37ae7abc76677fbee547a7eefdd81da9427d247b433a9b6ecd8ea91
newdata512-0323	new5100-s50-cd881f98-8a17-430a-99a8-f1297efc0f82-r2	50	L3_steps_41_60	cd881f98-8a17-430a-99a8-f1297efc0f82	2	2wikimultihopqa	log/agenticIterRag/260715-005906-987696-pipeline-agentic_iter_rag_v1_spad_qwen3_1_7b_newdata_5100_gold_token_f1_v3_postnorm03_stage1/outputs/stages/train_agent/spad_rag/search_policy_rl/rollout_data/50.jsonl	205	What is the date of birth of the director of film Her Double Life?	"[""June 24, 1867""]"	1940	0.0	0.0	2	0	false	false			S	supported_answer	June 24, 1867	Evidence identifies J. Gordon Edwards as the director and directly gives his birth date.	Codex	2026-07-15T17:26:44+08:00	efafd9c6f9c70052265a611fb3aaba047ba60426f81323b207ad55d4e8e2e819	8fb08dfee9db3baf3022d2997aeda3976d9d7a056d946b159f198a7e52a93cd8
newdata512-0324	new5100-s50-f3937c86-22f8-4f94-a0d6-beb66dea4f08-r6	50	L3_steps_41_60	f3937c86-22f8-4f94-a0d6-beb66dea4f08	6	nq	log/agenticIterRag/260715-005906-987696-pipeline-agentic_iter_rag_v1_spad_qwen3_1_7b_newdata_5100_gold_token_f1_v3_postnorm03_stage1/outputs/stages/train_agent/spad_rag/search_policy_rl/rollout_data/50.jsonl	331	which state in nigeria has the most beautiful girl?	"[""Kebbi""]"	Anambra	0.0	0.0	2	0	true	true	insufficient_evidence	证据不足无法作答	A	ambiguous_evidence		Evidence lists pageant winners representing different Nigerian states in different years; the question provides no year or objective definition of 'most beautiful'.	Codex	2026-07-15T17:26:44+08:00	b2911498d5601fe0935dedf15be0fcd52dee22dca0135ae9a02bb8db5a89f5ef	55caf070179dc2e762d4a7b959236b692aab780f74ea5ba5425f193696118f84
newdata512-0325	new5100-s51-04ea3bf5-2a5f-4fa4-b057-a38a5b051c71-r2	51	L3_steps_41_60	04ea3bf5-2a5f-4fa4-b057-a38a5b051c71	2	nq	log/agenticIterRag/260715-005906-987696-pipeline-agentic_iter_rag_v1_spad_qwen3_1_7b_newdata_5100_gold_token_f1_v3_postnorm03_stage1/outputs/stages/train_agent/spad_rag/search_policy_rl/rollout_data/51.jsonl	273	who was supposed to play indiana jones before harrison ford?	"[""Tom Selleck""]"	Tom Selleck	1.0	1.0	1	0	false	false			S	supported_answer	Tom Selleck	The Indiana Jones passage states Ford received the role after Tom Selleck could not accept it.	Codex	2026-07-15T17:26:44+08:00	679d01300d5cc785ba44aa87d94095103ac16b1b196819953bf2779735226f14	a3e79df61af6439556c435492c9da99e7051b6ade6cfc8bf4d99032f652bddb8
newdata512-0326	new5100-s51-07322470-5ca1-4c77-8d57-e4eb0ec80492-r1	51	L3_steps_41_60	07322470-5ca1-4c77-8d57-e4eb0ec80492	1	nq	log/agenticIterRag/260715-005906-987696-pipeline-agentic_iter_rag_v1_spad_qwen3_1_7b_newdata_5100_gold_token_f1_v3_postnorm03_stage1/outputs/stages/train_agent/spad_rag/search_policy_rl/rollout_data/51.jsonl	2	when did the chargers became the los angeles chargers?	"[""1960""]"	1959	0.0	0.0	1	0	false	false			A	ambiguous_evidence		The team first played in Los Angeles in 1960 and returned/re-adopted Los Angeles in 2017; the question does not distinguish initial identity from relocation back.	Codex	2026-07-15T17:26:44+08:00	a82457360d3ca3cc500756a5eddc847c85bc4600edea3c6fa653e86613409e21	be83007c31996588d73617e054c571afbeefe16c591e26cd845128dd129f8ab9
newdata512-0327	new5100-s51-947065b4-cc5c-491d-8679-8d056ce437e6-r4	51	L3_steps_41_60	947065b4-cc5c-491d-8679-8d056ce437e6	4	hotpotqa	log/agenticIterRag/260715-005906-987696-pipeline-agentic_iter_rag_v1_spad_qwen3_1_7b_newdata_5100_gold_token_f1_v3_postnorm03_stage1/outputs/stages/train_agent/spad_rag/search_policy_rl/rollout_data/51.jsonl	349	What kind of institution does NOHA and Erasmus Programme have in common?	"[""University""]"		0.0	0.0	1	0	true	true			S	supported_answer	universities	NOHA is an association of universities and Erasmus is a university-student exchange program, so universities are their shared institution type.	Codex	2026-07-15T17:26:44+08:00	ade37d0f6b8fde1b4192966311d21769e8d243d18d3fef18824a715e589d2fe8	cedc6b96e234fc18ddb4b97420c5a6640b999921cf1c87a402c415ce70535726
newdata512-0328	new5100-s51-e2bdd8ba-76e1-4d31-b31b-52a9ab007a1f-r3	51	L3_steps_41_60	e2bdd8ba-76e1-4d31-b31b-52a9ab007a1f	3	nq	log/agenticIterRag/260715-005906-987696-pipeline-agentic_iter_rag_v1_spad_qwen3_1_7b_newdata_5100_gold_token_f1_v3_postnorm03_stage1/outputs/stages/train_agent/spad_rag/search_policy_rl/rollout_data/51.jsonl	210	where is the honda classic played this year?	"[""Palm Beach Gardens, Florida""]"	PGA National Golf Club	0.0	0.0	2	1	false	false			S	supported_answer	PGA National Golf Club in Palm Beach Gardens, Florida	The Honda Classic passage identifies PGA National as its current permanent home in Palm Beach Gardens.	Codex	2026-07-15T17:26:44+08:00	c8e0258e889495df48b4651e2bb555a8533d3b892809a559d74c0de40ee711a6	2127c0c52b35a0eef895e12bacd517d4c692d69f24ef78cb06f46a189c4764a3
newdata512-0329	new5100-s51-e4f0583c-6cc4-4c5e-b768-307f4cf57a9f-r7	51	L3_steps_41_60	e4f0583c-6cc4-4c5e-b768-307f4cf57a9f	7	musique	log/agenticIterRag/260715-005906-987696-pipeline-agentic_iter_rag_v1_spad_qwen3_1_7b_newdata_5100_gold_token_f1_v3_postnorm03_stage1/outputs/stages/train_agent/spad_rag/search_policy_rl/rollout_data/51.jsonl	344	How many households were there in the city where WAYV is located during the 2010 United States Census?	"[""15,504""]"	7679	0.0	0.0	1	0	true	true	supported_answer	1,555	I	insufficient_evidence		Evidence retrieves places beginning with Way rather than radio station WAYV and never establishes its city or that city's household count.	Codex	2026-07-15T17:26:44+08:00	e2dbcdf6f8f2b016f73120949dcc2b4f35a962c87cd66664d42e55d6ebb9977d	0d317036a1423b85cd3cf9230ab392e8a89f262f015835584cf8054b567e62f6
newdata512-0330	new5100-s52-214551df-0d11-46a3-b9a6-2456d0791eee-r2	52	L3_steps_41_60	214551df-0d11-46a3-b9a6-2456d0791eee	2	nq	log/agenticIterRag/260715-005906-987696-pipeline-agentic_iter_rag_v1_spad_qwen3_1_7b_newdata_5100_gold_token_f1_v3_postnorm03_stage1/outputs/stages/train_agent/spad_rag/search_policy_rl/rollout_data/52.jsonl	33	the thin contractile protein of a muscle cell is known as?	"[""actin""]"	actin	1.0	1.0	1	0	false	false			S	supported_answer	actin	The skeletal-muscle passage identifies actin as the thin filament protein.	Codex	2026-07-15T17:26:44+08:00	ffbea25b90dc9a7fb0c97eb87f84e140382f71986c5c007a443c62d33cf0bfb7	6cab59ca79d84aad460c6a951bdebc2324ac03e2068941957a642c6d0a7815e8
newdata512-0331	new5100-s52-6401bb9f-bd4d-4f18-bce5-4336e308a90b-r6	52	L3_steps_41_60	6401bb9f-bd4d-4f18-bce5-4336e308a90b	6	nq	log/agenticIterRag/260715-005906-987696-pipeline-agentic_iter_rag_v1_spad_qwen3_1_7b_newdata_5100_gold_token_f1_v3_postnorm03_stage1/outputs/stages/train_agent/spad_rag/search_policy_rl/rollout_data/52.jsonl	491	who played bill cosby's father in the cosby show?	"[""Earle Hyman""]"	Earle Hyman	1.0	1.0	1	0	false	false			S	supported_answer	Earle Hyman	The Earle Hyman passage identifies his recurring Cosby Show role as Cliff Huxtable's father.	Codex	2026-07-15T17:26:44+08:00	50b01bac74d003afbe56195e08a2f77c8c2a5cf19221f3bd7057aa72c3431ec3	08c2443bfe92e2eab88d3f16e58d540bf39d5a2a889f907bd94671627936981b
newdata512-0332	new5100-s53-0a1de72e-7b47-4553-ae33-5203da2f3e8f-r4	53	L3_steps_41_60	0a1de72e-7b47-4553-ae33-5203da2f3e8f	4	musique	log/agenticIterRag/260715-005906-987696-pipeline-agentic_iter_rag_v1_spad_qwen3_1_7b_newdata_5100_gold_token_f1_v3_postnorm03_stage1/outputs/stages/train_agent/spad_rag/search_policy_rl/rollout_data/53.jsonl	293	When was Way Down released by the performer who released a live album, recorded in the large city in the southeast of Michael Corleone's state in Godfather 2?	"[""August 16, 1977""]"	1977	0.0	0.5	1	0	true	true	insufficient_evidence	证据不足无法作答	I	insufficient_evidence		Evidence identifies Elvis Presley and says Way Down was his last single before his death, but never provides the song's release date or completes the live-album bridge.	Codex	2026-07-15T17:26:44+08:00	162da1c471d6153dfc3e17b2eb6a17d0e525edebcd591b85e07186d2c63cf4b1	c98e8e4633430181e70dd32e1b30e638ea368297f723fbe04ff5489546cd26ea
newdata512-0333	new5100-s53-250f8a57-4344-463c-b1ee-b47ef43b5a71-r6	53	L3_steps_41_60	250f8a57-4344-463c-b1ee-b47ef43b5a71	6	hotpotqa	log/agenticIterRag/260715-005906-987696-pipeline-agentic_iter_rag_v1_spad_qwen3_1_7b_newdata_5100_gold_token_f1_v3_postnorm03_stage1/outputs/stages/train_agent/spad_rag/search_policy_rl/rollout_data/53.jsonl	153	Which occured first, the Battle of Iwo Jima or the Battle of Belleau Wood?	"[""Battle of Belleau Wood""]"	Battle of Belleau Wood	1.0	1.0	1	0	false	false			S	supported_answer	Battle of Belleau Wood	Evidence dates Belleau Wood to 1918 and Iwo Jima to World War II, so Belleau Wood occurred first.	Codex	2026-07-15T17:26:44+08:00	94471284b2685719bc33ea8241944ea04908f3497635a76a708b6c88930980b5	b5692843fd9a16358052fb6ac30b1ac1f988f6b930beb8f82122ee68454101c5
newdata512-0334	new5100-s53-654c6038-0017-4d83-89b1-299e900a5c09-r4	53	L3_steps_41_60	654c6038-0017-4d83-89b1-299e900a5c09	4	2wikimultihopqa	log/agenticIterRag/260715-005906-987696-pipeline-agentic_iter_rag_v1_spad_qwen3_1_7b_newdata_5100_gold_token_f1_v3_postnorm03_stage1/outputs/stages/train_agent/spad_rag/search_policy_rl/rollout_data/53.jsonl	330	When was Edwin De Lisle's father born?	"[""17 March 1809""]"	1891	0.0	0.0	2	0	true	true	insufficient_evidence	证据不足无法作答	I	insufficient_evidence		Retrieved documents contain no supported identification of Edwin De Lisle's father or that father's birth date.	Codex	2026-07-15T17:26:44+08:00	0ec72209fef4263ccbe4d6663628838bdc1c1c177ff0e08cd52090ad9e40947c	f499737528c04bc7d2edb76143b6822ae6024efdb4f11643d5142986bb2bdce2
newdata512-0335	new5100-s53-6ed3a08b-f499-4130-82cb-b795e4d351f6-r7	53	L3_steps_41_60	6ed3a08b-f499-4130-82cb-b795e4d351f6	7	nq	log/agenticIterRag/260715-005906-987696-pipeline-agentic_iter_rag_v1_spad_qwen3_1_7b_newdata_5100_gold_token_f1_v3_postnorm03_stage1/outputs/stages/train_agent/spad_rag/search_policy_rl/rollout_data/53.jsonl	510	when did concealed carry become legal in illinois?	"[""February 28, 2014""]"	2014	0.0	0.5	1	0	true	true	supported_answer	July 9, 2013	A	ambiguous_evidence		Evidence gives enactment on July 9, 2013, applications on January 5, 2014, and first license issuance on February 28, 2014; 'became legal' does not select a milestone.	Codex	2026-07-15T17:26:44+08:00	121832abaa5a8bd66956167cc9c0039c62ded686ab9c5ab89841822605a0037b	eb9d12653e76abc10522be1e288cd6a3f0120bad36fae636def7b56a6a7d7a70
newdata512-0336	new5100-s54-3fc2222f-043a-4413-82a1-fbf37f4779c2-r7	54	L3_steps_41_60	3fc2222f-043a-4413-82a1-fbf37f4779c2	7	hotpotqa	log/agenticIterRag/260715-005906-987696-pipeline-agentic_iter_rag_v1_spad_qwen3_1_7b_newdata_5100_gold_token_f1_v3_postnorm03_stage1/outputs/stages/train_agent/spad_rag/search_policy_rl/rollout_data/54.jsonl	475	Who won the Super Bowl that Big Bad Voodoo Daddy performed at the half-time show?	"[""Denver Broncos""]"	New England Patriots	0.0	0.0	1	0	false	false			I	insufficient_evidence		Evidence does not identify the Super Bowl halftime show featuring Big Bad Voodoo Daddy or its winning team.	Codex	2026-07-15T17:26:44+08:00	0b274923e894402a2abe67216053f834a3f0048c59f3ef45fa098016b031b52a	b18cd6a8147d4ce8a201cd41e306610a531cb6c9264f38d9a255cbfe5b241b0f
newdata512-0337	new5100-s54-40e4f558-38fc-4b63-9c39-2ea82cedc407-r2	54	L3_steps_41_60	40e4f558-38fc-4b63-9c39-2ea82cedc407	2	nq	log/agenticIterRag/260715-005906-987696-pipeline-agentic_iter_rag_v1_spad_qwen3_1_7b_newdata_5100_gold_token_f1_v3_postnorm03_stage1/outputs/stages/train_agent/spad_rag/search_policy_rl/rollout_data/54.jsonl	117	german word for enjoying other people's misery?	"[""Schadenfreude""]"	Schadenfreude	1.0	1.0	1	0	false	false			S	supported_answer	Schadenfreude	The Schadenfreude passage directly defines the German term as pleasure in another's misfortune.	Codex	2026-07-15T17:26:44+08:00	ac0fa10f1132ab406ade71bbeb9b0eba3009d6e54c2f114a21c600aaa2f68a0d	17c547c8fece70aee5efad93fe167ac2646384dbb1e916a1b211216ed38e9a11
newdata512-0338	new5100-s54-476eca49-ec7c-4470-81e5-2e24f11a0072-r7	54	L3_steps_41_60	476eca49-ec7c-4470-81e5-2e24f11a0072	7	musique	log/agenticIterRag/260715-005906-987696-pipeline-agentic_iter_rag_v1_spad_qwen3_1_7b_newdata_5100_gold_token_f1_v3_postnorm03_stage1/outputs/stages/train_agent/spad_rag/search_policy_rl/rollout_data/54.jsonl	470	When did the performer of No Man's Land play at shea stadium?	"[""July 16 and 18 of 2008""]"		0.0	0.0	1	0	true	true	insufficient_evidence	证据不足无法作答	I	insufficient_evidence		Evidence identifies Billy Joel as the performer but gives no date for his Shea Stadium performances.	Codex	2026-07-15T17:26:44+08:00	42fe03398aa3590a0b43e40bf64f948959a5f53b7e22c0583cf022b70d8c7552	d106dc0eff55571db466cc9d8ff301c4c1a4a0072d845701607970470432f133
newdata512-0339	new5100-s54-55d881e8-c647-402e-bda0-a54c5ed267d6-r0	54	L3_steps_41_60	55d881e8-c647-402e-bda0-a54c5ed267d6	0	hotpotqa	log/agenticIterRag/260715-005906-987696-pipeline-agentic_iter_rag_v1_spad_qwen3_1_7b_newdata_5100_gold_token_f1_v3_postnorm03_stage1/outputs/stages/train_agent/spad_rag/search_policy_rl/rollout_data/54.jsonl	31	Highfields was the home of Charles and his wife, the famous aviators, she was an American author, as well?	"[""Anne Spencer Lindbergh""]"	Yes	0.0	0.0	1	0	true	true	supported_answer	Anne Morrow Lindbergh	S	supported_answer	Anne Morrow Lindbergh	Evidence identifies Highfields as the Lindbergh home and Anne Morrow Lindbergh as Charles's wife, an American author and aviator.	Codex	2026-07-15T17:26:44+08:00	771e9044ec6207626d9aee81253914cf6651631dcc07b68a0eb62946e50c42d2	d4a0aee5ba6e0e9f062f074f073b9e32c475abbb1417ef192ef4f936fd06c390
newdata512-0340	new5100-s54-68271e73-a150-4eb0-b84f-6ad1247eb8ac-r3	54	L3_steps_41_60	68271e73-a150-4eb0-b84f-6ad1247eb8ac	3	hotpotqa	log/agenticIterRag/260715-005906-987696-pipeline-agentic_iter_rag_v1_spad_qwen3_1_7b_newdata_5100_gold_token_f1_v3_postnorm03_stage1/outputs/stages/train_agent/spad_rag/search_policy_rl/rollout_data/54.jsonl	26	What is the name of the American communications consulting firm founded in 2001 by Carter Eskew, Michael Feldman, Joe Lockhart and Chip Smith, that's headquarters are located in Washington D.C.?	"[""The Glover Park Group""]"	The Glover Park Group	1.0	1.0	1	0	false	false			S	supported_answer	The Glover Park Group	The company passage exactly matches the founders, founding year, industry, and Washington headquarters in the question.	Codex	2026-07-15T17:26:44+08:00	ec8c92eb047c249f54565d6b14dde79f371dce73dbb752d0cbd96b8cab6035f4	463148e78152e92a4acefe87a7ba8050bbd8e08b35aba748b040435bde60ee36
newdata512-0341	new5100-s54-83619230-3b3c-40f7-9eeb-964bc9cc70c7-r2	54	L3_steps_41_60	83619230-3b3c-40f7-9eeb-964bc9cc70c7	2	musique	log/agenticIterRag/260715-005906-987696-pipeline-agentic_iter_rag_v1_spad_qwen3_1_7b_newdata_5100_gold_token_f1_v3_postnorm03_stage1/outputs/stages/train_agent/spad_rag/search_policy_rl/rollout_data/54.jsonl	89	How tall is the tallest building in the large city in the southeast part of the state the Humboldt Range is located?	"[""1,149 feet""]"		0.0	0.0	1	0	true	true	insufficient_evidence	证据不足无法作答	I	insufficient_evidence		Evidence locates the Humboldt Range in Nevada but never identifies the intended southeastern city or its tallest building height.	Codex	2026-07-15T17:26:44+08:00	8624a8d35d016004a85ac5eab05995ef578953d7f2c4aae0bb564e6697e0a628	d46e0a7a6d5bc5fda3ede1140991f22adbf6575dc44e150f129e0e5d1405f405
newdata512-0342	new5100-s54-de955b40-c425-43cf-a0ef-47e667b73b6d-r4	54	L3_steps_41_60	de955b40-c425-43cf-a0ef-47e667b73b6d	4	2wikimultihopqa	log/agenticIterRag/260715-005906-987696-pipeline-agentic_iter_rag_v1_spad_qwen3_1_7b_newdata_5100_gold_token_f1_v3_postnorm03_stage1/outputs/stages/train_agent/spad_rag/search_policy_rl/rollout_data/54.jsonl	203	Which film has the director born later, Die Hard 2 or Zare (Film)?	"[""Die Hard 2""]"	Zare (Film)	0.0	0.0	2	0	false	false			I	insufficient_evidence		Evidence names both films' directors but provides neither Renny Harlin's nor Hamo Beknazarian's birth date.	Codex	2026-07-15T17:26:44+08:00	17dd79496fbe6a1920e48916276a246be9d5118d32d503f8abede1ab9abb8dab	2ea4e70de40d6f9f28c0bde122844d51301d95e1d60092e783c7f1174bfa5faa
newdata512-0343	new5100-s54-ffbd23d4-4cd1-45ac-a467-f0f7cb638208-r3	54	L3_steps_41_60	ffbd23d4-4cd1-45ac-a467-f0f7cb638208	3	hotpotqa	log/agenticIterRag/260715-005906-987696-pipeline-agentic_iter_rag_v1_spad_qwen3_1_7b_newdata_5100_gold_token_f1_v3_postnorm03_stage1/outputs/stages/train_agent/spad_rag/search_policy_rl/rollout_data/54.jsonl	200	In which county are the headquarters of this company located that developed one of the world's first commercial jet airliners built by Alan Samuel Butler?	"[""Hertfordshire""]"	Hertfordshire	1.0	1.0	3	1	false	false			S	supported_answer	Hertfordshire	Evidence identifies de Havilland and states its operations moved to Hatfield in Hertfordshire.	Codex	2026-07-15T17:26:44+08:00	8a56fd0483bc19a12cb6555c913af58fe9228cb469fa88c8dfd1101b3bedc01d	191c87d2aa9116c1a61ea5a5de70d8bff9bd90f14960a8c7ed5a029e7dcab205
newdata512-0344	new5100-s55-383f801f-d1a0-44c1-b0dc-03630152c313-r4	55	L3_steps_41_60	383f801f-d1a0-44c1-b0dc-03630152c313	4	hotpotqa	log/agenticIterRag/260715-005906-987696-pipeline-agentic_iter_rag_v1_spad_qwen3_1_7b_newdata_5100_gold_token_f1_v3_postnorm03_stage1/outputs/stages/train_agent/spad_rag/search_policy_rl/rollout_data/55.jsonl	295	What was the category of the hurricane that damaged the Hanapepe Town Lot No. 18?	"[""Category 4""]"	4	0.0	0.6666666666666666	1	0	true	true	insufficient_evidence	证据不足无法作答	I	insufficient_evidence		Evidence identifies Hurricane Iniki as the damaging storm but gives no category for it.	Codex	2026-07-15T17:26:44+08:00	20c8f6b0bc4d2bad185e121c1d72457c52b6978807fd89282a50da318050318c	f771338626bba9a1025afde5ad728e3a6a6b5a74000694ab7451ad9cc31549d3
newdata512-0345	new5100-s55-480269c2-30bc-402e-ab9b-51bfdad1dc6a-r4	55	L3_steps_41_60	480269c2-30bc-402e-ab9b-51bfdad1dc6a	4	2wikimultihopqa	log/agenticIterRag/260715-005906-987696-pipeline-agentic_iter_rag_v1_spad_qwen3_1_7b_newdata_5100_gold_token_f1_v3_postnorm03_stage1/outputs/stages/train_agent/spad_rag/search_policy_rl/rollout_data/55.jsonl	193	Do both directors of films Fat Man and Little Boy and Francis Goes to the Races share the same nationality?	"[""no""]"		0.0	0.0	4	2	false	false			I	insufficient_evidence		Evidence identifies Roland Joffe and Arthur Lubin as the directors but never states either director's nationality.	Codex	2026-07-15T17:26:44+08:00	abe28a563da4790f1a225da45bce0598177f545701a47ec0dfa20b5e38540ff4	cf9dafe170ff0cc5dd2a8cfe8cc5e08eb637e5a03b0c9c02a6a8c2a868dcdd0a
newdata512-0346	new5100-s55-500499ca-51d2-4bf6-8a8f-66ebd862b6b6-r5	55	L3_steps_41_60	500499ca-51d2-4bf6-8a8f-66ebd862b6b6	5	hotpotqa	log/agenticIterRag/260715-005906-987696-pipeline-agentic_iter_rag_v1_spad_qwen3_1_7b_newdata_5100_gold_token_f1_v3_postnorm03_stage1/outputs/stages/train_agent/spad_rag/search_policy_rl/rollout_data/55.jsonl	360	What country was created under a government act in 1920?	"[""Northern Ireland""]"	Ireland	0.0	0.6666666666666666	1	0	false	false			S	supported_answer	Northern Ireland	The Government of Ireland Act passage states the six northeastern counties were to form Northern Ireland.	Codex	2026-07-15T17:26:44+08:00	54822c46aad1efc01c9f6aec5882b267a984ed33a087727105bc2fd8ccc5f082	95bfdea5681edafbe995ca349ee455d37b4bfc44d6d045273b6791e1ea070303
newdata512-0347	new5100-s55-591ced7d-3942-4125-a7b0-a940a535e7a3-r0	55	L3_steps_41_60	591ced7d-3942-4125-a7b0-a940a535e7a3	0	nq	log/agenticIterRag/260715-005906-987696-pipeline-agentic_iter_rag_v1_spad_qwen3_1_7b_newdata_5100_gold_token_f1_v3_postnorm03_stage1/outputs/stages/train_agent/spad_rag/search_policy_rl/rollout_data/55.jsonl	93	total number of cafe coffee day in india?	"[""1,556""]"	1550	0.0	0.0	1	0	true	true	ambiguous_evidence	证据不足无法作答	A	ambiguous_evidence		Evidence gives 1,530 outlets as of March 2015 and another total of 1,550, while the question has no date.	Codex	2026-07-15T17:26:44+08:00	20ed2da378d6c8d71312f980e9d9108e1dbaac2fadb4e1176f63c51a4b28f2e6	428a8c5fbac15160052ca49b0f841465b8254de55340cb0921c500673efb034d
newdata512-0348	new5100-s55-7c532470-572a-408d-a698-34827ca27ddb-r7	55	L3_steps_41_60	7c532470-572a-408d-a698-34827ca27ddb	7	musique	log/agenticIterRag/260715-005906-987696-pipeline-agentic_iter_rag_v1_spad_qwen3_1_7b_newdata_5100_gold_token_f1_v3_postnorm03_stage1/outputs/stages/train_agent/spad_rag/search_policy_rl/rollout_data/55.jsonl	455	What is the capital of the county where walnut grove, in the state where the movie jingle all the way around, is located?	"[""Redwood Falls""]"	Redwood Falls	1.0	1.0	3	0	false	false			S	supported_answer	Redwood Falls	Evidence links the filming state to Minnesota, Walnut Grove to Redwood County, and names Redwood Falls as the county seat.	Codex	2026-07-15T17:26:44+08:00	f92fa88d7d789810671e8a0a9b0353143cd1efa06aaa5de91368d93daa53a162	12a7c965d76ce27c6c5e5a680dd5a0bfed9d366040f40105dd40f4280297a17f
newdata512-0349	new5100-s55-839b5dd9-e63a-4ce2-8e11-4f80f5d0a441-r6	55	L3_steps_41_60	839b5dd9-e63a-4ce2-8e11-4f80f5d0a441	6	hotpotqa	log/agenticIterRag/260715-005906-987696-pipeline-agentic_iter_rag_v1_spad_qwen3_1_7b_newdata_5100_gold_token_f1_v3_postnorm03_stage1/outputs/stages/train_agent/spad_rag/search_policy_rl/rollout_data/55.jsonl	291	Who was born earlier, Nenad Zimonjić or Max Mirnyi?	"[""Nenad Zimonjić""]"	Nenad Zimonjić	1.0	1.0	1	0	false	false			S	supported_answer	Nenad Zimonjic	Evidence gives Zimonjic's birth date as June 4, 1976 and Mirnyi's as July 6, 1977.	Codex	2026-07-15T17:26:44+08:00	398e49029b2d07460e25c32131a768cb298f73926ff06e410f7e827529e3966c	0ef43c835f79003fc28fece8e9c84a45443ef4679364492593720871f9e860ff
newdata512-0350	new5100-s55-b1332c00-fe4e-4c39-a0c7-5e7ab9fab952-r5	55	L3_steps_41_60	b1332c00-fe4e-4c39-a0c7-5e7ab9fab952	5	hotpotqa	log/agenticIterRag/260715-005906-987696-pipeline-agentic_iter_rag_v1_spad_qwen3_1_7b_newdata_5100_gold_token_f1_v3_postnorm03_stage1/outputs/stages/train_agent/spad_rag/search_policy_rl/rollout_data/55.jsonl	318	Geoff Boss won a race in which city, 22 miles from Lake Tahoe?	"[""Reno""]"	Lake Tahoe, NV	0.0	0.0	3	0	true	true	insufficient_evidence	证据不足无法作答	I	insufficient_evidence		Evidence lists Reno among places Geoff Boss raced but does not state where he won or establish the 22-mile Lake Tahoe relation.	Codex	2026-07-15T17:26:44+08:00	5d5ba559fcd4937d46444ef6e9e9146d3e4be2c9bccdc29c1696d8a7add8d3f2	ace90bd962b5903206f9d0c49b349c431ead588379bf90d6afcea5174a66c473
newdata512-0351	new5100-s55-df8d621a-b01d-4cf2-81a0-8da4800e81ef-r0	55	L3_steps_41_60	df8d621a-b01d-4cf2-81a0-8da4800e81ef	0	musique	log/agenticIterRag/260715-005906-987696-pipeline-agentic_iter_rag_v1_spad_qwen3_1_7b_newdata_5100_gold_token_f1_v3_postnorm03_stage1/outputs/stages/train_agent/spad_rag/search_policy_rl/rollout_data/55.jsonl	49	In 1992, who was elected president of the country where OC Muungano plays?	"[""Pascal Lissouba""]"		0.0	0.0	1	0	true	true	insufficient_evidence	证据不足无法作答	I	insufficient_evidence		The search retrieves a Kenyan political party rather than football club OC Muungano, so the country and its 1992 president are unsupported.	Codex	2026-07-15T17:26:44+08:00	8f815b086776303a56cba72147fe4b713944483a0f40ceefe5ebfd08623d97d8	09b98e7ee55bc401efe0586236cb3706227b0dc1136b8be2407f8cf244d5d725
newdata512-0352	new5100-s56-4981504a-1538-4fd7-8a25-795338bec798-r7	56	L3_steps_41_60	4981504a-1538-4fd7-8a25-795338bec798	7	nq	log/agenticIterRag/260715-005906-987696-pipeline-agentic_iter_rag_v1_spad_qwen3_1_7b_newdata_5100_gold_token_f1_v3_postnorm03_stage1/outputs/stages/train_agent/spad_rag/search_policy_rl/rollout_data/56.jsonl	483	what kind of liquor is seagram's 7?	"[""a blended American whiskey""]"	whiskey	0.0	0.5	1	0	true	true	supported_answer	blended American whiskey	S	supported_answer	blended American whiskey	The Seagram's Seven Crown passage directly identifies the liquor type.	Codex	2026-07-15T17:26:44+08:00	d28fb9baf4dbe4ea0b62dba052e564ff61e4cc84dd308ce0d526aef5934c0670	c8a13a256a8b69145125376b94628b3467769d36cba6e41d17e8441acd1abd17
newdata512-0353	new5100-s56-81aa340d-53f6-4652-ac0c-bde95678b1f7-r0	56	L3_steps_41_60	81aa340d-53f6-4652-ac0c-bde95678b1f7	0	nq	log/agenticIterRag/260715-005906-987696-pipeline-agentic_iter_rag_v1_spad_qwen3_1_7b_newdata_5100_gold_token_f1_v3_postnorm03_stage1/outputs/stages/train_agent/spad_rag/search_policy_rl/rollout_data/56.jsonl	122	who came up with the plum pudding model?	"[""J. J. Thomson""]"	J. J. Thomson	1.0	1.0	1	0	false	false			S	supported_answer	J. J. Thomson	The evidence directly states that J. J. Thomson proposed the plum pudding model in 1904.	Codex	2026-07-15T17:30:36+08:00	75cd67383ba641c156640615145f5a7b3f979199914cc8c271ce70d7c38b3d24	3b44610596afd18174d95b8ac11ab09a7832a7025b3aac8ec343b1a6b3ba4dbe
newdata512-0354	new5100-s56-8dae7379-91a0-404c-93c7-2e79c7403a13-r5	56	L3_steps_41_60	8dae7379-91a0-404c-93c7-2e79c7403a13	5	nq	log/agenticIterRag/260715-005906-987696-pipeline-agentic_iter_rag_v1_spad_qwen3_1_7b_newdata_5100_gold_token_f1_v3_postnorm03_stage1/outputs/stages/train_agent/spad_rag/search_policy_rl/rollout_data/56.jsonl	478	who was the last governor in the united states to be impeached?	"[""Rod Blagojevich""]"	William Woods Holden	0.0	0.0	1	0	false	false			S	supported_answer	Rod Blagojevich	The evidence identifies Rod Blagojevich as the Illinois governor impeached in January 2009, later than the other cited governor.	Codex	2026-07-15T17:30:36+08:00	568c48835cd24d5916578159560c23d4895667c669e0c52541e4b0e4d0237477	82af2abf37c1f454ad35c1c375337d81c1eb03e9aa99762de92dbe5b7370f66c
newdata512-0355	new5100-s56-94fc2c43-9d40-4065-9773-70291b44b743-r6	56	L3_steps_41_60	94fc2c43-9d40-4065-9773-70291b44b743	6	hotpotqa	log/agenticIterRag/260715-005906-987696-pipeline-agentic_iter_rag_v1_spad_qwen3_1_7b_newdata_5100_gold_token_f1_v3_postnorm03_stage1/outputs/stages/train_agent/spad_rag/search_policy_rl/rollout_data/56.jsonl	350	Did Nikolai Lobachevsky or Bella Subbotovskaya create a university for those affected by structured anti-Semitism?	"[""Bella Abramovna Subbotovskaya (b. 1938 - d. 23 September 1982) was a Soviet mathematician who founded the short-lived Jewish People's University (1978–1983) in Moscow""]"	Bella Subbotovskaya	0.0	0.17391304347826084	1	0	true	true	supported_answer	Bella Subbotovskaya	S	supported_answer	Bella Subbotovskaya	The passage directly says Bella Subbotovskaya founded the Jewish People's University in response to structured antisemitism.	Codex	2026-07-15T17:30:36+08:00	56233e67ae439a511811a02a7fecd0d5f4b6d98056ed3874bb668ee6ac78115b	89782a3d3ee0a7311e733863ee957604361843ff47e52b1929406cd18189d893
newdata512-0356	new5100-s56-ec83bf53-4f1e-4f06-a9a4-b5d10f0cdac6-r7	56	L3_steps_41_60	ec83bf53-4f1e-4f06-a9a4-b5d10f0cdac6	7	musique	log/agenticIterRag/260715-005906-987696-pipeline-agentic_iter_rag_v1_spad_qwen3_1_7b_newdata_5100_gold_token_f1_v3_postnorm03_stage1/outputs/stages/train_agent/spad_rag/search_policy_rl/rollout_data/56.jsonl	432	What is something that is not consistent between the Jewish population in the country of origin making up foreign inhabitants of the country of citizenship of Karin Larsson's spouse?	"[""the degree to which Jews submit to the disciplines of their religion""]"		0.0	0.0	1	0	true	true	insufficient_evidence	证据不足无法作答	I	insufficient_evidence		The retrieved passages do not establish the requested chain from Karin Larsson's spouse to a place and its Jewish population.	Codex	2026-07-15T17:30:36+08:00	089c1e9addf9c855af04335a8e5176bd6961874da7215b649c472272ad85ddd7	424811f2fd318073cf0c07c4febade0714e0bee33258ae16dd5a946342e433c7
newdata512-0357	new5100-s57-210a989b-eb22-4041-9ff9-8a1b502fd0e4-r0	57	L3_steps_41_60	210a989b-eb22-4041-9ff9-8a1b502fd0e4	0	hotpotqa	log/agenticIterRag/260715-005906-987696-pipeline-agentic_iter_rag_v1_spad_qwen3_1_7b_newdata_5100_gold_token_f1_v3_postnorm03_stage1/outputs/stages/train_agent/spad_rag/search_policy_rl/rollout_data/57.jsonl	58	The man who succeeded John Robert Marks as Mayor of Tallahassee in 2014 has declared his candidacy for which position in the 2018 election?	"[""Governor of Florida""]"	Mayor of Tallahassee in 2018	0.0	0.25	2	0	false	false			S	supported_answer	Governor of Florida	The evidence identifies Andrew Gillum as John Marks's mayoral successor and the 2018 Democratic nominee for governor of Florida.	Codex	2026-07-15T17:30:36+08:00	96564b15f806a11ff4a221df8a917928b8f01daed7154b6b84252fb2dc28be94	cdeefbb858e866a3af9389bdceea59d11074ca1ec94dcfd0cabb80227a86ba21
newdata512-0358	new5100-s57-4aea3c4e-e6cc-4c9c-9ca3-32f8a98a8a8c-r1	57	L3_steps_41_60	4aea3c4e-e6cc-4c9c-9ca3-32f8a98a8a8c	1	nq	log/agenticIterRag/260715-005906-987696-pipeline-agentic_iter_rag_v1_spad_qwen3_1_7b_newdata_5100_gold_token_f1_v3_postnorm03_stage1/outputs/stages/train_agent/spad_rag/search_policy_rl/rollout_data/57.jsonl	119	when did brian wilde leave last of the summer wine?	"[""1985""]"	1985	1.0	1.0	1	0	false	false			S	supported_answer	1985	The Last of the Summer Wine passage directly states that Brian Wilde left in 1985.	Codex	2026-07-15T17:30:36+08:00	038c3d0522171a6012bebc43a7b801d8f5ba3ca7ee3e46888923038becedeadb	511514515f5ecdcbf3a9890786d78a049733f4b3d38ee24e058991d3a039e85a
newdata512-0359	new5100-s57-9d8a14e1-b3c7-458d-ac5e-150efa479573-r6	57	L3_steps_41_60	9d8a14e1-b3c7-458d-ac5e-150efa479573	6	hotpotqa	log/agenticIterRag/260715-005906-987696-pipeline-agentic_iter_rag_v1_spad_qwen3_1_7b_newdata_5100_gold_token_f1_v3_postnorm03_stage1/outputs/stages/train_agent/spad_rag/search_policy_rl/rollout_data/57.jsonl	417	Who invented the submarine abord which Kari Bruwelheide perished?	"[""Horace Lawson Hunley""]"	Julius H. Kroehl	0.0	0.0	1	0	true	true	insufficient_evidence	证据不足无法作答	I	insufficient_evidence		The evidence mentions Kari Bruwelheide's recovery work and Julius Kroehl's submarine, but does not connect the person who perished to the requested submarine.	Codex	2026-07-15T17:30:36+08:00	340726b486b0b7cdcb6b72bb79bddbc8bda665a12e3e1ab502857423207b7423	5ec9cdac60db632e6d8cd480a181c0a777d7fd034d8fea55cb4c696f7bc844f7
newdata512-0360	new5100-s57-ab5cfd24-d4e0-443e-9afa-e473d69de3d3-r0	57	L3_steps_41_60	ab5cfd24-d4e0-443e-9afa-e473d69de3d3	0	nq	log/agenticIterRag/260715-005906-987696-pipeline-agentic_iter_rag_v1_spad_qwen3_1_7b_newdata_5100_gold_token_f1_v3_postnorm03_stage1/outputs/stages/train_agent/spad_rag/search_policy_rl/rollout_data/57.jsonl	140	where was the star spangled banner written city?	"[""Baltimore""]"	Baltimore	1.0	1.0	1	0	false	false			S	supported_answer	Baltimore	The evidence places the bombardment that inspired the anthem at Baltimore Harbor during the Battle of Baltimore.	Codex	2026-07-15T17:30:36+08:00	fd52cbb258b5b97868c341c7df7bc021b5170a20d977ac274346a55ea8d344f7	d45e561f362adce41d52db6cba2b7fb4866c274968bd3ae6d098201a5f0dce9c
newdata512-0361	new5100-s57-ea4e67af-4457-433d-bbd8-bffafc98f711-r6	57	L3_steps_41_60	ea4e67af-4457-433d-bbd8-bffafc98f711	6	nq	log/agenticIterRag/260715-005906-987696-pipeline-agentic_iter_rag_v1_spad_qwen3_1_7b_newdata_5100_gold_token_f1_v3_postnorm03_stage1/outputs/stages/train_agent/spad_rag/search_policy_rl/rollout_data/57.jsonl	427	when did the newest spider man come out?	"[""July 7, 2017""]"		0.0	0.0	1	0	true	true	ambiguous_evidence	ambiguous_evidence	A	ambiguous_evidence		The question does not specify a medium, while the evidence gives different recent Spider-Man film, game, and animated releases.	Codex	2026-07-15T17:30:36+08:00	ff5999c024dfbd8fa34f547049b46248e3d22f65699badf0873da7c6560b14d6	62f1cb008b87705affbc212c3fb8673fefa0a8550c3a0bd989bf7bf6366227eb
newdata512-0362	new5100-s58-1718b573-211e-4257-ad06-1975c87cb7ee-r1	58	L3_steps_41_60	1718b573-211e-4257-ad06-1975c87cb7ee	1	hotpotqa	log/agenticIterRag/260715-005906-987696-pipeline-agentic_iter_rag_v1_spad_qwen3_1_7b_newdata_5100_gold_token_f1_v3_postnorm03_stage1/outputs/stages/train_agent/spad_rag/search_policy_rl/rollout_data/58.jsonl	103	What was the founding member of The Football League that Willie Almond played for?	"[""Accrington""]"	Blackburn Rovers	0.0	0.0	1	0	true	true	insufficient_evidence	证据不足无法作答	I	insufficient_evidence		The evidence lists clubs Willie Almond played for but does not identify which one was a founding Football League member.	Codex	2026-07-15T17:30:36+08:00	12ef7883e0f667cb32151079af3390efa59f7c4e1e82fdf8982f573c1c92bf79	ad06c9f85c1e82f36691ab36a3f42e29396f0ec3dc9512d9a71c69832b2e5adb
newdata512-0363	new5100-s58-1f63c6b0-4b81-407d-a641-711a593fbedc-r1	58	L3_steps_41_60	1f63c6b0-4b81-407d-a641-711a593fbedc	1	2wikimultihopqa	log/agenticIterRag/260715-005906-987696-pipeline-agentic_iter_rag_v1_spad_qwen3_1_7b_newdata_5100_gold_token_f1_v3_postnorm03_stage1/outputs/stages/train_agent/spad_rag/search_policy_rl/rollout_data/58.jsonl	69	Are Tarmak and Kaft Hacheh both located in the same country?	"[""yes""]"		0.0	0.0	4	2	true	true	insufficient_evidence	证据不足无法作答	I	insufficient_evidence		The evidence concerns Kafr Latah in Syria and does not establish the country of Tarmak or a valid comparison.	Codex	2026-07-15T17:30:36+08:00	f74cd9a31e1c7e95dba49b6327a7443d3ecbbf4345d2cca6b4992feb5b2efabc	3dc87f3941cdae3b40662fa1e7aa0f909e29c7fe92f6c8fe942a25114b5efac8
newdata512-0364	new5100-s58-3ad49e3a-7c87-43bc-8b58-43cee22ecdee-r1	58	L3_steps_41_60	3ad49e3a-7c87-43bc-8b58-43cee22ecdee	1	2wikimultihopqa	log/agenticIterRag/260715-005906-987696-pipeline-agentic_iter_rag_v1_spad_qwen3_1_7b_newdata_5100_gold_token_f1_v3_postnorm03_stage1/outputs/stages/train_agent/spad_rag/search_policy_rl/rollout_data/58.jsonl	110	What nationality is the performer of song Happiness (Vanessa Williams Song)?	"[""America""]"	American	0.0	0.0	1	0	true	true	supported_answer	American	S	supported_answer	American	The evidence directly identifies Vanessa Williams, the performer of Happiness, as American.	Codex	2026-07-15T17:30:36+08:00	73acba8b0a14f384fdbf0b3e590d494327a031d75664af5eec7c7cdb821a7724	be4484b7d90db90e3e34a0bdf2e79c7fc72c2f6995d16db0e29193c02e985349
newdata512-0365	new5100-s58-754c8a59-6ce2-44f2-94de-d0c0095ea084-r6	58	L3_steps_41_60	754c8a59-6ce2-44f2-94de-d0c0095ea084	6	2wikimultihopqa	log/agenticIterRag/260715-005906-987696-pipeline-agentic_iter_rag_v1_spad_qwen3_1_7b_newdata_5100_gold_token_f1_v3_postnorm03_stage1/outputs/stages/train_agent/spad_rag/search_policy_rl/rollout_data/58.jsonl	469	Are both bands, Citybois and Family Brown, from the same country?	"[""no""]"	No	1.0	1.0	2	0	false	false			I	insufficient_evidence		Family Brown is identified as Canadian, but the retrieval never identifies Citybois or its country.	Codex	2026-07-15T17:30:36+08:00	9d62fa47767f904e95edbb859651eb7d1d7a8d5ffc5687911c687da20bb8a0f1	4e1c8404249e3267c0832fc7a646cadc07e05b104f56298cd8247f79214f0e74
newdata512-0366	new5100-s58-77d2c8a0-ed1f-48eb-b0e8-b293f543aca5-r7	58	L3_steps_41_60	77d2c8a0-ed1f-48eb-b0e8-b293f543aca5	7	hotpotqa	log/agenticIterRag/260715-005906-987696-pipeline-agentic_iter_rag_v1_spad_qwen3_1_7b_newdata_5100_gold_token_f1_v3_postnorm03_stage1/outputs/stages/train_agent/spad_rag/search_policy_rl/rollout_data/58.jsonl	441	Are Gynaika Magazine and New! Magazine both tailored to a female audience?	"[""no""]"	No, only New! Magazine is tailored to a female audience.	0.0	0.19999999999999998	3	1	false	false			I	insufficient_evidence		The search results do not identify Gynaika Magazine or New! Magazine and therefore cannot support the comparison.	Codex	2026-07-15T17:30:36+08:00	d8f322ce7319f13e4b233c3abe9c5a40a4602ae7bbac02d727fe6ea039b826ce	f2804ce2b2b1fdf4ba39ac258587cdbf969afa812455575284d74ea15b5ed74c
newdata512-0367	new5100-s58-d19faae4-c7fa-47bc-9ff0-c6df73010137-r3	58	L3_steps_41_60	d19faae4-c7fa-47bc-9ff0-c6df73010137	3	musique	log/agenticIterRag/260715-005906-987696-pipeline-agentic_iter_rag_v1_spad_qwen3_1_7b_newdata_5100_gold_token_f1_v3_postnorm03_stage1/outputs/stages/train_agent/spad_rag/search_policy_rl/rollout_data/58.jsonl	217	The signing of what began the basis of the organization that St. Barts became part of in 2012?	"[""the Treaty on the Functioning of the European Union""]"		0.0	0.0	1	0	true	true	insufficient_evidence	证据不足无法作答	I	insufficient_evidence		The evidence describes Saint Barthelemy's territorial status but does not name the treaty that formed the basis of the requested organization.	Codex	2026-07-15T17:30:36+08:00	178478088c1ac1a8aff946e879a4ddf29933b48542bcc0cc1333884a5d5aefbd	3f2fea5e3887d69cdaa8918f2376a2b73dffe96f35fb304f955ffde42cf26e80
newdata512-0368	new5100-s58-d383d230-d7f2-4ec1-96c7-6bd05893c9f4-r1	58	L3_steps_41_60	d383d230-d7f2-4ec1-96c7-6bd05893c9f4	1	hotpotqa	log/agenticIterRag/260715-005906-987696-pipeline-agentic_iter_rag_v1_spad_qwen3_1_7b_newdata_5100_gold_token_f1_v3_postnorm03_stage1/outputs/stages/train_agent/spad_rag/search_policy_rl/rollout_data/58.jsonl	114	Who guest starred in Cooperative Escapism in Familial Relations?	"[""James Brolin""]"	James Brolin and Adam DeVine	0.0	0.5714285714285715	1	0	true	true	supported_answer	James Brolin, Adam DeVine	S	supported_answer	James Brolin and Adam DeVine	The episode passage explicitly names James Brolin and Adam DeVine as guest stars.	Codex	2026-07-15T17:30:36+08:00	497021f59ecd0c5e31d6a1590ad5c8a228ac919c0672bcda7b1195ab1b26bf0f	6b9cb87d684c8a1376f6e3abd0fe07f5af315bdeb1d3daba89f902673ad484c2
newdata512-0369	new5100-s58-d7978cc7-8e53-4490-ae13-646ebd83faba-r4	58	L3_steps_41_60	d7978cc7-8e53-4490-ae13-646ebd83faba	4	nq	log/agenticIterRag/260715-005906-987696-pipeline-agentic_iter_rag_v1_spad_qwen3_1_7b_newdata_5100_gold_token_f1_v3_postnorm03_stage1/outputs/stages/train_agent/spad_rag/search_policy_rl/rollout_data/58.jsonl	258	the type of electrical current in which electrons flow first in one direction then in the other is?	"[""alternating""]"	alternating current (AC)	0.0	0.5	1	0	true	true	insufficient_evidence	证据不足无法作答	I	insufficient_evidence		The evidence defines direct current as one-directional but never identifies the described reversing current as alternating current.	Codex	2026-07-15T17:30:36+08:00	2063549070f9ff73aeaffa9a2e1bb05cbe92887c26d36d1ad8f5ef1358f71dcf	5e780cf0a5fd195f9e47395614d70264a842f956abb3f6177a06d50c2324fdfa
newdata512-0370	new5100-s58-f560420d-c769-4fad-ad9b-0ad789b7b1b7-r2	58	L3_steps_41_60	f560420d-c769-4fad-ad9b-0ad789b7b1b7	2	nq	log/agenticIterRag/260715-005906-987696-pipeline-agentic_iter_rag_v1_spad_qwen3_1_7b_newdata_5100_gold_token_f1_v3_postnorm03_stage1/outputs/stages/train_agent/spad_rag/search_policy_rl/rollout_data/58.jsonl	91	who plays the father in the new beauty and the beast?	"[""Kevin Kline""]"		0.0	0.0	1	0	false	false			S	supported_answer	Kevin Kline	The casting passage maps Kevin Kline to Maurice, Belle's father, in the 2017 film.	Codex	2026-07-15T17:30:36+08:00	81ef9db4ef557cc9d81946267de71b1c0d4b4a3307d12ef4f6b1d91937b7d239	bda1eb50255a4699f5b9ca59ac0f8f0590569e8eb5f55d65833f32d923bf2af3
newdata512-0371	new5100-s59-01ba3680-1035-44e6-b16c-91f9bec9e451-r5	59	L3_steps_41_60	01ba3680-1035-44e6-b16c-91f9bec9e451	5	nq	log/agenticIterRag/260715-005906-987696-pipeline-agentic_iter_rag_v1_spad_qwen3_1_7b_newdata_5100_gold_token_f1_v3_postnorm03_stage1/outputs/stages/train_agent/spad_rag/search_policy_rl/rollout_data/59.jsonl	337	who wins project runway all stars season 2?	"[""Anthony Ryan Auld""]"	Anthony Ryan Auld	1.0	1.0	2	0	false	false			S	supported_answer	the second season of Project Runway All Stars	The evidence directly states that Anthony Ryan Auld won the second season of Project Runway All Stars.	Codex	2026-07-15T17:30:36+08:00	9450dc80535d70d37bee30c04c8b13b57bc85826b0d3927a1007935cc682a7e6	ad7ee1998f71471133f0be92b51abce3bd83449d579f3003794aa7e56a1f937c
newdata512-0372	new5100-s59-03cba014-a9ed-4828-9e9a-5fbc2b4279bb-r5	59	L3_steps_41_60	03cba014-a9ed-4828-9e9a-5fbc2b4279bb	5	nq	log/agenticIterRag/260715-005906-987696-pipeline-agentic_iter_rag_v1_spad_qwen3_1_7b_newdata_5100_gold_token_f1_v3_postnorm03_stage1/outputs/stages/train_agent/spad_rag/search_policy_rl/rollout_data/59.jsonl	391	who composed the iliad and the odyssey (points 1)?	"[""Homer""]"	Homer	1.0	1.0	1	0	false	false			S	supported_answer	Homer	The evidence directly attributes both the Iliad and the Odyssey to Homer.	Codex	2026-07-15T17:30:36+08:00	7f5571e8ec2ed39b92cec3ee9c3ba1599c82a4d7b0ae61d866fe6f629f154329	5916da5a9b5026a287f131b1b8d92939d2d559fc8d51e021b4bbda3a0b21d7ed
newdata512-0373	new5100-s59-7009e3a8-6e45-481c-a6f0-2797efa432ec-r1	59	L3_steps_41_60	7009e3a8-6e45-481c-a6f0-2797efa432ec	1	nq	log/agenticIterRag/260715-005906-987696-pipeline-agentic_iter_rag_v1_spad_qwen3_1_7b_newdata_5100_gold_token_f1_v3_postnorm03_stage1/outputs/stages/train_agent/spad_rag/search_policy_rl/rollout_data/59.jsonl	114	when is the wolf of wall street set?	"[""In 1987""]"	December 25, 2013	0.0	0.0	1	0	true	true	insufficient_evidence	证据不足无法作答	S	supported_answer	1987	The plot evidence begins Jordan Belfort's story in 1987, directly supporting the setting year.	Codex	2026-07-15T17:30:36+08:00	dde1325654463129d3dc3b1b0366308d105f60331159991c6f4c524d5e3081fe	1c5ee4bc5eed4dd1ad2f05c395fd89a219cabf7135c87a2c908d53ea7767196e
newdata512-0374	new5100-s59-706179fe-da1d-4550-8566-a3d9f7e20a37-r0	59	L3_steps_41_60	706179fe-da1d-4550-8566-a3d9f7e20a37	0	2wikimultihopqa	log/agenticIterRag/260715-005906-987696-pipeline-agentic_iter_rag_v1_spad_qwen3_1_7b_newdata_5100_gold_token_f1_v3_postnorm03_stage1/outputs/stages/train_agent/spad_rag/search_policy_rl/rollout_data/59.jsonl	47	Who is older, Robert Fleming Gourlay or Theodore R. Kupferman?	"[""Robert Fleming Gourlay""]"		0.0	0.0	1	0	false	false			I	insufficient_evidence		The evidence does not provide Robert Fleming Gourlay's age or birth date, so the age comparison cannot be made.	Codex	2026-07-15T17:30:36+08:00	b8ec6d25cdd0206de15620b8b02843217f97d446e11c5c325efce87523231509	843cb729d4577599301fdcca33f27360ca5c35028a13b3eba3fa58e36984d41a
newdata512-0375	new5100-s59-7d3c4f30-84dd-4b97-bd1d-8f0d5edad2ce-r2	59	L3_steps_41_60	7d3c4f30-84dd-4b97-bd1d-8f0d5edad2ce	2	hotpotqa	log/agenticIterRag/260715-005906-987696-pipeline-agentic_iter_rag_v1_spad_qwen3_1_7b_newdata_5100_gold_token_f1_v3_postnorm03_stage1/outputs/stages/train_agent/spad_rag/search_policy_rl/rollout_data/59.jsonl	251	Did School of Fish and The Commuters perform music in the same genre?	"[""yes""]"	yes	1.0	1.0	1	0	false	false			S	supported_answer	yes	The evidence explicitly identifies both School of Fish and The Commuters as alternative rock bands.	Codex	2026-07-15T17:30:36+08:00	45d51ab275f7a4198e456367a7fd30db4f8e7666e1c3efa52aa8064a76ef144c	c6f2196236353b82ea0568531998dd502578dba060068966a7525f8c1f9af2b0
newdata512-0376	new5100-s59-9fbf2b32-8bad-4efc-90ec-9d284ad32817-r4	59	L3_steps_41_60	9fbf2b32-8bad-4efc-90ec-9d284ad32817	4	musique	log/agenticIterRag/260715-005906-987696-pipeline-agentic_iter_rag_v1_spad_qwen3_1_7b_newdata_5100_gold_token_f1_v3_postnorm03_stage1/outputs/stages/train_agent/spad_rag/search_policy_rl/rollout_data/59.jsonl	327	Where did the Black Death originate in the continent where Rome is located?	"[""the dry plains of Central Asia""]"		0.0	0.0	2	0	true	true	supported_answer	Central Asia	S	supported_answer	Central Asia	The evidence states that the Black Death originated in the dry plains of Central Asia.	Codex	2026-07-15T17:30:36+08:00	cac9860f4707fc1a0a4bcbf7902f9f32be56c414b9309299f4533c8cf2a4b807	8607265e41fb5d06212d7e786168e20889b9670cb3108fc1f8673169cb616049
newdata512-0377	new5100-s60-0a9d3f75-3887-479e-8858-e600a3733028-r4	60	L3_steps_41_60	0a9d3f75-3887-479e-8858-e600a3733028	4	musique	log/agenticIterRag/260715-005906-987696-pipeline-agentic_iter_rag_v1_spad_qwen3_1_7b_newdata_5100_gold_token_f1_v3_postnorm03_stage1/outputs/stages/train_agent/spad_rag/search_policy_rl/rollout_data/60.jsonl	296	What is the climate like in the city where Inkling is headquartered?	"[""a warm - summer Mediterranean climate""]"	Mild, with dry summers and foggy winters	0.0	0.0	2	0	true	true	supported_answer	mild year-round climate with little seasonal temperature variation, warm-summer Mediterranean climate (Köppen Csb)	S	supported_answer	a warm-summer Mediterranean climate	The evidence locates Inkling's headquarters in San Francisco and describes that city's climate as warm-summer Mediterranean.	Codex	2026-07-15T17:30:36+08:00	8d5d825ac195437837d3d6be45941e21da5d5ce7623021e746e4b9c547b5b8d8	1246e668a713ba3a43dbf2c50c03150e7d145da742b1e652a49e16702c1b0355
newdata512-0378	new5100-s60-421a7f7a-56a4-46fc-9c78-e7a553d6d767-r3	60	L3_steps_41_60	421a7f7a-56a4-46fc-9c78-e7a553d6d767	3	nq	log/agenticIterRag/260715-005906-987696-pipeline-agentic_iter_rag_v1_spad_qwen3_1_7b_newdata_5100_gold_token_f1_v3_postnorm03_stage1/outputs/stages/train_agent/spad_rag/search_policy_rl/rollout_data/60.jsonl	133	when did 'open era' began in tennis?	"[""1968""]"	1968	1.0	1.0	1	0	false	false			S	supported_answer	1968	The tennis passage directly states that the Open Era began in 1968.	Codex	2026-07-15T17:30:36+08:00	86407d330a326f9b9661fdb0be552f34d7b4931bd8a3d96c43d510eba8537805	866a93e58a27193140c1995402f2d8dbcb2a8a29db1b2c5c889c7736298b2dd8
newdata512-0379	new5100-s60-48ab35fd-d841-4939-97bf-61938bbf0c5a-r4	60	L3_steps_41_60	48ab35fd-d841-4939-97bf-61938bbf0c5a	4	nq	log/agenticIterRag/260715-005906-987696-pipeline-agentic_iter_rag_v1_spad_qwen3_1_7b_newdata_5100_gold_token_f1_v3_postnorm03_stage1/outputs/stages/train_agent/spad_rag/search_policy_rl/rollout_data/60.jsonl	401	who's playing aquaman in the new justice league movie?	"[""Jason Momoa""]"	Jason Momoa	1.0	1.0	1	0	false	false			S	supported_answer	Jason Momoa	The Justice League evidence directly identifies Jason Momoa as the actor playing Aquaman.	Codex	2026-07-15T17:30:36+08:00	61f6741e5a5505dc42371cff9d130c6152e2250ae9b5adf9fc860f4a033c1b03	1b1836bb4cfae2fb4761326fe572242e2a4f5965ebadbacbcfa12f647e47a8d2
newdata512-0380	new5100-s60-5e6dfb38-e495-49ef-91be-6fb430b1e77a-r2	60	L3_steps_41_60	5e6dfb38-e495-49ef-91be-6fb430b1e77a	2	nq	log/agenticIterRag/260715-005906-987696-pipeline-agentic_iter_rag_v1_spad_qwen3_1_7b_newdata_5100_gold_token_f1_v3_postnorm03_stage1/outputs/stages/train_agent/spad_rag/search_policy_rl/rollout_data/60.jsonl	245	who is the captain of t&t national cricket team?	"[""Jason Mohammed""]"	Anshuman Rath	0.0	0.0	1	0	true	true	insufficient_evidence	证据不足无法作答	I	insufficient_evidence		The retrieved passages do not identify the captain of the Trinidad and Tobago cricket team.	Codex	2026-07-15T17:30:36+08:00	20c3fd6b367245a2669bcea5fae4911d39c18cb9626ec1aa748094541b9f57d2	2d027cd91a68e4c5b7645e80cd7cb91c7bcee5c1ff90bc74ff3fcef03d4f9c90
newdata512-0381	new5100-s60-70fb9896-75e3-44d5-b66d-6b378c7d6164-r0	60	L3_steps_41_60	70fb9896-75e3-44d5-b66d-6b378c7d6164	0	nq	log/agenticIterRag/260715-005906-987696-pipeline-agentic_iter_rag_v1_spad_qwen3_1_7b_newdata_5100_gold_token_f1_v3_postnorm03_stage1/outputs/stages/train_agent/spad_rag/search_policy_rl/rollout_data/60.jsonl	124	what state did lexington and concord take place?	"[""Massachusetts""]"	Massachusetts	1.0	1.0	1	0	false	false			S	supported_answer	Massachusetts	The evidence directly places the Battles of Lexington and Concord in Massachusetts.	Codex	2026-07-15T17:30:36+08:00	1382afec79646ed949b72116b618c2581e9913e02c27016975525b27ef6a8d00	3d0678d5d34abfcda4e686d908eae34d3b98f06cc9b10eebf17183c0d49bae44
newdata512-0382	new5100-s60-bca323c4-266b-4d82-b7c7-1ce60b8c6429-r0	60	L3_steps_41_60	bca323c4-266b-4d82-b7c7-1ce60b8c6429	0	nq	log/agenticIterRag/260715-005906-987696-pipeline-agentic_iter_rag_v1_spad_qwen3_1_7b_newdata_5100_gold_token_f1_v3_postnorm03_stage1/outputs/stages/train_agent/spad_rag/search_policy_rl/rollout_data/60.jsonl	272	the treaty that formally divided the world between spain and portugal?	"[""Treaty of Tordesillas""]"	Treaty of Lisbon (1668)	0.0	0.5714285714285715	1	0	true	true	supported_answer	Treaty of Tordesillas	S	supported_answer	Treaty of Tordesillas	The Portugal passage explicitly identifies the Treaty of Tordesillas as dividing newly discovered lands between Spain and Portugal.	Codex	2026-07-15T17:30:36+08:00	b7b60f8cf16db6a88f0df27f54ca30017e62e35e53b7ef2378077142d53799bd	92d7ffef5c14cbb3208b7db26c81f1715f150ffa8d70b4007f0cff6764468b7b
newdata512-0383	new5100-s60-d210d38e-5417-4bc8-9eea-f022ee32c5f6-r7	60	L3_steps_41_60	d210d38e-5417-4bc8-9eea-f022ee32c5f6	7	musique	log/agenticIterRag/260715-005906-987696-pipeline-agentic_iter_rag_v1_spad_qwen3_1_7b_newdata_5100_gold_token_f1_v3_postnorm03_stage1/outputs/stages/train_agent/spad_rag/search_policy_rl/rollout_data/60.jsonl	456	Where were the paternal grandparents of the singer who released the album You Can Dance come from?	"[""Pacentro, Italy""]"	Pacentro, Italy	1.0	1.0	3	0	false	false			S	supported_answer	Pacentro, Italy	The evidence identifies Madonna as the singer and states that her paternal grandparents came from Pacentro in Italy.	Codex	2026-07-15T17:30:36+08:00	72f95125840b9e1971e4b92acd859d554a5826fad0d0878f5f23f8d0ad1420da	aab5ecd8b8fbef60d4add8be0451b458bc35f6288b72eba1e742e2807cdbd42c
newdata512-0384	new5100-s60-d5510fae-f6cf-4f81-93fc-536435a349b4-r3	60	L3_steps_41_60	d5510fae-f6cf-4f81-93fc-536435a349b4	3	nq	log/agenticIterRag/260715-005906-987696-pipeline-agentic_iter_rag_v1_spad_qwen3_1_7b_newdata_5100_gold_token_f1_v3_postnorm03_stage1/outputs/stages/train_agent/spad_rag/search_policy_rl/rollout_data/60.jsonl	170	when was football accepted as an international sport?	"[""30 November 1872""]"	1904	0.0	0.0	2	1	true	true	supported_answer	May 21, 1904	I	insufficient_evidence		The evidence dates FIFA's founding but does not establish when football was accepted as an international sport or the intended acceptance event.	Codex	2026-07-15T17:30:36+08:00	de6d785db0f5c6b3b52b17fd4a10c635681b55fd71b8bad2f052dcf1f9c03263	ed27e2bb9292990837278eb0bba527f5617f987572fc2ebb7f61e2680537fbe5
newdata512-0385	new5100-s61-0fadf218-f208-4883-8e2f-a9fbc5caf209-r1	61	L4_steps_61_79	0fadf218-f208-4883-8e2f-a9fbc5caf209	1	musique	log/agenticIterRag/260715-005906-987696-pipeline-agentic_iter_rag_v1_spad_qwen3_1_7b_newdata_5100_gold_token_f1_v3_postnorm03_stage1/outputs/stages/train_agent/spad_rag/search_policy_rl/rollout_data/61.jsonl	201	Why was the country where Gukhwappang originated divided at the 38th parallel at the end of WWII?	"[""it divided the country approximately in half""]"	The 38th parallel was the boundary between Soviet and American occupation zones after WWII, dividing Korea into Northern and Southern states.	0.0	0.0	2	0	true	true	insufficient_evidence	证据不足无法作答	I	insufficient_evidence		The evidence explains the 38th parallel but never establishes that Gukhwappang originated in Korea, leaving the first bridge unsupported.	Codex	2026-07-15T17:34:32+08:00	38e244a43e3183d248fa3cc20c0c726ae1bf96fef59f5c7f8d1ffb1f0d269aef	50b9648ab896a4350480acba326654b6beaab2cd1373c4550217a3a19d15ee01
newdata512-0386	new5100-s61-31965490-e992-458f-bd4f-84b7e7e00425-r0	61	L4_steps_61_79	31965490-e992-458f-bd4f-84b7e7e00425	0	hotpotqa	log/agenticIterRag/260715-005906-987696-pipeline-agentic_iter_rag_v1_spad_qwen3_1_7b_newdata_5100_gold_token_f1_v3_postnorm03_stage1/outputs/stages/train_agent/spad_rag/search_policy_rl/rollout_data/61.jsonl	19	Young Earth creationism, believed by Andrew A. Snelling, holds that the universe, Earth, and all life on Earth were created by who?	"[""God""]"	Andrew A. Snelling	0.0	0.0	1	0	false	false			I	insufficient_evidence		The passages link Snelling to young-Earth creationism but do not state who that belief says created the universe, Earth, and life.	Codex	2026-07-15T17:34:32+08:00	e33ed9c22e9d481bbdc400275e8b0d44c08fc60ca0b8055d0cf3c9d3d59fddf8	b933ad713c6cde365c5f100fc5daf04f9de63ff5821254ac24fef44a133302bf
newdata512-0387	new5100-s61-3a2a4b0f-93dc-4626-bcf2-6e50ce7b4656-r6	61	L4_steps_61_79	3a2a4b0f-93dc-4626-bcf2-6e50ce7b4656	6	hotpotqa	log/agenticIterRag/260715-005906-987696-pipeline-agentic_iter_rag_v1_spad_qwen3_1_7b_newdata_5100_gold_token_f1_v3_postnorm03_stage1/outputs/stages/train_agent/spad_rag/search_policy_rl/rollout_data/61.jsonl	437	Are Birmingham–Shuttlesworth International Airport and Fernando Luis Ribas Dominicci Airport located in the same state?	"[""no""]"	No	1.0	1.0	2	0	false	false			S	supported_answer	no	The evidence locates the airports in Alabama and Puerto Rico, so they are not in the same state.	Codex	2026-07-15T17:34:32+08:00	12326f811eddfc7e299f3dc9c1a71091d0554623e7e42824485e388187f68a42	1a79ea81fc5732ef52500014ca166e85a369449355a45616b6e66a7a97fa328a
newdata512-0388	new5100-s61-55c19bb8-147b-4fdf-a08a-a66a29e49865-r3	61	L4_steps_61_79	55c19bb8-147b-4fdf-a08a-a66a29e49865	3	nq	log/agenticIterRag/260715-005906-987696-pipeline-agentic_iter_rag_v1_spad_qwen3_1_7b_newdata_5100_gold_token_f1_v3_postnorm03_stage1/outputs/stages/train_agent/spad_rag/search_policy_rl/rollout_data/61.jsonl	143	the fact that we tend to remember the items at the end of a list is referred to as?	"[""Serial-position effect""]"	Recency effect	0.0	0.5	1	0	false	false			A	ambiguous_evidence		The evidence names both the serial-position effect for recall of first and last items and the recency effect specifically for final items, making the wording non-unique.	Codex	2026-07-15T17:34:32+08:00	b645c1860195f2cb772deefe5ec5971e4a2077b7f4b06d87a390b45ee2cde688	595888efe074cfbbcac7b77c2caf939cb3cd1da5e2814db64e377618b9f53019
newdata512-0389	new5100-s61-57628187-2d7b-4a79-8e8c-d2c8e0bbbf67-r0	61	L4_steps_61_79	57628187-2d7b-4a79-8e8c-d2c8e0bbbf67	0	musique	log/agenticIterRag/260715-005906-987696-pipeline-agentic_iter_rag_v1_spad_qwen3_1_7b_newdata_5100_gold_token_f1_v3_postnorm03_stage1/outputs/stages/train_agent/spad_rag/search_policy_rl/rollout_data/61.jsonl	46	Who is the spouse of the actress who plays the fairy godmother in the new Cinderella?	"[""Tim Burton""]"	Andy Paxson	0.0	0.0	2	0	true	true	insufficient_evidence	证据不足无法作答	I	insufficient_evidence		The 2015 film evidence identifies Helena Bonham Carter as Fairy Godmother, but the spouse search switches to Melanie Paxson and never gives Carter's spouse.	Codex	2026-07-15T17:34:32+08:00	f1b7505e54e525923e35296eb4842dbe1928976d830f0fa531b231ac7d422837	b2d144813c46d0e1c70d971411484cf4db8f3ad9250aaf343b3e764e9c9696e6
newdata512-0390	new5100-s61-59b8f2fe-d6ee-431f-9b72-8bc4e941669a-r4	61	L4_steps_61_79	59b8f2fe-d6ee-431f-9b72-8bc4e941669a	4	2wikimultihopqa	log/agenticIterRag/260715-005906-987696-pipeline-agentic_iter_rag_v1_spad_qwen3_1_7b_newdata_5100_gold_token_f1_v3_postnorm03_stage1/outputs/stages/train_agent/spad_rag/search_policy_rl/rollout_data/61.jsonl	184	Are both villages, Kombaki and Ashkan-E Olya, located in the same country?	"[""yes""]"	No	0.0	0.0	2	0	false	false			I	insufficient_evidence		The retrieval does not identify either Kombaki or Ashkan-E Olya and therefore cannot support the country comparison.	Codex	2026-07-15T17:34:32+08:00	69ebf07642a7708ae5d4a89df2a42cac613423f154cfdbfe8456a72a8d74daf4	929d0a5cdb63bc79f4d597999c270f38790a9238b07bfeeeaf41e409d3f2fda0
newdata512-0391	new5100-s61-6bcbb6b5-e3a1-4d30-a1e1-cbfe03593cc1-r4	61	L4_steps_61_79	6bcbb6b5-e3a1-4d30-a1e1-cbfe03593cc1	4	nq	log/agenticIterRag/260715-005906-987696-pipeline-agentic_iter_rag_v1_spad_qwen3_1_7b_newdata_5100_gold_token_f1_v3_postnorm03_stage1/outputs/stages/train_agent/spad_rag/search_policy_rl/rollout_data/61.jsonl	351	who did ain't no sunshine when she's gone?	"[""Bill Withers""]"	Bill Withers	1.0	1.0	1	0	false	false			S	supported_answer	Bill Withers	The evidence directly identifies Ain't No Sunshine as a song by Bill Withers.	Codex	2026-07-15T17:34:32+08:00	fbbdd05f827f86b11a9f46175b93dd85901436e94d4d2973bc8f13d67e51f71a	beff55e16cfdbd03f32dc188a0239107e3b957c5874990d182d4ae1bbbba89ea
newdata512-0392	new5100-s61-831dd5c2-7170-4d59-bb6b-f221dd320b9a-r7	61	L4_steps_61_79	831dd5c2-7170-4d59-bb6b-f221dd320b9a	7	hotpotqa	log/agenticIterRag/260715-005906-987696-pipeline-agentic_iter_rag_v1_spad_qwen3_1_7b_newdata_5100_gold_token_f1_v3_postnorm03_stage1/outputs/stages/train_agent/spad_rag/search_policy_rl/rollout_data/61.jsonl	492	"What year did Sissy Spacek play Carrie White, the main protagonist in Stephen King's novel """"Carrie""?"	"[""1976""]"	1976	1.0	1.0	1	0	false	false			S	supported_answer	1976	The evidence identifies the 1976 film and states that Sissy Spacek starred as Carrie White.	Codex	2026-07-15T17:34:32+08:00	c223fb7f781841505f372988de3d0453b3eaa7cbc4c1e91fa491e2867e34d32a	abe1de66629b75b75ed5c96962a62a02e50d098d3944cff6a241db318e5c0c37
newdata512-0393	new5100-s61-9ba7c871-46b3-49b2-9798-d5f857715c7d-r4	61	L4_steps_61_79	9ba7c871-46b3-49b2-9798-d5f857715c7d	4	hotpotqa	log/agenticIterRag/260715-005906-987696-pipeline-agentic_iter_rag_v1_spad_qwen3_1_7b_newdata_5100_gold_token_f1_v3_postnorm03_stage1/outputs/stages/train_agent/spad_rag/search_policy_rl/rollout_data/61.jsonl	446	What director worked in 2002 with the actress born on 18 July 1982?	"[""Majith""]"		0.0	0.0	4	2	true	true	insufficient_evidence	证据不足无法作答	I	insufficient_evidence		No retrieved actress has the stated 18 July 1982 birth date, and no supported 2002 actress-director link is established.	Codex	2026-07-15T17:34:32+08:00	6348144f3f83b22bbb1ce86e1ba718d0fa88fe62be83cdfe902189a2359533e6	177d90c4fae3b61f2159e991a02f8c1382b7b086a50fc0dcffc2fed03baf4036
newdata512-0394	new5100-s61-b35d4145-56e6-49c6-8d70-b06dd5c3053b-r6	61	L4_steps_61_79	b35d4145-56e6-49c6-8d70-b06dd5c3053b	6	2wikimultihopqa	log/agenticIterRag/260715-005906-987696-pipeline-agentic_iter_rag_v1_spad_qwen3_1_7b_newdata_5100_gold_token_f1_v3_postnorm03_stage1/outputs/stages/train_agent/spad_rag/search_policy_rl/rollout_data/61.jsonl	484	What is the date of death of the director of film Pasó En Mi Barrio?	"[""10 May 1977""]"	13 June 2015	0.0	0.0	1	0	true	true	supported_answer	13 June 2015	I	insufficient_evidence		The evidence describes Sergio Renan as an actor in Mario Soffici's film and gives Renan's death, but does not give director Soffici's death date.	Codex	2026-07-15T17:34:32+08:00	b4df56d666fa2395508c3e2afc6119dd86fc3d9eba477f33cbb9895bb7f34695	b362cfc12faa1b56bbae12bf72a80046df00d2a6c4862f70a17348aabb890f91
newdata512-0395	new5100-s61-c8b755ab-27cb-458b-a67f-4c58b028692c-r2	61	L4_steps_61_79	c8b755ab-27cb-458b-a67f-4c58b028692c	2	nq	log/agenticIterRag/260715-005906-987696-pipeline-agentic_iter_rag_v1_spad_qwen3_1_7b_newdata_5100_gold_token_f1_v3_postnorm03_stage1/outputs/stages/train_agent/spad_rag/search_policy_rl/rollout_data/61.jsonl	158	when does season 2 episode 3 of escape the night come out?	"[""June 28, 2017""]"	June 21, 2018	0.0	0.3333333333333333	1	0	true	true	insufficient_evidence	证据不足无法作答	I	insufficient_evidence		The evidence gives series and season premiere dates but not the release date of season 2 episode 3.	Codex	2026-07-15T17:34:32+08:00	bb2720314b97f1981c32f5ec009a83996538257b745aed62d6571c07fd497301	9556a5ff5cd336f575c0e7a3ccb6b4851c2baf203c536da19ac9b3e0a0f9ab0b
newdata512-0396	new5100-s61-c9c9b4eb-2914-4a67-8736-d742deca3bbc-r2	61	L4_steps_61_79	c9c9b4eb-2914-4a67-8736-d742deca3bbc	2	nq	log/agenticIterRag/260715-005906-987696-pipeline-agentic_iter_rag_v1_spad_qwen3_1_7b_newdata_5100_gold_token_f1_v3_postnorm03_stage1/outputs/stages/train_agent/spad_rag/search_policy_rl/rollout_data/61.jsonl	260	what are the two possible values of a bit?	"[""0or1""]"	0 and 1	0.0	0.0	1	0	true	true	supported_answer	0 or 1	S	supported_answer	0 and 1	The bit passage directly states that a binary digit can take the two values 0 or 1.	Codex	2026-07-15T17:34:32+08:00	e441e41a7b6d3f5cf33685bcf367439fba09425188b433d27e3589e4c7df656b	952186539603a738d693c62943589fa79dad4d41e58ae6f37d4dead225c14a81
newdata512-0397	new5100-s62-a5acda87-c6ab-46b8-a5fc-98d99ba6a53f-r6	62	L4_steps_61_79	a5acda87-c6ab-46b8-a5fc-98d99ba6a53f	6	2wikimultihopqa	log/agenticIterRag/260715-005906-987696-pipeline-agentic_iter_rag_v1_spad_qwen3_1_7b_newdata_5100_gold_token_f1_v3_postnorm03_stage1/outputs/stages/train_agent/spad_rag/search_policy_rl/rollout_data/62.jsonl	363	Which film came out earlier, Modern Problems or Friendship (Film)?	"[""Modern Problems""]"	Modern Problems	1.0	1.0	1	0	false	false			I	insufficient_evidence		Modern Problems is dated to 1981, but the evidence never identifies or dates the film Friendship, so the comparison is incomplete.	Codex	2026-07-15T17:34:32+08:00	86578d78dbe0657fc0e439ac863a67dc5a7ee7889f37aff4abcc90d5dff4738c	2007a0ed182d7ce2a1ca69767b6a865edb70906a90cf816ecbb0f6feddbca453
newdata512-0398	new5100-s62-cf432cd0-a8cc-4182-b5e9-07949163402a-r3	62	L4_steps_61_79	cf432cd0-a8cc-4182-b5e9-07949163402a	3	hotpotqa	log/agenticIterRag/260715-005906-987696-pipeline-agentic_iter_rag_v1_spad_qwen3_1_7b_newdata_5100_gold_token_f1_v3_postnorm03_stage1/outputs/stages/train_agent/spad_rag/search_policy_rl/rollout_data/62.jsonl	241	The start of Marked Woman has appeared in how many films?	"[""over 30 films""]"	1	0.0	0.0	1	0	true	true	insufficient_evidence	证据不足无法作答	I	insufficient_evidence		The evidence names the stars of Marked Woman but does not state how many films the intended star appeared in.	Codex	2026-07-15T17:34:32+08:00	b87982529f8061238fdb472eefb599005276c71629a6d756c9dc08d139216b92	4ea6b9220d0eda2dc4e7adda3e4527e117d67f4b2b1b137636c26789cc7c646f
newdata512-0399	new5100-s62-dcce1f9c-18ff-48dc-a201-09eb3cfd74d2-r5	62	L4_steps_61_79	dcce1f9c-18ff-48dc-a201-09eb3cfd74d2	5	hotpotqa	log/agenticIterRag/260715-005906-987696-pipeline-agentic_iter_rag_v1_spad_qwen3_1_7b_newdata_5100_gold_token_f1_v3_postnorm03_stage1/outputs/stages/train_agent/spad_rag/search_policy_rl/rollout_data/62.jsonl	337	Who created the HBO miniseries in which Scott Richard Grimes starred as Technical Sergeant Donald Malarkey?	"[""Scott Grimes""]"	Steven Spielberg and Tom Hanks	0.0	0.0	2	0	true	true	supported_answer	Erik Jendresen	S	supported_answer	Erik Jendresen	The evidence links Scott Grimes to Band of Brothers and explicitly identifies Erik Jendresen as its co-creator.	Codex	2026-07-15T17:34:32+08:00	0cdd8b823e1c54f40b20eeaf459c3fe3ce6672bdd55a48218ae50c1361d8ba04	47690ec5277d9abeb4d24299ee6819553863aceb14356a8fb07e4fd6c7d0f4d3
newdata512-0400	new5100-s62-efbb79f4-d0b0-4d68-8768-f94df1bce615-r3	62	L4_steps_61_79	efbb79f4-d0b0-4d68-8768-f94df1bce615	3	hotpotqa	log/agenticIterRag/260715-005906-987696-pipeline-agentic_iter_rag_v1_spad_qwen3_1_7b_newdata_5100_gold_token_f1_v3_postnorm03_stage1/outputs/stages/train_agent/spad_rag/search_policy_rl/rollout_data/62.jsonl	107	Helmut Burk has recorded with which Chinese pianist, born in Beijing in 1987?	"[""Yuja Wang""]"	Yuja Wang	1.0	1.0	1	0	false	false			I	insufficient_evidence		The evidence matches Yuja Wang's nationality, birthplace, and birth year but never states that Helmut Burk recorded with her.	Codex	2026-07-15T17:34:32+08:00	6d6a780d4e49075837ee6eb64a0740e08dcbe9a32341a31f23efb003577143d6	800912ba6737bd5be0195f6fc6de14746827c6e98074d6992ad928671002a54b
newdata512-0401	new5100-s62-f7e9b2fc-76b7-4b5c-87ff-548b93aaece4-r5	62	L4_steps_61_79	f7e9b2fc-76b7-4b5c-87ff-548b93aaece4	5	nq	log/agenticIterRag/260715-005906-987696-pipeline-agentic_iter_rag_v1_spad_qwen3_1_7b_newdata_5100_gold_token_f1_v3_postnorm03_stage1/outputs/stages/train_agent/spad_rag/search_policy_rl/rollout_data/62.jsonl	407	when is episode 9 of walking dead season 8 air?	"[""February 25, 2018""]"	February 25, 2018	1.0	1.0	1	0	false	false			S	supported_answer	February 25, 2018	The evidence directly states that Honor, season 8 episode 9, aired on February 25, 2018.	Codex	2026-07-15T17:34:32+08:00	043e5fbf503a658afdef6198f4c2494697d42431563233185bf36cdcce602b43	2cb2d850c67529b2e4de385306fad85f373b31e3ed53c7b242c1587b0c962cfa
newdata512-0402	new5100-s62-fc5e5162-5905-4451-a9fd-4bac191ef862-r1	62	L4_steps_61_79	fc5e5162-5905-4451-a9fd-4bac191ef862	1	nq	log/agenticIterRag/260715-005906-987696-pipeline-agentic_iter_rag_v1_spad_qwen3_1_7b_newdata_5100_gold_token_f1_v3_postnorm03_stage1/outputs/stages/train_agent/spad_rag/search_policy_rl/rollout_data/62.jsonl	67	how many episodes are in season 1 of kickin it?	"[""21""]"		0.0	0.0	4	2	true	true	insufficient_evidence	证据不足无法作答	I	insufficient_evidence		The repeated Kickin' It passages discuss renewals and premiere dates but do not state the season 1 episode count.	Codex	2026-07-15T17:34:32+08:00	57cbd978b55211452fabbc9bb65cb6be105bd905b5fe8104bce296f302b05086	9878515ea029aa10a56585850ae1d471da8b82744958bf5c240df43b241a7fc9
newdata512-0403	new5100-s63-014042b9-b596-473b-accd-e3abe951705f-r0	63	L4_steps_61_79	014042b9-b596-473b-accd-e3abe951705f	0	nq	log/agenticIterRag/260715-005906-987696-pipeline-agentic_iter_rag_v1_spad_qwen3_1_7b_newdata_5100_gold_token_f1_v3_postnorm03_stage1/outputs/stages/train_agent/spad_rag/search_policy_rl/rollout_data/63.jsonl	5	a country with an elected president as head of state is called?	"[""sovereign state""]"	president	0.0	0.0	1	0	true	true	supported_answer	Presidential system	S	supported_answer	a presidential system	The evidence defines a presidential system as one whose elected executive is generally both head of government and head of state.	Codex	2026-07-15T17:34:32+08:00	9a4cd91aacfc005a68c293469e6f72a5e3a5499edf879eb4f6c701c9c0b3b7cc	f135c94be521dc315cc0cf6cbcf9fb0a324482b85c532f8654f0deaa686624d9
newdata512-0404	new5100-s63-13f9e864-1e5b-4254-a2b5-6340a5b6958e-r4	63	L4_steps_61_79	13f9e864-1e5b-4254-a2b5-6340a5b6958e	4	hotpotqa	log/agenticIterRag/260715-005906-987696-pipeline-agentic_iter_rag_v1_spad_qwen3_1_7b_newdata_5100_gold_token_f1_v3_postnorm03_stage1/outputs/stages/train_agent/spad_rag/search_policy_rl/rollout_data/63.jsonl	216	what is the name of the man who was made a baron by the Swedish king in 1694 and also is thought to have authored “ales Anecdotes de Suede”?	"[""Samuel von Pufendorf""]"	Samuel von Pufendorf	1.0	1.0	1	0	false	false			I	insufficient_evidence		The evidence says Samuel von Pufendorf has been proposed as the author, but does not establish that he was made a baron in 1694.	Codex	2026-07-15T17:34:32+08:00	fa1175c35f8af648d464e772703486bc45dee84bf2ecd46a70e4ec67b78c9dc9	a13ee467774ecf7088490fd37150e9b56d9d9926642575a087f77247f16fc31c
newdata512-0405	new5100-s63-1e95be83-e8c9-4dec-b745-4ec15d987d4d-r3	63	L4_steps_61_79	1e95be83-e8c9-4dec-b745-4ec15d987d4d	3	musique	log/agenticIterRag/260715-005906-987696-pipeline-agentic_iter_rag_v1_spad_qwen3_1_7b_newdata_5100_gold_token_f1_v3_postnorm03_stage1/outputs/stages/train_agent/spad_rag/search_policy_rl/rollout_data/63.jsonl	169	Who is the composer of the The Beggar's genre that is the same as Penthesilea?	"[""Johann Christoph Pepusch""]"	John Gay	0.0	0.0	1	0	true	true	insufficient_evidence	证据不足无法作答	I	insufficient_evidence		The passages establish that both works are operas but identify John Gay as dramatist, not the requested composer of The Beggar's Opera.	Codex	2026-07-15T17:34:32+08:00	59fcc03d475469b29041a9cd28a20de8179d4517fdef585347177bdeb86a280e	75fc414a07e4e387db89499dfc0cc555aa58cbdab41f9c37e3c0d8c3eef83c9e
newdata512-0406	new5100-s63-3b6c914b-4e50-4847-9d3a-69e9edb1d486-r6	63	L4_steps_61_79	3b6c914b-4e50-4847-9d3a-69e9edb1d486	6	nq	log/agenticIterRag/260715-005906-987696-pipeline-agentic_iter_rag_v1_spad_qwen3_1_7b_newdata_5100_gold_token_f1_v3_postnorm03_stage1/outputs/stages/train_agent/spad_rag/search_policy_rl/rollout_data/63.jsonl	500	the highest peak in north america mt. mckinley (or denali) is located in the state of?	"[""Alaska""]"	Alaska	1.0	1.0	1	0	false	false			S	supported_answer	Alaska	The Denali passage directly places North America's highest peak in the U.S. state of Alaska.	Codex	2026-07-15T17:34:32+08:00	9c3c8b64a9004571b860af1c80e6ad6d41acdf641acf5c0ea36afea1e3cd9bbf	868cb06f49a594f5bc8058efe611020bfdeede89f701759ec0c71045b0bfae83
newdata512-0407	new5100-s63-718bfec0-9636-4e31-8728-28b968409338-r7	63	L4_steps_61_79	718bfec0-9636-4e31-8728-28b968409338	7	hotpotqa	log/agenticIterRag/260715-005906-987696-pipeline-agentic_iter_rag_v1_spad_qwen3_1_7b_newdata_5100_gold_token_f1_v3_postnorm03_stage1/outputs/stages/train_agent/spad_rag/search_policy_rl/rollout_data/63.jsonl	484	Mao Xiatong worked on a television show in 2016 and is what type of actress?	"[""Chinese actress""]"	supporting actress	0.0	0.5	1	0	true	true	supported_answer	Chinese actress	S	supported_answer	Chinese actress	The evidence directly identifies Mao Xiaotong as a Chinese actress and lists her 2016 television roles.	Codex	2026-07-15T17:34:32+08:00	59c310a1031370721cfca9929b8257cdbc7f6e34aa03a5d385c8b258fbdcb267	6693fb1f2406241f7096bc5013095f2132c3f255285ff24d4d450704f8a31ff7
newdata512-0408	new5100-s63-9463deed-26a5-46e4-a844-b37f0de15009-r1	63	L4_steps_61_79	9463deed-26a5-46e4-a844-b37f0de15009	1	2wikimultihopqa	log/agenticIterRag/260715-005906-987696-pipeline-agentic_iter_rag_v1_spad_qwen3_1_7b_newdata_5100_gold_token_f1_v3_postnorm03_stage1/outputs/stages/train_agent/spad_rag/search_policy_rl/rollout_data/63.jsonl	80	What nationality is the director of film The Adventure Of A Ball Night?	"[""Danish""]"	Scottish	0.0	0.0	2	0	true	true	insufficient_evidence	证据不足无法作答	I	insufficient_evidence		The retrieval concerns A Night of Adventure rather than The Adventure of a Ball Night, then confuses director Gordon Douglas with artist Douglas Gordon.	Codex	2026-07-15T17:34:32+08:00	277d874b8857d073e175cb76a19ab14f85a37e099c2e8a129b0d2c6a5a716eca	6e37fc36b7b6ebb62ad2397e1704005fbd41179ba47ac2fa5208e0e949cbb5de
newdata512-0409	new5100-s63-aa3140d0-cb16-44c5-a5b6-0039622f86c6-r5	63	L4_steps_61_79	aa3140d0-cb16-44c5-a5b6-0039622f86c6	5	hotpotqa	log/agenticIterRag/260715-005906-987696-pipeline-agentic_iter_rag_v1_spad_qwen3_1_7b_newdata_5100_gold_token_f1_v3_postnorm03_stage1/outputs/stages/train_agent/spad_rag/search_policy_rl/rollout_data/63.jsonl	461	The Slayers d20 Role-Playing Game is a 2003 role-playing game published by a Canadian company founded by who?	"[""Mark C. MacKinnon""]"	Bob Bledsaw	0.0	0.0	2	0	true	true	insufficient_evidence	证据不足无法作答	I	insufficient_evidence		The evidence identifies Guardians of Order as publisher but does not identify its founder; the follow-up instead retrieves the unrelated Judges Guild.	Codex	2026-07-15T17:34:32+08:00	671693397c62cefcfa91ad16d1872ac843e8cf7538c70ec28340accfddd15ecc	b84f7cf381c2a88a215b77ba1ba810fa886f3c95c64fe3fc43e79d6dd798c9e7
newdata512-0410	new5100-s63-c91c7700-d31c-414d-aa38-8909319e38d2-r6	63	L4_steps_61_79	c91c7700-d31c-414d-aa38-8909319e38d2	6	nq	log/agenticIterRag/260715-005906-987696-pipeline-agentic_iter_rag_v1_spad_qwen3_1_7b_newdata_5100_gold_token_f1_v3_postnorm03_stage1/outputs/stages/train_agent/spad_rag/search_policy_rl/rollout_data/63.jsonl	409	when was sugauli treaty signed between britain india and nepal?	"[""2 December 1815""]"	2 December 1815	1.0	1.0	1	0	false	false			S	supported_answer	2 December 1815	The Treaty of Sugauli passage directly gives its signing date as 2 December 1815.	Codex	2026-07-15T17:34:32+08:00	7478c6fc587700eef3e85d340d2ce4a04b1fdddee0d386e0d4d6056d50f24e54	7634a98e7ceadf9253f0aea440b27f150dd31b1eebae353bda7ce40bf3b9ed08
newdata512-0411	new5100-s63-cc69c980-49f6-4e29-a0f2-1a415596e043-r3	63	L4_steps_61_79	cc69c980-49f6-4e29-a0f2-1a415596e043	3	hotpotqa	log/agenticIterRag/260715-005906-987696-pipeline-agentic_iter_rag_v1_spad_qwen3_1_7b_newdata_5100_gold_token_f1_v3_postnorm03_stage1/outputs/stages/train_agent/spad_rag/search_policy_rl/rollout_data/63.jsonl	283	Name the railroad in Canada which is a short line railway operating between Portland, Maine on the Atlantic Ocean and Montreal in Quebec which had Coaticook station on its west side completed in 1853?	"[""St. Lawrence and Atlantic Railroad""]"	St. Lawrence and Atlantic Railroad	1.0	1.0	1	0	false	false			S	supported_answer	St. Lawrence and Atlantic Railroad	The Coaticook station passage directly names the railroad and states the west-side station was completed in 1853.	Codex	2026-07-15T17:34:32+08:00	a9a79366db8b0612b22c54aab3a18ea6d84819c2e7be8a10f0f30bd3fefece38	27a51b963c996683e39d2a507de420da8add96674e873d2716fe9c6f79e1d97d
newdata512-0412	new5100-s63-fd8651f1-622e-4cf0-8bb0-53b99fdba598-r3	63	L4_steps_61_79	fd8651f1-622e-4cf0-8bb0-53b99fdba598	3	nq	log/agenticIterRag/260715-005906-987696-pipeline-agentic_iter_rag_v1_spad_qwen3_1_7b_newdata_5100_gold_token_f1_v3_postnorm03_stage1/outputs/stages/train_agent/spad_rag/search_policy_rl/rollout_data/63.jsonl	147	name of ship that landed at plymouth rock?	"[""Mayflower""]"	USS Plymouth Rock (LSD-29)	0.0	0.0	1	0	true	true	insufficient_evidence	证据不足无法作答	S	supported_answer	Mayflower	The evidence directly states that the Pilgrims landed at Plymouth Rock aboard the Mayflower.	Codex	2026-07-15T17:34:32+08:00	8fcb474db17c17f042eef66de04d89549b0fd730e0d08f0d0e8e63fb5897e505	11251bfcb91849a8e36dcc1426924c21c1652254d02718ec238ba97e2bbffada
newdata512-0413	new5100-s64-0fb0d2f3-2525-411c-9933-00fdd0387f5a-r6	64	L4_steps_61_79	0fb0d2f3-2525-411c-9933-00fdd0387f5a	6	2wikimultihopqa	log/agenticIterRag/260715-005906-987696-pipeline-agentic_iter_rag_v1_spad_qwen3_1_7b_newdata_5100_gold_token_f1_v3_postnorm03_stage1/outputs/stages/train_agent/spad_rag/search_policy_rl/rollout_data/64.jsonl	439	What is the date of birth of the director of film Dreams In A Drawer?	"[""4 September 1913""]"	N/A	0.0	0.0	2	0	true	true	insufficient_evidence	证据不足无法作答	I	insufficient_evidence		The retrieval finds A Heart in the Drawer rather than Dreams in a Drawer and supplies no birth date for the requested film's director.	Codex	2026-07-15T17:34:32+08:00	5964c05449af2db98bbaddbc615a7775f29b7809e98c5c0f9dd7f6c83a503e30	a32f23ff0196474d11a032fdd7c2eddaf33c339f1f540f1ab3de7a742002bc5e
newdata512-0414	new5100-s64-3fb0945b-2ee9-493d-8772-4ba7e787f605-r4	64	L4_steps_61_79	3fb0945b-2ee9-493d-8772-4ba7e787f605	4	2wikimultihopqa	log/agenticIterRag/260715-005906-987696-pipeline-agentic_iter_rag_v1_spad_qwen3_1_7b_newdata_5100_gold_token_f1_v3_postnorm03_stage1/outputs/stages/train_agent/spad_rag/search_policy_rl/rollout_data/64.jsonl	185	Where was the place of death of the director of film Paramanandayya Sishyula Katha?	"[""Madras""]"	Chennai	0.0	0.0	2	0	true	true	insufficient_evidence	证据不足无法作答	I	insufficient_evidence		The evidence identifies C. Pullaiah as the director and gives his death date, but not his place of death.	Codex	2026-07-15T17:34:32+08:00	1ccab8dfc51a42194358d7032fc4950196b8475afc462c0f9fcdc41bc8dc233f	3f74a3f906c83b756a569c22d5c5d404b292e8863e01bd0da53332e7660fde51
newdata512-0415	new5100-s64-54974043-4235-40b4-ade0-b81a1f268ca0-r7	64	L4_steps_61_79	54974043-4235-40b4-ade0-b81a1f268ca0	7	hotpotqa	log/agenticIterRag/260715-005906-987696-pipeline-agentic_iter_rag_v1_spad_qwen3_1_7b_newdata_5100_gold_token_f1_v3_postnorm03_stage1/outputs/stages/train_agent/spad_rag/search_policy_rl/rollout_data/64.jsonl	382	How many kilometers is the coastal town, located within the Electoral district of Gosford, north of Sydney?	"[""79""]"	30	0.0	0.0	1	0	true	true	insufficient_evidence	证据不足无法作答	I	insufficient_evidence		The evidence identifies Terrigal as a coastal place near Gosford but omits both the electoral-district link and a numerical distance north of Sydney.	Codex	2026-07-15T17:34:32+08:00	70141518c79ccd2cf11b048221b10d02b814046deafaf38bbf158052ee795339	abc64109767b89714bd89312db278e84a7728b22fd1a2f37083e87532953b93d
newdata512-0416	new5100-s64-551b3640-5636-4d48-90f2-9b5225307f53-r2	64	L4_steps_61_79	551b3640-5636-4d48-90f2-9b5225307f53	2	hotpotqa	log/agenticIterRag/260715-005906-987696-pipeline-agentic_iter_rag_v1_spad_qwen3_1_7b_newdata_5100_gold_token_f1_v3_postnorm03_stage1/outputs/stages/train_agent/spad_rag/search_policy_rl/rollout_data/64.jsonl	174	Which gold mine is located in the Bridge River District, Bralorne or Dome Mine?	"[""Bralorne""]"	Bralorne	1.0	1.0	2	0	false	false			S	supported_answer	Bralorne	The evidence directly identifies Bralorne as a gold-mining community in the Bridge River District.	Codex	2026-07-15T17:34:32+08:00	4e03bf859c78739f6a70ed1c8643fe555fb7616d2e3fa9d876853f21a088b701	2f0deeae44348afefcaefee5ed3b9394c3ac803a2287592105813adddc46c0a2
newdata512-0417	new5100-s64-d95e771e-f4ad-4225-99f9-61ab7cce1db1-r5	64	L4_steps_61_79	d95e771e-f4ad-4225-99f9-61ab7cce1db1	5	nq	log/agenticIterRag/260715-005906-987696-pipeline-agentic_iter_rag_v1_spad_qwen3_1_7b_newdata_5100_gold_token_f1_v3_postnorm03_stage1/outputs/stages/train_agent/spad_rag/search_policy_rl/rollout_data/64.jsonl	316	who wrote the national anthem of antigua and barbuda?	"[""Novelle Hamilton Richards""]"	Richard G. Macleod	0.0	0.0	3	1	true	true	insufficient_evidence	证据不足无法作答	I	insufficient_evidence		The retrieved passages never identify the writer of Antigua and Barbuda's national anthem.	Codex	2026-07-15T17:37:30+08:00	7c3e10e6a48c5b7e5885c337e9fb2ba1eb280a70981286746a20563124b193c6	4856ccdfa1300bafbcbbf7691c10d915484ed5b19d79a3d21b94c7df7f0a2c0c
newdata512-0418	new5100-s64-e9a7444f-cbe4-4d28-82f5-43cba7228f60-r0	64	L4_steps_61_79	e9a7444f-cbe4-4d28-82f5-43cba7228f60	0	musique	log/agenticIterRag/260715-005906-987696-pipeline-agentic_iter_rag_v1_spad_qwen3_1_7b_newdata_5100_gold_token_f1_v3_postnorm03_stage1/outputs/stages/train_agent/spad_rag/search_policy_rl/rollout_data/64.jsonl	27	Who became the CEO of the record label that released Hit-Medley?	"[""Peter Edge""]"	Craig Kallman	0.0	0.0	1	0	true	true	insufficient_evidence	证据不足无法作答	I	insufficient_evidence		The evidence lists several label executives but does not identify Hit-Medley's record label, so the CEO cannot be selected.	Codex	2026-07-15T17:37:30+08:00	f99c6e65f8e74589688723ea160843c47084fd9079892753b5f6dbff8324f099	632e68f7e991afdd545429a21ce5ce7a19b40b88aeec46fea56eca014aad8177
newdata512-0419	new5100-s65-0d6c1b72-0d21-40da-b7ec-55c558c78701-r2	65	L4_steps_61_79	0d6c1b72-0d21-40da-b7ec-55c558c78701	2	hotpotqa	log/agenticIterRag/260715-005906-987696-pipeline-agentic_iter_rag_v1_spad_qwen3_1_7b_newdata_5100_gold_token_f1_v3_postnorm03_stage1/outputs/stages/train_agent/spad_rag/search_policy_rl/rollout_data/65.jsonl	76	Are both Olearia and Breynia found in New Zealand?	"[""no""]"	No	1.0	1.0	2	0	false	false			S	supported_answer	no	Olearia species are shown in New Zealand, while Breynia's stated native distribution does not include New Zealand.	Codex	2026-07-15T17:37:30+08:00	26a8cba9c07d77818e1de3f589045b58e0a2296b6d887e71f4d02553a9de1e60	c58fc89240c30e28aacd02f314a47b809b3c3be701af5ab7111abb44bff0b3a7
newdata512-0420	new5100-s65-1d0bc393-306b-432d-97db-af8f10dcc3a1-r5	65	L4_steps_61_79	1d0bc393-306b-432d-97db-af8f10dcc3a1	5	hotpotqa	log/agenticIterRag/260715-005906-987696-pipeline-agentic_iter_rag_v1_spad_qwen3_1_7b_newdata_5100_gold_token_f1_v3_postnorm03_stage1/outputs/stages/train_agent/spad_rag/search_policy_rl/rollout_data/65.jsonl	307	The player who hit the most home runs in a single season played how many seasons of Major League Baseball ?	"[""22 seasons""]"	22	0.0	0.6666666666666666	2	0	true	true	supported_answer	22 seasons	S	supported_answer	22 seasons	The evidence identifies Barry Bonds as the single-season home-run record holder and states that he played 22 MLB seasons.	Codex	2026-07-15T17:37:30+08:00	ac0098f259483aea1ba02fca4359fcf788076b61d4b14d3759b8659ded8e55ce	603c1a7554ad9920791016177b64efd6168a4e5847cd2798d3584dc4ea17a1d4
newdata512-0421	new5100-s65-3e272c96-62da-4d0f-bff1-d6c1ab3b1dd0-r3	65	L4_steps_61_79	3e272c96-62da-4d0f-bff1-d6c1ab3b1dd0	3	hotpotqa	log/agenticIterRag/260715-005906-987696-pipeline-agentic_iter_rag_v1_spad_qwen3_1_7b_newdata_5100_gold_token_f1_v3_postnorm03_stage1/outputs/stages/train_agent/spad_rag/search_policy_rl/rollout_data/65.jsonl	186	Dirty Dancing, an American reality television series, is hosted by an American actor and choreographer known for his brief marriage to whom?	"[""Jennifer Lopez""]"	Lisa Niemi	0.0	0.0	2	0	false	false			I	insufficient_evidence		The retrieval follows the Dirty Dancing film and Patrick Swayze rather than identifying the host of the reality series, so the brief-marriage relation is unsupported.	Codex	2026-07-15T17:37:30+08:00	bc7d32493d07a7df58d13f0d8e40c5d126dc000e449fe0b839e04ac471b1d803	d095e116ec83e843ea1d3f0f2f93ade0a607047cedfd18850821b9b93b911819
newdata512-0422	new5100-s65-5065dac4-08e4-40d8-99d6-91200f918b97-r0	65	L4_steps_61_79	5065dac4-08e4-40d8-99d6-91200f918b97	0	musique	log/agenticIterRag/260715-005906-987696-pipeline-agentic_iter_rag_v1_spad_qwen3_1_7b_newdata_5100_gold_token_f1_v3_postnorm03_stage1/outputs/stages/train_agent/spad_rag/search_policy_rl/rollout_data/65.jsonl	22	What year was the city at the center of the empire with the earliest example of civil disobedience in the early fifth century conquered?	"[""1870""]"	5th century	0.0	0.0	1	0	true	true	insufficient_evidence	证据不足无法作答	I	insufficient_evidence		The evidence mentions Roman-era civil disobedience but switches to Carthage and never establishes the intended imperial center or its conquest year.	Codex	2026-07-15T17:37:30+08:00	e34d58dfbb3f69044d3facb4c04993eb2feb6e2aaa135a967317f52617521b9b	e1c810bc5163725d8c10d3fd8f51e60d1c8066f5c52005a439f3ebcbd5f73749
newdata512-0423	new5100-s65-58c072d7-8d7c-49d3-b70d-13435e703bf0-r5	65	L4_steps_61_79	58c072d7-8d7c-49d3-b70d-13435e703bf0	5	musique	log/agenticIterRag/260715-005906-987696-pipeline-agentic_iter_rag_v1_spad_qwen3_1_7b_newdata_5100_gold_token_f1_v3_postnorm03_stage1/outputs/stages/train_agent/spad_rag/search_policy_rl/rollout_data/65.jsonl	312	In what county is Shady Grove, in the state where the Standard Glass and Paint Company building is located?	"[""Buchanan County""]"	Cherokee County, Oklahoma	0.0	0.4	2	0	true	true	ambiguous_evidence	证据不足无法作答	I	insufficient_evidence		The building is placed in Iowa, but the retrieved Shady Grove candidates are in other states and do not identify the intended Iowa county.	Codex	2026-07-15T17:37:30+08:00	0ba42f42b9c847c2be512b231e95c800f052fd14e462ba68cd5a7282e8070638	927cd09a16c06a522d6c821874b216524d2559ee9eb7455bcf23c3efc6a84be9
newdata512-0424	new5100-s65-c8a70ced-f965-426d-931b-52dac29639a8-r4	65	L4_steps_61_79	c8a70ced-f965-426d-931b-52dac29639a8	4	nq	log/agenticIterRag/260715-005906-987696-pipeline-agentic_iter_rag_v1_spad_qwen3_1_7b_newdata_5100_gold_token_f1_v3_postnorm03_stage1/outputs/stages/train_agent/spad_rag/search_policy_rl/rollout_data/65.jsonl	260	​which of the following is the first step in the process of management by objectives?	"[""Review organizational goal""]"	Define specific objectives	0.0	0.0	1	0	true	true	insufficient_evidence	证据不足无法作答	I	insufficient_evidence		The evidence describes MBO generally but does not explicitly state the first step in a numbered process, and the referenced choices are absent.	Codex	2026-07-15T17:37:30+08:00	d0b74cb63de126905cf07f048708f1833983ee555458438998ac37c88380667d	8b2f88c5e258d6d44af31090a0ad48f288f9cd3606660345e4c90af01de5e748
newdata512-0425	new5100-s65-cbd11e86-5a52-465a-a0db-a2e385a61ddf-r0	65	L4_steps_61_79	cbd11e86-5a52-465a-a0db-a2e385a61ddf	0	hotpotqa	log/agenticIterRag/260715-005906-987696-pipeline-agentic_iter_rag_v1_spad_qwen3_1_7b_newdata_5100_gold_token_f1_v3_postnorm03_stage1/outputs/stages/train_agent/spad_rag/search_policy_rl/rollout_data/65.jsonl	58	Conspiracy and Löwenherz, or Domaine, are both examples of what kind of entertainment?	"[""board game""]"		0.0	0.0	2	0	false	false			I	insufficient_evidence		Conspiracy is identified as a board game, but the search fails to identify Loewenherz or Domaine, leaving the comparison incomplete.	Codex	2026-07-15T17:37:30+08:00	6935405464273b309eac0998c4bbcef2c256c8af2e7848556c73d36ff73edd83	ba021e8f1c6be302580546fdb399d74f527e4b1f0d484bd908271818c9db92d4
newdata512-0426	new5100-s65-f3d04ac5-e8e5-42a5-b588-4b3c3b06d882-r0	65	L4_steps_61_79	f3d04ac5-e8e5-42a5-b588-4b3c3b06d882	0	nq	log/agenticIterRag/260715-005906-987696-pipeline-agentic_iter_rag_v1_spad_qwen3_1_7b_newdata_5100_gold_token_f1_v3_postnorm03_stage1/outputs/stages/train_agent/spad_rag/search_policy_rl/rollout_data/65.jsonl	19	when did the new york yankees last win a world series?	"[""2009""]"	2009	1.0	1.0	1	0	false	false			S	supported_answer	2009	The Yankees passage directly states that their most recent World Series championship came in 2009.	Codex	2026-07-15T17:37:30+08:00	f2236d883158e0c585778f55126900359f8d6bcc3163f059b2850ad4222d7146	e8db1d6f029ea30cf45b1382f88e8ce751c674bf576029631e90f92b0f564575
newdata512-0427	new5100-s66-00fabcb3-7f83-4ee4-83fb-3ba31048e2f1-r5	66	L4_steps_61_79	00fabcb3-7f83-4ee4-83fb-3ba31048e2f1	5	hotpotqa	log/agenticIterRag/260715-005906-987696-pipeline-agentic_iter_rag_v1_spad_qwen3_1_7b_newdata_5100_gold_token_f1_v3_postnorm03_stage1/outputs/stages/train_agent/spad_rag/search_policy_rl/rollout_data/66.jsonl	408	What Body Shot actor also started in the movie Swingers?	"[""Ron Livingston""]"	Jerry O'Connell	0.0	0.0	1	0	false	false			S	supported_answer	Ron Livingston	The cast lists for Body Shots and Swingers both include Ron Livingston.	Codex	2026-07-15T17:37:30+08:00	8a240d353bccb1b3162c37694d011b193e703fba165f88288d65c2bfc4fb9682	259900e7bd23c81f0685d132eb6abe1c3aba4f6ed29cc54cee6e494943b8b78c
newdata512-0428	new5100-s66-6fdc1913-accf-4b4c-af34-cb40f6377b65-r0	66	L4_steps_61_79	6fdc1913-accf-4b4c-af34-cb40f6377b65	0	musique	log/agenticIterRag/260715-005906-987696-pipeline-agentic_iter_rag_v1_spad_qwen3_1_7b_newdata_5100_gold_token_f1_v3_postnorm03_stage1/outputs/stages/train_agent/spad_rag/search_policy_rl/rollout_data/66.jsonl	11	Which county in Waukee High School's state is Robinson in?	"[""Delaware County""]"	Crawford County	0.0	0.5	1	0	true	true	insufficient_evidence	证据不足无法作答	I	insufficient_evidence		Waukee High School is placed in Iowa, but the retrieval only finds Robinson, Illinois, so the requested Iowa county is unsupported.	Codex	2026-07-15T17:37:30+08:00	5520407cebcd9034c8c1c85ea22d09f130274fdb14e6f58a416214e42fcf7adf	2afa04d8d750172ecf84ae47348986b8b06bdb59fbedf1b8c6786bcbaaf03c37
newdata512-0429	new5100-s66-a42b59ee-eea2-431b-aeff-11d07666a955-r2	66	L4_steps_61_79	a42b59ee-eea2-431b-aeff-11d07666a955	2	hotpotqa	log/agenticIterRag/260715-005906-987696-pipeline-agentic_iter_rag_v1_spad_qwen3_1_7b_newdata_5100_gold_token_f1_v3_postnorm03_stage1/outputs/stages/train_agent/spad_rag/search_policy_rl/rollout_data/66.jsonl	79	How many consecutive Gold Glove Awards did the third baseman on the 1970 Baltimore Orioles win?	"[""16""]"	16	1.0	1.0	2	0	false	false			S	supported_answer	16	The evidence identifies Brooks Robinson as the Orioles' third baseman and directly states his 16 consecutive Gold Gloves.	Codex	2026-07-15T17:37:30+08:00	ef478d4d77ffe7e718252bc83aa6c80baa40e6ef4f76d69384a1e4dc9238fa5a	a982775915aba358cb5e41dfe535692e1d57958e2faf4d46db8ceab008a0318a
newdata512-0430	new5100-s66-f0906d98-8239-442a-a4be-2f8a9517639f-r7	66	L4_steps_61_79	f0906d98-8239-442a-a4be-2f8a9517639f	7	nq	log/agenticIterRag/260715-005906-987696-pipeline-agentic_iter_rag_v1_spad_qwen3_1_7b_newdata_5100_gold_token_f1_v3_postnorm03_stage1/outputs/stages/train_agent/spad_rag/search_policy_rl/rollout_data/66.jsonl	504	who is sasha on dancing with the stars engaged to?	"[""Emma Slater""]"	Hudson Sheaffer	0.0	0.0	1	0	true	true	supported_answer	Hudson Sheaffer	A	ambiguous_evidence		The evidence contains both contestant Sasha Pieterse and professional Sasha Farber in Dancing with the Stars, each with a different partner, so 'Sasha' is under-specified.	Codex	2026-07-15T17:37:30+08:00	ba72ae26c87f20736602a7011c832e43678049f038ffe911b1d840d437111402	c10513f8a61dabab4599d14b4b64fc6b192ebc98a2f0fb53b9e8d6005ebfd9d8
newdata512-0431	new5100-s66-f8eca510-5193-4eb9-a1a0-2b296d7917f5-r5	66	L4_steps_61_79	f8eca510-5193-4eb9-a1a0-2b296d7917f5	5	2wikimultihopqa	log/agenticIterRag/260715-005906-987696-pipeline-agentic_iter_rag_v1_spad_qwen3_1_7b_newdata_5100_gold_token_f1_v3_postnorm03_stage1/outputs/stages/train_agent/spad_rag/search_policy_rl/rollout_data/66.jsonl	271	What is the date of death of Jillian Kesner-Graver's husband?	"[""November 16, 2006""]"	November 16, 2006	1.0	1.0	1	0	false	false			S	supported_answer	November 16, 2006	The evidence connects Jillian Kesner-Graver to husband Gary Graver and directly gives his death date.	Codex	2026-07-15T17:37:30+08:00	81654f0ce63029034247b1c4eae1cc89b6b437335b08b103321aef5468cb625e	cd5e2b8a89c9e4dc3d96f3bee8ee1c29ca4db834d1dbd98416098a5ecc7c10aa
newdata512-0432	new5100-s67-6988dcc2-7e20-42fc-8f95-f0e224a35dd6-r2	67	L4_steps_61_79	6988dcc2-7e20-42fc-8f95-f0e224a35dd6	2	nq	log/agenticIterRag/260715-005906-987696-pipeline-agentic_iter_rag_v1_spad_qwen3_1_7b_newdata_5100_gold_token_f1_v3_postnorm03_stage1/outputs/stages/train_agent/spad_rag/search_policy_rl/rollout_data/67.jsonl	192	how many lake counties are there in the united states?	"[""12""]"		0.0	0.0	4	2	true	true	insufficient_evidence	证据不足无法作答	I	insufficient_evidence		The repeated county passages do not enumerate or state the total number of U.S. counties named Lake County.	Codex	2026-07-15T17:37:30+08:00	a876e7adf49cac7be24c5503867b4d1a58dd7faff448c06956298d217544d81b	f07f77cd6f9519098a17b8925b9f7253c7513c6a98cbb0a481e4de754667ff2a
newdata512-0433	new5100-s67-fb0b901e-2a22-4f96-a716-ed5cfe961b78-r7	67	L4_steps_61_79	fb0b901e-2a22-4f96-a716-ed5cfe961b78	7	nq	log/agenticIterRag/260715-005906-987696-pipeline-agentic_iter_rag_v1_spad_qwen3_1_7b_newdata_5100_gold_token_f1_v3_postnorm03_stage1/outputs/stages/train_agent/spad_rag/search_policy_rl/rollout_data/67.jsonl	508	how many states of matter are often found on earth?	"[""Four""]"	4	0.0	0.0	1	0	true	true	supported_answer	4	S	supported_answer	four	The evidence directly states that four states of matter are observable in everyday life.	Codex	2026-07-15T17:37:30+08:00	cdfb6645f2f6db71a571f2644ed7ed1367c52fe3d3d39b6b81db0c050186a443	1d67fe28da1f86058c6fd891a4c50be029cbb16170ce2484937ab5c092e91809
newdata512-0434	new5100-s67-fe282c9a-8320-4208-a1df-a88f4908278d-r3	67	L4_steps_61_79	fe282c9a-8320-4208-a1df-a88f4908278d	3	2wikimultihopqa	log/agenticIterRag/260715-005906-987696-pipeline-agentic_iter_rag_v1_spad_qwen3_1_7b_newdata_5100_gold_token_f1_v3_postnorm03_stage1/outputs/stages/train_agent/spad_rag/search_policy_rl/rollout_data/67.jsonl	176	Which film was released first, Magnificent Presence or Morality Above All Else?	"[""Morality Above All Else""]"	Magnificent Presence	0.0	0.0	2	0	true	true	insufficient_evidence	证据不足无法作答	I	insufficient_evidence		Magnificent Presence is dated to 2012, but Morality Above All Else is not retrieved or dated, so the release comparison is incomplete.	Codex	2026-07-15T17:37:30+08:00	354f7bfadc7162d8312a0f70ac37612a1cc0f09fc63ef66451680ef64d290438	067ba7418af403ec86cef94cda0deca7f5eb8575e804f5aa7c544acc4445bbbf
newdata512-0435	new5100-s68-078cd9e1-6cc3-4a3b-a548-a00c50b6d20e-r6	68	L4_steps_61_79	078cd9e1-6cc3-4a3b-a548-a00c50b6d20e	6	hotpotqa	log/agenticIterRag/260715-005906-987696-pipeline-agentic_iter_rag_v1_spad_qwen3_1_7b_newdata_5100_gold_token_f1_v3_postnorm03_stage1/outputs/stages/train_agent/spad_rag/search_policy_rl/rollout_data/68.jsonl	309	Hard Choices was a memoir by the politician who served in what post from 1993 to 2001?	"[""First Lady of the United States""]"	Hillary Rodham Clinton	0.0	0.0	2	0	true	true	supported_answer	First Lady of the United States	S	supported_answer	First Lady of the United States	The evidence identifies Hillary Clinton as the memoir's author and states that she served as First Lady from 1993 to 2001.	Codex	2026-07-15T17:37:30+08:00	b5d62a77e43df5b4a7869872a66f7eb475433a416fbdc048057259e34c7ccd17	ad0884a303aa1d615d3a514e7f50f014b5c0f2fec1b074362573901388186581
newdata512-0436	new5100-s68-088c7193-5db6-4824-a241-623515048ca8-r4	68	L4_steps_61_79	088c7193-5db6-4824-a241-623515048ca8	4	musique	log/agenticIterRag/260715-005906-987696-pipeline-agentic_iter_rag_v1_spad_qwen3_1_7b_newdata_5100_gold_token_f1_v3_postnorm03_stage1/outputs/stages/train_agent/spad_rag/search_policy_rl/rollout_data/68.jsonl	295	Who is the father of Seemabaddha's screenwriter?	"[""Sukumar Ray""]"		0.0	0.0	1	0	true	true	insufficient_evidence	证据不足无法作答	I	insufficient_evidence		The film evidence names Satyajit Ray only as director and never establishes the screenwriter or that person's father.	Codex	2026-07-15T17:37:30+08:00	515acdb37d646090c954e214d0537ce5f8dcffa6bdf9d34d821aa404e4ae9d7b	d94a02f128296afe6ec4974c76d8629ed6f57ccb8f0db62925fdad6c9b6d7f48
newdata512-0437	new5100-s68-091d23b3-0f7f-4fe6-a655-52f88e253ad8-r0	68	L4_steps_61_79	091d23b3-0f7f-4fe6-a655-52f88e253ad8	0	nq	log/agenticIterRag/260715-005906-987696-pipeline-agentic_iter_rag_v1_spad_qwen3_1_7b_newdata_5100_gold_token_f1_v3_postnorm03_stage1/outputs/stages/train_agent/spad_rag/search_policy_rl/rollout_data/68.jsonl	16	who has the longest wingspan in nba history?	"[""Manute Bol""]"	Manute Bol	1.0	1.0	1	0	false	false			S	supported_answer	Manute Bol	The evidence directly states that Manute Bol's wingspan was the longest in NBA history.	Codex	2026-07-15T17:37:30+08:00	31202e92c1be9065d4584c6bcd76013705a4873bfc91b3c285cd784ddca27604	1b3ce3fa30463519a51e03dac98c869e3a50277c7079fd51ff0ffe545693240f
newdata512-0438	new5100-s68-162b2d11-07e7-4844-acef-f263fe72566d-r1	68	L4_steps_61_79	162b2d11-07e7-4844-acef-f263fe72566d	1	nq	log/agenticIterRag/260715-005906-987696-pipeline-agentic_iter_rag_v1_spad_qwen3_1_7b_newdata_5100_gold_token_f1_v3_postnorm03_stage1/outputs/stages/train_agent/spad_rag/search_policy_rl/rollout_data/68.jsonl	46	average number of trophic level in the food chain of an ecosystem are?	"[""5 or 6""]"	5 or 6	1.0	1.0	2	1	false	false			S	supported_answer	5 or 6	The evidence states that ecosystem food chains rarely extend beyond five or six trophic levels.	Codex	2026-07-15T17:37:30+08:00	b955749157ac53ef4e20081f8433fbf82d30a16be96ca1e32db4be4e2ad409a4	a248e5dfa0c10fb9dc6f1dc6d82797c2e9e3899fcaaba43b8e1d12a730a679b9
newdata512-0439	new5100-s68-3ac79d50-bd14-4ebc-929c-7bf4bf1fb08b-r7	68	L4_steps_61_79	3ac79d50-bd14-4ebc-929c-7bf4bf1fb08b	7	2wikimultihopqa	log/agenticIterRag/260715-005906-987696-pipeline-agentic_iter_rag_v1_spad_qwen3_1_7b_newdata_5100_gold_token_f1_v3_postnorm03_stage1/outputs/stages/train_agent/spad_rag/search_policy_rl/rollout_data/68.jsonl	460	Do both films Alias Mary Dow and My Dictator have the directors that share the same nationality?	"[""no""]"	No	1.0	1.0	2	0	false	false			I	insufficient_evidence		My Dictator's director is identified, but the search never identifies the director of Alias Mary Dow, so nationality cannot be compared.	Codex	2026-07-15T17:37:30+08:00	547e2092bf4fde968f9e66c857698629b70f6d3053e8ccb163bb9917bd30fee9	633e8bc0fdfcd2b065de275f998dd4a94b40f0214764b12a881ea97cf447cccf
newdata512-0440	new5100-s68-5f8e3067-7f03-47dc-a311-14bb849c5467-r3	68	L4_steps_61_79	5f8e3067-7f03-47dc-a311-14bb849c5467	3	2wikimultihopqa	log/agenticIterRag/260715-005906-987696-pipeline-agentic_iter_rag_v1_spad_qwen3_1_7b_newdata_5100_gold_token_f1_v3_postnorm03_stage1/outputs/stages/train_agent/spad_rag/search_policy_rl/rollout_data/68.jsonl	168	Where was the director of film Four For Venice born?	"[""Hamburg""]"	New York City	0.0	0.0	2	0	true	true	insufficient_evidence	证据不足无法作答	I	insufficient_evidence		The film is linked to Vivian Naefe, but the biography search retrieves other people named Vivian and never gives Naefe's birthplace.	Codex	2026-07-15T17:37:30+08:00	5e6bd9f663b1accfeedcf86d83328839084366224d0bce886025c5ff609f9b75	e2fd0fdb34c5e85f04f30d8efbecc12bfdab4aa696a4a99e9d1e319a9d5a23c8
newdata512-0441	new5100-s68-94e3c006-b59d-4ca4-90d4-39aac5b361c1-r2	68	L4_steps_61_79	94e3c006-b59d-4ca4-90d4-39aac5b361c1	2	hotpotqa	log/agenticIterRag/260715-005906-987696-pipeline-agentic_iter_rag_v1_spad_qwen3_1_7b_newdata_5100_gold_token_f1_v3_postnorm03_stage1/outputs/stages/train_agent/spad_rag/search_policy_rl/rollout_data/68.jsonl	67	Which magazine is published more frequently, Jewish Currents or McClure's?	"[""McClure's""]"	Jewish Currents	0.0	0.0	3	1	false	false			S	supported_answer	McClure's	Jewish Currents is identified as quarterly and McClure's as monthly, so McClure's was published more frequently.	Codex	2026-07-15T17:37:30+08:00	18e1662fa1a5fc2f894afe3d22da848e1a790c56538ae9693fc1a4e5b28c5b38	c5302081c4e87cafb3af12b0cd671136134047716cd0a1ec3a8e389da30b83ea
newdata512-0442	new5100-s68-a2761aa3-6580-48df-82c3-9035513eba10-r4	68	L4_steps_61_79	a2761aa3-6580-48df-82c3-9035513eba10	4	nq	log/agenticIterRag/260715-005906-987696-pipeline-agentic_iter_rag_v1_spad_qwen3_1_7b_newdata_5100_gold_token_f1_v3_postnorm03_stage1/outputs/stages/train_agent/spad_rag/search_policy_rl/rollout_data/68.jsonl	326	what city is 50 shades of grey set in?	"[""Vancouver, Washington""]"	Vancouver	0.0	0.6666666666666666	3	0	false	false			I	insufficient_evidence		The evidence describes Vancouver filming locations but does not state the city in which the story is set; filming location cannot answer the question.	Codex	2026-07-15T17:37:30+08:00	64ad441981288a489126d7c40bb55da559242f3c03242d3a3a350507f3c8b297	149635ff8745f8152ea91deab0a03c2f201317c80093103e84a14f3fa2fbbc18
newdata512-0443	new5100-s68-fb3ab518-caf5-4253-9a9a-2152fb393b95-r1	68	L4_steps_61_79	fb3ab518-caf5-4253-9a9a-2152fb393b95	1	hotpotqa	log/agenticIterRag/260715-005906-987696-pipeline-agentic_iter_rag_v1_spad_qwen3_1_7b_newdata_5100_gold_token_f1_v3_postnorm03_stage1/outputs/stages/train_agent/spad_rag/search_policy_rl/rollout_data/68.jsonl	103	Which position did this footballer play, who along with Wynton Rufer scored a goal during the 1992 European Cup Winners' Cup Final?	"[""striker""]"	striker	1.0	1.0	1	0	false	false			S	supported_answer	striker	The final is described as pairing Klaus Allofs with Wynton Rufer up front, supporting the requested forward or striker position.	Codex	2026-07-15T17:37:30+08:00	78c026f6ccceda99e7167b5a062597f5d9e90d647eaa3a5f9e1211f5c26bc8d1	429583e0c1b738ff6590a9e477bcb33db4fa7f4ef5ea1e669f3629b361c2cb09
newdata512-0444	new5100-s68-fe12f7e5-9056-45ab-a867-3f5f525b08eb-r4	68	L4_steps_61_79	fe12f7e5-9056-45ab-a867-3f5f525b08eb	4	2wikimultihopqa	log/agenticIterRag/260715-005906-987696-pipeline-agentic_iter_rag_v1_spad_qwen3_1_7b_newdata_5100_gold_token_f1_v3_postnorm03_stage1/outputs/stages/train_agent/spad_rag/search_policy_rl/rollout_data/68.jsonl	379	Do both films, The Magic of Belle Isle and The Mysterious X, have the directors who are from the same country?	"[""no""]"	No	1.0	1.0	1	0	false	false			I	insufficient_evidence		The Magic of Belle Isle is linked to Rob Reiner, but the retrieval substitutes similarly titled films for The Mysterious X and does not establish its director.	Codex	2026-07-15T17:37:30+08:00	a0aa696ecc0081a7fcf2aefc40f1dce68c81f533420e9fce7196d7123b596519	7819f0dd6fcb6fe2977ab75047771496012e33c04f4b059572bca07d857b78ef
newdata512-0445	new5100-s69-2d2a92a6-2835-47fe-aae5-aa6582e1c5dc-r0	69	L4_steps_61_79	2d2a92a6-2835-47fe-aae5-aa6582e1c5dc	0	nq	log/agenticIterRag/260715-005906-987696-pipeline-agentic_iter_rag_v1_spad_qwen3_1_7b_newdata_5100_gold_token_f1_v3_postnorm03_stage1/outputs/stages/train_agent/spad_rag/search_policy_rl/rollout_data/69.jsonl	3	where does the show the ozarks take place?	"[""Missouri""]"	Lake of the Ozarks	0.0	0.0	1	0	true	true	ambiguous_evidence	Osage Beach, Missouri and Lake of the Ozarks, Georgia (Atlanta area)	S	supported_answer	Missouri	The evidence states that the series is set at Lake of the Ozarks and Osage Beach, Missouri, while separately distinguishing Georgia filming locations.	Codex	2026-07-15T17:37:30+08:00	4d06c995aba4c4b73a5008b476bf773945b44d1ad7788e5794a358d21d98b621	4ce78886918e5ee4eba2f0b8786a97ad44bae13a8c7747cc2abdf4c4c3709d8e
newdata512-0446	new5100-s69-37f441e9-c507-406a-9e66-68395614d35f-r4	69	L4_steps_61_79	37f441e9-c507-406a-9e66-68395614d35f	4	nq	log/agenticIterRag/260715-005906-987696-pipeline-agentic_iter_rag_v1_spad_qwen3_1_7b_newdata_5100_gold_token_f1_v3_postnorm03_stage1/outputs/stages/train_agent/spad_rag/search_policy_rl/rollout_data/69.jsonl	315	the first series of extrasolar planets that were discovered were found by which method?	"[""radial velocity variations""]"	transit method	0.0	0.0	3	2	true	true	insufficient_evidence	证据不足无法作答	I	insufficient_evidence		The evidence lists several early exoplanet discoveries and methods but does not tie the question's 'first series' to one specific detection method.	Codex	2026-07-15T17:37:30+08:00	9815ba28b806dc598596bd561804f8968ce8d2a9fe3d1d3124d06719a9db5bab	f80e17fb80429a2018c8c9b2f967abdd0f50160f7853e09a23f868c6f320766e
newdata512-0447	new5100-s69-dcb3b24b-c8c4-4cd6-ac78-ce3d10d3524f-r2	69	L4_steps_61_79	dcb3b24b-c8c4-4cd6-ac78-ce3d10d3524f	2	musique	log/agenticIterRag/260715-005906-987696-pipeline-agentic_iter_rag_v1_spad_qwen3_1_7b_newdata_5100_gold_token_f1_v3_postnorm03_stage1/outputs/stages/train_agent/spad_rag/search_policy_rl/rollout_data/69.jsonl	187	Who did the performer of Amanda Leigh play in The Princess Diaries?	"[""Lana Thomas""]"		0.0	0.0	4	3	true	true	insufficient_evidence	证据不足无法作答	I	insufficient_evidence		The film cast includes Mandy Moore, but the evidence never identifies her as the performer of Amanda Leigh or maps her to a Princess Diaries character.	Codex	2026-07-15T17:37:30+08:00	1a931ff6791d074f6a704f8010f2dbd8291ff3e3a4164793730699d3bc38aa00	02d2264d33d1b9d35c7126c195ef1cccc06ef59734edb59f2701e79cc6402c48
newdata512-0448	new5100-s70-0e318490-fe14-4ae3-baf3-b9ddca665497-r3	70	L4_steps_61_79	0e318490-fe14-4ae3-baf3-b9ddca665497	3	hotpotqa	log/agenticIterRag/260715-005906-987696-pipeline-agentic_iter_rag_v1_spad_qwen3_1_7b_newdata_5100_gold_token_f1_v3_postnorm03_stage1/outputs/stages/train_agent/spad_rag/search_policy_rl/rollout_data/70.jsonl	241	The Hotel Employees and Restaurant Employees Union has contacted with the Nevada hotel that was founded by which Mirage Resorts CEO?	"[""Steve Wynn""]"	Steve Wynn	1.0	1.0	1	0	false	false			S	supported_answer	Steve Wynn	The evidence links HERE to Wynn Resorts and states that former Mirage Resorts CEO Steve Wynn founded Wynn Resorts.	Codex	2026-07-15T17:37:30+08:00	0f0f699b90e600686b81651a9af891e99e5b083a0d18f339b6d4554c2dfc9f08	5df7c97fe6c6b80790607ab955943457eb0c27c45596fc99d057764d27845f68
newdata512-0449	new5100-s70-68d8f0e4-5d0d-4723-8773-3b4a46c9a38e-r2	70	L4_steps_61_79	68d8f0e4-5d0d-4723-8773-3b4a46c9a38e	2	nq	log/agenticIterRag/260715-005906-987696-pipeline-agentic_iter_rag_v1_spad_qwen3_1_7b_newdata_5100_gold_token_f1_v3_postnorm03_stage1/outputs/stages/train_agent/spad_rag/search_policy_rl/rollout_data/70.jsonl	151	what breed is toto from wizard of oz?	"[""brindle Cairn terrier""]"	Cairn Terrier	0.0	0.8	1	0	true	true	ambiguous_evidence	证据不足无法作答	A	ambiguous_evidence		The film performer is a Cairn Terrier, while the book character is only described as a small terrier and sources infer either Cairn or Yorkshire Terrier; the version is unspecified.	Codex	2026-07-15T17:40:25+08:00	f58f52ba93393c5788b12b749585bc57f8c79fa99383bfd8330bd41a4011250d	58ee9480fb5fd8f5fe111cd3291b3110c7c943e7645011ea6009ee68ba221663
newdata512-0450	new5100-s70-75bfcfe9-9343-41ef-876c-1778739b8b19-r1	70	L4_steps_61_79	75bfcfe9-9343-41ef-876c-1778739b8b19	1	nq	log/agenticIterRag/260715-005906-987696-pipeline-agentic_iter_rag_v1_spad_qwen3_1_7b_newdata_5100_gold_token_f1_v3_postnorm03_stage1/outputs/stages/train_agent/spad_rag/search_policy_rl/rollout_data/70.jsonl	100	when does the new season of superstore start?	"[""September 28, 2017""]"	October 4, 2018	0.0	0.0	1	0	false	false			A	ambiguous_evidence		The relative phrase 'new season' is time-dependent, and the evidence gives different premiere dates for seasons 3 and 4 without a query date.	Codex	2026-07-15T17:40:25+08:00	08b1eeabe3813cb077b6c4c5b393a4dd7b5599a035bb0191e9c48b2752e2d67d	e64e81c89a0d786c15dda8b59a7b3e6b6bb2c12544c72c96c462ae8f6e34eead
newdata512-0451	new5100-s70-987a46ba-af54-4d71-a1cc-e11ea8bec03e-r4	70	L4_steps_61_79	987a46ba-af54-4d71-a1cc-e11ea8bec03e	4	hotpotqa	log/agenticIterRag/260715-005906-987696-pipeline-agentic_iter_rag_v1_spad_qwen3_1_7b_newdata_5100_gold_token_f1_v3_postnorm03_stage1/outputs/stages/train_agent/spad_rag/search_policy_rl/rollout_data/70.jsonl	283	What is the name of the metalcore band from Orange County, CA who album was produced by David Bendeth?	"[""Of Mice & Men""]"	Bleeding Through	0.0	0.0	1	0	true	true	insufficient_evidence	证据不足无法作答	I	insufficient_evidence		Bleeding Through is identified as an Orange County metalcore band, but the evidence never connects any candidate band's album to producer David Bendeth.	Codex	2026-07-15T17:40:25+08:00	adb24115c625d59e850940af98fb095d61581bead88e7854e87ebe9edae17ff8	37699be6221af4fc732eccd3cb8c4a9c46dec0a0603c4e6373c12686f5027cfb
newdata512-0452	new5100-s70-b4d0abcc-47ba-4b4b-a082-abc734604996-r1	70	L4_steps_61_79	b4d0abcc-47ba-4b4b-a082-abc734604996	1	2wikimultihopqa	log/agenticIterRag/260715-005906-987696-pipeline-agentic_iter_rag_v1_spad_qwen3_1_7b_newdata_5100_gold_token_f1_v3_postnorm03_stage1/outputs/stages/train_agent/spad_rag/search_policy_rl/rollout_data/70.jsonl	48	When is the performer of song Take Possession 's birthday?	"[""November 21, 1933""]"	20 January 1971	0.0	0.0	2	0	true	true	supported_answer	20 January 1971	I	insufficient_evidence		The retrieval confuses the song title with Take That and does not identify the performer of Take Possession.	Codex	2026-07-15T17:40:25+08:00	93d2005bee15feddc2ff8fe52ee7a07979ebb963b55e6ac434ec0f2f3fbb18be	60f6ec4da0ff1c89240b305c0fe60b379c72df82e02332ce9ec809d56a2be767
newdata512-0453	new5100-s70-fd923d54-83e7-422f-a433-d00b1ce8cdfb-r6	70	L4_steps_61_79	fd923d54-83e7-422f-a433-d00b1ce8cdfb	6	hotpotqa	log/agenticIterRag/260715-005906-987696-pipeline-agentic_iter_rag_v1_spad_qwen3_1_7b_newdata_5100_gold_token_f1_v3_postnorm03_stage1/outputs/stages/train_agent/spad_rag/search_policy_rl/rollout_data/70.jsonl	430	"Which star of ""Mr. Hobbs Takes a Vacation"" was also in the military?"	"[""James Stewart""]"	James Stewart	1.0	1.0	2	0	false	false			I	insufficient_evidence		James Stewart is identified as a film star, but his retrieved passage does not establish military service; the military passages concern different people with the same name.	Codex	2026-07-15T17:40:25+08:00	f0d2568719f7aa3e1507f926f16469db346e88e46e8e0d1c637ba22e74f5b7d8	e3524e6da7ca02d87eae02f74bdb51a5ca62d3f3ac5d290581701f11f9b03eeb
newdata512-0454	new5100-s71-69055da4-f97b-41c6-b589-8ab6b178bd03-r6	71	L4_steps_61_79	69055da4-f97b-41c6-b589-8ab6b178bd03	6	musique	log/agenticIterRag/260715-005906-987696-pipeline-agentic_iter_rag_v1_spad_qwen3_1_7b_newdata_5100_gold_token_f1_v3_postnorm03_stage1/outputs/stages/train_agent/spad_rag/search_policy_rl/rollout_data/71.jsonl	451	What city did Nicholas I, Lord of the birthplace of Albert, King of the country of citizenship of Erik Karlberg, die?	"[""Wittendörp""]"		0.0	0.0	4	2	true	true	insufficient_evidence	证据不足无法作答	I	insufficient_evidence		The multi-hop entities are not resolved and the evidence never identifies the intended Nicholas I or his city of death.	Codex	2026-07-15T17:40:25+08:00	88ad41c45d2b98b0ec3c6a1113410afcee84d76c0980f4d8d5b1dbcd978d2755	82ad5417260f8ff35bd63b23370150d28b372d44247291d31c2fcb5e70e257ee
newdata512-0455	new5100-s71-80fb476c-85c4-4c89-bedd-41a782167ef0-r3	71	L4_steps_61_79	80fb476c-85c4-4c89-bedd-41a782167ef0	3	nq	log/agenticIterRag/260715-005906-987696-pipeline-agentic_iter_rag_v1_spad_qwen3_1_7b_newdata_5100_gold_token_f1_v3_postnorm03_stage1/outputs/stages/train_agent/spad_rag/search_policy_rl/rollout_data/71.jsonl	177	how many sons of anarchy episodes are there?	"[""92""]"	26	0.0	0.0	2	0	true	true	insufficient_evidence	证据不足无法作答	S	supported_answer	92	The evidence establishes seven seasons and indicates one 14-episode season with the other seasons having 13, yielding 92 episodes.	Codex	2026-07-15T17:40:25+08:00	645bb9eab97c1c4e00e44d66f978dac0565a836bf6aaed05cf71bb494d003fd1	44b6b56e8249e70a8a42296b2813575d621cfd3c25166d99233849b13bd14aac
newdata512-0456	new5100-s71-e79f928d-1d4f-4b49-af20-2461006c842a-r7	71	L4_steps_61_79	e79f928d-1d4f-4b49-af20-2461006c842a	7	musique	log/agenticIterRag/260715-005906-987696-pipeline-agentic_iter_rag_v1_spad_qwen3_1_7b_newdata_5100_gold_token_f1_v3_postnorm03_stage1/outputs/stages/train_agent/spad_rag/search_policy_rl/rollout_data/71.jsonl	505	In what county is the city where you can find Baker Peters House located?	"[""Knox County""]"	Tennessee	0.0	0.0	1	0	false	false			I	insufficient_evidence		The Baker Peters House is located in Knoxville, but no passage states the county containing Knoxville.	Codex	2026-07-15T17:40:25+08:00	d97bf64f23926f9f274bdaa4210cfabed6bc6e5ec2b1fbf5e73503ceca13b2a9	536572ce8c294f20592e4fece190caecb0f371ee79121cbaa1c1174724f39e41
newdata512-0457	new5100-s71-fcd06050-37ed-4061-8cdc-2c61209ed95f-r7	71	L4_steps_61_79	fcd06050-37ed-4061-8cdc-2c61209ed95f	7	2wikimultihopqa	log/agenticIterRag/260715-005906-987696-pipeline-agentic_iter_rag_v1_spad_qwen3_1_7b_newdata_5100_gold_token_f1_v3_postnorm03_stage1/outputs/stages/train_agent/spad_rag/search_policy_rl/rollout_data/71.jsonl	328	Who was born later, Massimo Giacomini or Redon Danaj?	"[""Redon Danaj""]"		0.0	0.0	4	3	false	false			I	insufficient_evidence		The retrieval finds neither Massimo Giacomini nor Redon Danaj and supplies no birth dates for the requested comparison.	Codex	2026-07-15T17:40:25+08:00	aaf91beb7ee3984d7c48371a78f85dfe4311132712a165dec52d8f8a675feb2c	f9136fcafe37d0e57dadcddfc3e98dcf695d4f954ab90e19affac052c8ffec32
newdata512-0458	new5100-s72-108e4e64-0531-4da9-83f1-e68f4e52b950-r2	72	L4_steps_61_79	108e4e64-0531-4da9-83f1-e68f4e52b950	2	musique	log/agenticIterRag/260715-005906-987696-pipeline-agentic_iter_rag_v1_spad_qwen3_1_7b_newdata_5100_gold_token_f1_v3_postnorm03_stage1/outputs/stages/train_agent/spad_rag/search_policy_rl/rollout_data/72.jsonl	104	What part of the life of the person who said man cannot live by bread alone is detailed in these gospels?	"[""Jesus' arrest, trial, crucifixion, burial, and accounts of resurrection""]"	Bread of Life Discourse	0.0	0.15384615384615383	1	0	true	true	insufficient_evidence	证据不足无法作答	I	insufficient_evidence		The evidence identifies Jesus as the speaker and discusses several gospel passages but does not describe the requested part of his life.	Codex	2026-07-15T17:40:25+08:00	95d9f7d6f560e7d6b821cd0bdc48ed181923ffd2270650f890845e9930579b19	0bec810ea3bf894d27fb5ad20bc8a1a92cba56e85339c0f674ee07482ece3126
newdata512-0459	new5100-s72-3b7f1553-a8d9-4a60-982c-cee16b091e2c-r6	72	L4_steps_61_79	3b7f1553-a8d9-4a60-982c-cee16b091e2c	6	hotpotqa	log/agenticIterRag/260715-005906-987696-pipeline-agentic_iter_rag_v1_spad_qwen3_1_7b_newdata_5100_gold_token_f1_v3_postnorm03_stage1/outputs/stages/train_agent/spad_rag/search_policy_rl/rollout_data/72.jsonl	340	Who sang All I Got is You, and is also Dennis Coles?	"[""Ghostface Killah""]"	Sydney Crooks	0.0	0.0	2	1	true	true	insufficient_evidence	证据不足无法作答	I	insufficient_evidence		The song is identified as a Ghostface Killah single, but the evidence never states that Dennis Coles is Ghostface Killah.	Codex	2026-07-15T17:40:25+08:00	ba284218660801b121c9e4290dc85b2a8eaa664ae9534b0002ec9228dad930c1	0ccb19d7310c30dc414c884371d97b1847deeb2cebd23543e4abd66e168834cd
newdata512-0460	new5100-s72-6d6dfa06-e6ef-4187-93cb-f649473bead7-r1	72	L4_steps_61_79	6d6dfa06-e6ef-4187-93cb-f649473bead7	1	nq	log/agenticIterRag/260715-005906-987696-pipeline-agentic_iter_rag_v1_spad_qwen3_1_7b_newdata_5100_gold_token_f1_v3_postnorm03_stage1/outputs/stages/train_agent/spad_rag/search_policy_rl/rollout_data/72.jsonl	129	what kind of wax are crayons made from?	"[""paraffin wax""]"	paraffin wax	1.0	1.0	1	0	false	false			S	supported_answer	paraffin wax	The crayon evidence directly associates modern crayons with paraffin wax.	Codex	2026-07-15T17:40:25+08:00	cadc3351dd89c6d6fce1bf0225570ce221ac69152a7caf2bdf4351f2f5ee4068	94d3a9148fbf0004d246ae143174ad2442f94518fa4efa9442a80a5e2e4cfca8
newdata512-0461	new5100-s72-832cb415-6280-4655-8bcc-01aac882e877-r3	72	L4_steps_61_79	832cb415-6280-4655-8bcc-01aac882e877	3	nq	log/agenticIterRag/260715-005906-987696-pipeline-agentic_iter_rag_v1_spad_qwen3_1_7b_newdata_5100_gold_token_f1_v3_postnorm03_stage1/outputs/stages/train_agent/spad_rag/search_policy_rl/rollout_data/72.jsonl	217	who made the law of conservation of energy?	"[""Émilie du Châtelet""]"		0.0	0.0	1	0	true	true	ambiguous_evidence	ambiguous_evidence	A	ambiguous_evidence		The evidence attributes development or formulation of energy conservation to several people, including Helmholtz, Joule, Mayer, Rankine, Thomson, and Clausius, so 'made' is non-unique.	Codex	2026-07-15T17:40:25+08:00	aa083152dac259033b11c25934d0bbb83547411986f8ecd022ed548840c39a3a	e643b6cac4765bcabb8bf3267a7a69961fe7c86ebc2417c1dc626a81ae15e3fa
newdata512-0462	new5100-s72-84cd2bc7-a27b-437e-8cfe-d96da3dff58a-r3	72	L4_steps_61_79	84cd2bc7-a27b-437e-8cfe-d96da3dff58a	3	hotpotqa	log/agenticIterRag/260715-005906-987696-pipeline-agentic_iter_rag_v1_spad_qwen3_1_7b_newdata_5100_gold_token_f1_v3_postnorm03_stage1/outputs/stages/train_agent/spad_rag/search_policy_rl/rollout_data/72.jsonl	137	American actor and singer, Michael Dunn, starred in the 1965 drama Ship of Fools which was directed by who?	"[""Stanley Kramer""]"	Stanley Kramer	1.0	1.0	1	0	false	false			S	supported_answer	Stanley Kramer	The evidence directly states that the 1965 film Ship of Fools was directed by Stanley Kramer.	Codex	2026-07-15T17:40:25+08:00	7bb23cc5f6dee2523995b2c536225ba41dac0ff86025e5f4914d9571bdcb0374	9393b8ead3e2f51d249aad9c931073c192a1ab89caa4a12abb0738ea3b42cd18
newdata512-0463	new5100-s72-9f30f1d4-cca3-4da3-a2d6-cbe4808a78cf-r1	72	L4_steps_61_79	9f30f1d4-cca3-4da3-a2d6-cbe4808a78cf	1	nq	log/agenticIterRag/260715-005906-987696-pipeline-agentic_iter_rag_v1_spad_qwen3_1_7b_newdata_5100_gold_token_f1_v3_postnorm03_stage1/outputs/stages/train_agent/spad_rag/search_policy_rl/rollout_data/72.jsonl	10	who did lady gaga play in american horror story?	"[""Elizabeth Johnson / The Countess""]"	Ally	0.0	0.0	1	0	true	true	supported_answer	Scáthach	S	supported_answer	Scathach	The American Horror Story evidence explicitly maps Lady Gaga to the character Scathach.	Codex	2026-07-15T17:40:25+08:00	1edfd746e5a85500f457bd8e079000a6e79a4bb9172beef0cb5f143ed4ad740d	cacd725858e50dc24ac28ee628ac6282a001fa5e2788b90cbc37801eb536aac4
newdata512-0464	new5100-s72-c931fcce-e625-41ca-b09e-27d3414c3ce4-r3	72	L4_steps_61_79	c931fcce-e625-41ca-b09e-27d3414c3ce4	3	hotpotqa	log/agenticIterRag/260715-005906-987696-pipeline-agentic_iter_rag_v1_spad_qwen3_1_7b_newdata_5100_gold_token_f1_v3_postnorm03_stage1/outputs/stages/train_agent/spad_rag/search_policy_rl/rollout_data/72.jsonl	230	When was the city that houses Boca Raton Old City Hall first incorporated?	"[""August 2, 1924""]"	1924	0.0	0.5	1	0	true	true	supported_answer	August 2, 1924	S	supported_answer	August 2, 1924	The evidence locates the old city hall in Boca Raton and directly gives the city's first incorporation date.	Codex	2026-07-15T17:40:25+08:00	29234e63d927a984c585aa2227bd60d01c30bce18d1d021a8a7d486e978ffbe4	aab1200bb456d64b26bf04a5ea3c34f34024fed795fbb71b08c1cfb89fa84327
newdata512-0465	new5100-s72-d8f45b40-50ff-4fca-a467-2965a398df8f-r3	72	L4_steps_61_79	d8f45b40-50ff-4fca-a467-2965a398df8f	3	nq	log/agenticIterRag/260715-005906-987696-pipeline-agentic_iter_rag_v1_spad_qwen3_1_7b_newdata_5100_gold_token_f1_v3_postnorm03_stage1/outputs/stages/train_agent/spad_rag/search_policy_rl/rollout_data/72.jsonl	158	where is the harley davidson street 750 made?	"[""Harley's Kansas City facility""]"	Bawal, Haryana, India	0.0	0.0	1	0	true	true	ambiguous_evidence	Kansas City, Missouri plant and Bawal, India	A	ambiguous_evidence		The evidence states that North American Street 750 motorcycles were built in Kansas City while other-market units were manufactured in Bawal, India; the market is unspecified.	Codex	2026-07-15T17:40:25+08:00	9fec3740655c9ab17579947f9b01c1c0357e207b87f1498ccc27091ef5c1761c	ddf72248703c95eccc72a6eadd7b0d1f55257ea203b81470fd285b0df0b3c3a9
newdata512-0466	new5100-s73-1c9c8d4b-424a-489c-9a7a-186b861d7251-r6	73	L4_steps_61_79	1c9c8d4b-424a-489c-9a7a-186b861d7251	6	musique	log/agenticIterRag/260715-005906-987696-pipeline-agentic_iter_rag_v1_spad_qwen3_1_7b_newdata_5100_gold_token_f1_v3_postnorm03_stage1/outputs/stages/train_agent/spad_rag/search_policy_rl/rollout_data/73.jsonl	432	What kind of institution is Ellis Amburn's alma mater?	"[""private university""]"	Texas Christian University	0.0	0.4	2	0	true	true	supported_answer	Texas Christian University	I	insufficient_evidence		The evidence identifies Texas Christian University as Ellis Amburn's alma mater but never states what type of institution it is.	Codex	2026-07-15T17:40:25+08:00	c4cf00893e2459ddcc0470847ea9fe79af2e4b342442b9e20a9fa5608292741d	b7769768f2b8cf29a58bd0aa3d6b0f14b2d81c2e516404082615b6663c8d5ac6
newdata512-0467	new5100-s73-28e61ac3-dd1b-4075-8014-adf67752eaa0-r0	73	L4_steps_61_79	28e61ac3-dd1b-4075-8014-adf67752eaa0	0	hotpotqa	log/agenticIterRag/260715-005906-987696-pipeline-agentic_iter_rag_v1_spad_qwen3_1_7b_newdata_5100_gold_token_f1_v3_postnorm03_stage1/outputs/stages/train_agent/spad_rag/search_policy_rl/rollout_data/73.jsonl	84	Are Roystonea and Diplolaena both types of shrubs?	"[""no""]"	No	1.0	1.0	2	0	false	false			S	supported_answer	no	Diplolaena is identified as a shrub, whereas Roystonea is a genus of palms, so both are not shrubs.	Codex	2026-07-15T17:40:25+08:00	fec20c234bd71cdf81bb5de5f8f4cbd4635e0a15afaf4e006db3773f1a05ebbb	555b19b7baf67b7b4fa73e7099c4695fc54e49c3ff12ded387a9d070899f0c18
newdata512-0468	new5100-s73-74ca600b-d2e8-4775-aa9d-8757fc4c430b-r5	73	L4_steps_61_79	74ca600b-d2e8-4775-aa9d-8757fc4c430b	5	musique	log/agenticIterRag/260715-005906-987696-pipeline-agentic_iter_rag_v1_spad_qwen3_1_7b_newdata_5100_gold_token_f1_v3_postnorm03_stage1/outputs/stages/train_agent/spad_rag/search_policy_rl/rollout_data/73.jsonl	366	Are the reasons for the crucifixion of the sower in the parable of the sower known?	"[""the exact reasons for the death of Jesus are hard to determine""]"	No, the reasons for the crucifixion of the sower in the parable of the sower are not known from the provided sources.	0.0	0.3076923076923077	1	0	true	true	insufficient_evidence	证据不足无法作答	I	insufficient_evidence		The evidence explains the Parable of the Sower but does not discuss reasons for Jesus's crucifixion, and the question conflates Jesus with the sower.	Codex	2026-07-15T17:40:25+08:00	b321072b6c3c7dc03ed7a6b86a531cc88ac1f96d437c344978e3aed777d2b9d0	d4139812b134ff72b66e6c8771b21ade2b55830c4d620faa984578217d4a2eb4
newdata512-0469	new5100-s73-825d4ad6-27e4-4160-bf30-7f9d98891c82-r0	73	L4_steps_61_79	825d4ad6-27e4-4160-bf30-7f9d98891c82	0	nq	log/agenticIterRag/260715-005906-987696-pipeline-agentic_iter_rag_v1_spad_qwen3_1_7b_newdata_5100_gold_token_f1_v3_postnorm03_stage1/outputs/stages/train_agent/spad_rag/search_policy_rl/rollout_data/73.jsonl	63	when do jack and lisa get married on heartland?	"[""in the season 7 finale""]"		0.0	0.0	4	2	true	true	insufficient_evidence	证据不足无法作答	I	insufficient_evidence		The retrieval gives Heartland season information but never states when Jack and Lisa marry; follow-up results concern The Simpsons.	Codex	2026-07-15T17:40:25+08:00	d5a79ece4892afeae5ce4dac3b70213120513158ca5893973e5a09d117e26b30	2fc1b71ca867f8722ffa4e7625e296be7f62d6614cf749531c6162e6fa71098c
newdata512-0470	new5100-s73-88111ac9-0a37-46a3-ae51-234d383797b6-r3	73	L4_steps_61_79	88111ac9-0a37-46a3-ae51-234d383797b6	3	2wikimultihopqa	log/agenticIterRag/260715-005906-987696-pipeline-agentic_iter_rag_v1_spad_qwen3_1_7b_newdata_5100_gold_token_f1_v3_postnorm03_stage1/outputs/stages/train_agent/spad_rag/search_policy_rl/rollout_data/73.jsonl	178	Who was born first, James Dissiramah or Marjean Holden?	"[""Marjean Holden""]"	James Dissiramah	0.0	0.0	2	0	false	false			S	supported_answer	Marjean Holden	The evidence gives Marjean Holden's 1964 birth date and James Dissiramah's 1983 birth date, so Holden was born first.	Codex	2026-07-15T17:40:25+08:00	53a5023fe61b8ee082d57c4d5b9289d01e35b1d2949aba1b383614dc26043a11	0dc3285ced559060909f9f0ea3c3ce03ff9cb565255dc0b135b604f47952642e
newdata512-0471	new5100-s73-a5f85078-cafc-42f6-87b0-05b4e30f07c7-r4	73	L4_steps_61_79	a5f85078-cafc-42f6-87b0-05b4e30f07c7	4	musique	log/agenticIterRag/260715-005906-987696-pipeline-agentic_iter_rag_v1_spad_qwen3_1_7b_newdata_5100_gold_token_f1_v3_postnorm03_stage1/outputs/stages/train_agent/spad_rag/search_policy_rl/rollout_data/73.jsonl	344	when did US and UK invade the country that seized Libya in 1911 from the empire that used to rule where Rila is today?	"[""3 September 1943""]"		0.0	0.0	1	0	true	true	insufficient_evidence	证据不足无法作答	I	insufficient_evidence		The evidence establishes that Italy seized Ottoman Libya but does not state when the United States and United Kingdom invaded Italy.	Codex	2026-07-15T17:40:25+08:00	274a4428cffbfc299938ef730ffbd8066e8875f4b8ff46c18ca3624c7f239128	4b0c1f2a6b799db8a10ea864072631275415fd9f50e2d75b029a3ba2cf1203c1
newdata512-0472	new5100-s73-c3a3ce42-6c85-49b4-99f7-67e1a98aa070-r0	73	L4_steps_61_79	c3a3ce42-6c85-49b4-99f7-67e1a98aa070	0	nq	log/agenticIterRag/260715-005906-987696-pipeline-agentic_iter_rag_v1_spad_qwen3_1_7b_newdata_5100_gold_token_f1_v3_postnorm03_stage1/outputs/stages/train_agent/spad_rag/search_policy_rl/rollout_data/73.jsonl	11	which indian city's name literally means 'land of the thunderbolt'?	"[""Darjeeling""]"	Darjeeling	1.0	1.0	1	0	false	false			S	supported_answer	Darjeeling	The evidence directly explains Darjeeling as deriving from words meaning land of the thunderbolt.	Codex	2026-07-15T17:40:25+08:00	df8460ed18a50ca839b51433e4f55f32abc5316e0791f45bffef8ae8f698c3e5	1d7b4fde1a696d86c68d73608bf2ddb6b1eb1820ddc79f25dcec05b4f2d7fd46
newdata512-0473	new5100-s73-de33c071-40b2-4d3b-942b-feeee69549f0-r4	73	L4_steps_61_79	de33c071-40b2-4d3b-942b-feeee69549f0	4	2wikimultihopqa	log/agenticIterRag/260715-005906-987696-pipeline-agentic_iter_rag_v1_spad_qwen3_1_7b_newdata_5100_gold_token_f1_v3_postnorm03_stage1/outputs/stages/train_agent/spad_rag/search_policy_rl/rollout_data/73.jsonl	289	Which film came out first, Black Silk or An American Haunting?	"[""Black Silk""]"	An American Haunting	0.0	0.0	1	0	false	false			I	insufficient_evidence		An American Haunting is dated, but Black Silk is not retrieved or dated, so the release-order comparison is incomplete.	Codex	2026-07-15T17:40:25+08:00	dcb3e0a05a9caba7ae6b6ac6c39f0f8d673d40444018ce918c8210843f9361fc	1e0b5f535596b3351902a440a9f1ff1fb7aa83ffe4b9a7f8c0cc1914b6d798c9
newdata512-0474	new5100-s73-e974c0b5-ec16-45f7-bcc6-c3a2b887a414-r3	73	L4_steps_61_79	e974c0b5-ec16-45f7-bcc6-c3a2b887a414	3	musique	log/agenticIterRag/260715-005906-987696-pipeline-agentic_iter_rag_v1_spad_qwen3_1_7b_newdata_5100_gold_token_f1_v3_postnorm03_stage1/outputs/stages/train_agent/spad_rag/search_policy_rl/rollout_data/73.jsonl	316	Who was in charge of the country where Hoga was located?	"[""Hassan Sheikh Mohamud""]"	British Military Administration (Malaya)	0.0	0.0	3	1	true	true	insufficient_evidence	证据不足无法作答	I	insufficient_evidence		The retrieval confuses the intended place Hoga with a tugboat and several similarly named people or places, so its country and leader are not established.	Codex	2026-07-15T17:40:25+08:00	79d8c46d527d02343bba80aed32f5f6f5a260906b53b3268cfffb486c6975917	290ccf70dc9cffcd087c584082e25579b69b5bb5cd0ad8a7a39b985bf18ca80c
newdata512-0475	new5100-s74-3535fdb2-1069-468a-a409-5cce6dea0035-r2	74	L4_steps_61_79	3535fdb2-1069-468a-a409-5cce6dea0035	2	nq	log/agenticIterRag/260715-005906-987696-pipeline-agentic_iter_rag_v1_spad_qwen3_1_7b_newdata_5100_gold_token_f1_v3_postnorm03_stage1/outputs/stages/train_agent/spad_rag/search_policy_rl/rollout_data/74.jsonl	137	who is the general manager of the new york yankees?	"[""Brian McGuire Cashman""]"	Brian Cashman	0.0	0.8	1	0	true	true	supported_answer	Brian Cashman	S	supported_answer	Brian McGuire Cashman	The evidence directly identifies Brian Cashman as the New York Yankees' general manager.	Codex	2026-07-15T17:40:25+08:00	64b7c814dd139b349ac59c61ff72c447c2e3d29ac1528c78d53dea7bc320ca98	8095bd300ce97927ad084cb9de1d3788645ce2141c2720cda272f87535a62c2d
newdata512-0476	new5100-s74-76b3e46d-1e9a-4263-9d65-853e22fdefdf-r4	74	L4_steps_61_79	76b3e46d-1e9a-4263-9d65-853e22fdefdf	4	nq	log/agenticIterRag/260715-005906-987696-pipeline-agentic_iter_rag_v1_spad_qwen3_1_7b_newdata_5100_gold_token_f1_v3_postnorm03_stage1/outputs/stages/train_agent/spad_rag/search_policy_rl/rollout_data/74.jsonl	275	when does trailer park season 12 come out?	"[""March 30, 2018""]"	March 30, 2018	1.0	1.0	1	0	false	false			S	supported_answer	March 30, 2018	The evidence directly states that Trailer Park Boys season 12 premiered on Netflix on March 30, 2018.	Codex	2026-07-15T17:40:25+08:00	cd7244f2eec23044a6624c677beae8fa3607efa9f0cefc940ac418a932b9d1ea	e7708478a93a03e41c776d04bbf2259dcb3a9adf47cdf5b93bac1c89cf701f7d
newdata512-0477	new5100-s74-8e1b2ad2-216d-45b8-9b73-de94d30d841d-r4	74	L4_steps_61_79	8e1b2ad2-216d-45b8-9b73-de94d30d841d	4	hotpotqa	log/agenticIterRag/260715-005906-987696-pipeline-agentic_iter_rag_v1_spad_qwen3_1_7b_newdata_5100_gold_token_f1_v3_postnorm03_stage1/outputs/stages/train_agent/spad_rag/search_policy_rl/rollout_data/74.jsonl	293	Which magazine named this American politician as one of America's Best Senators in 2006, whom Mark Lawrence challenged for the 2000 U.S. Senate election and lost?	"[""Time""]"	Time	1.0	1.0	1	0	false	false			I	insufficient_evidence		Mark Lawrence's opponent is not identified in the visible evidence, while the Time citation concerns John McCain, so the requested politician-to-magazine chain is unsupported.	Codex	2026-07-15T17:40:25+08:00	3f5e7dd0e7ce0b96ab908c635cdeac335535c428f2569e7409ab6f689b57bebd	b8a74c7adf082c95b6875be1b8930b75b369128a73230e7e9aeb98f468263eb0
newdata512-0478	new5100-s74-a21321f8-b82b-4f35-acd0-08a8e5d4aa93-r3	74	L4_steps_61_79	a21321f8-b82b-4f35-acd0-08a8e5d4aa93	3	hotpotqa	log/agenticIterRag/260715-005906-987696-pipeline-agentic_iter_rag_v1_spad_qwen3_1_7b_newdata_5100_gold_token_f1_v3_postnorm03_stage1/outputs/stages/train_agent/spad_rag/search_policy_rl/rollout_data/74.jsonl	286	In which city did the United States Army Medical Materiel Agency host its biological weapons program from 1943 to 1969?	"[""Fort Detrick""]"	Fort Detrick	1.0	1.0	1	0	false	false			S	supported_answer	Fort Detrick	The evidence directly identifies Fort Detrick as the center of the U.S. biological weapons program from 1943 to 1969.	Codex	2026-07-15T17:40:25+08:00	f80346cf9b4687f4814a0d295cd6430a3016251a351d825b1f008411519504f0	2d856f30fbf38ff001464467a5495ffb294e738dc30c2bb1e66bac9c508f3956
newdata512-0479	new5100-s75-1453940e-8030-47f8-b3c2-bbaea28ea3b9-r6	75	L4_steps_61_79	1453940e-8030-47f8-b3c2-bbaea28ea3b9	6	nq	log/agenticIterRag/260715-005906-987696-pipeline-agentic_iter_rag_v1_spad_qwen3_1_7b_newdata_5100_gold_token_f1_v3_postnorm03_stage1/outputs/stages/train_agent/spad_rag/search_policy_rl/rollout_data/75.jsonl	327	who has won the most seasons of survivor?	"[""Sandra Diaz-Twine""]"		0.0	0.0	4	3	false	false			S	supported_answer	Sandra Diaz-Twine	The evidence identifies Sandra Diaz-Twine as the first two-time Survivor winner, establishing the most season wins in the cited context.	Codex	2026-07-15T17:40:25+08:00	0fd389632a930ebfcbae9bf71d0e2e10849457d227971d1ed1950e1ac275674c	b6531f9b06db71db50e60fc193464a4976f1c9358fb97c15953d6cc19fc6eac6
newdata512-0480	new5100-s75-28be1793-5588-4f0a-8bf0-7555dc12bb75-r4	75	L4_steps_61_79	28be1793-5588-4f0a-8bf0-7555dc12bb75	4	2wikimultihopqa	log/agenticIterRag/260715-005906-987696-pipeline-agentic_iter_rag_v1_spad_qwen3_1_7b_newdata_5100_gold_token_f1_v3_postnorm03_stage1/outputs/stages/train_agent/spad_rag/search_policy_rl/rollout_data/75.jsonl	207	Which film has the director who was born first, The Devil'S Gondola or The Sins Of Ilsa?	"[""The Devil'S Gondola""]"	The Devil's Gondola	1.0	1.0	2	0	false	false			I	insufficient_evidence		The retrieval does not establish each film's director; the follow-up only gives Bia Lessa's birth date, so the two directors cannot be compared.	Codex	2026-07-15T17:40:25+08:00	4ed170555156b02311cd4d58ba31c144b0d5f675f980a64969746a335691e7d3	9aa5aa4ebd96c1e88f3aa7ca415a9c96a4fc3165123520b122a1c59ee3106d3f
newdata512-0481	new5100-s75-4f5d2f58-c8f7-4568-b06a-363cae965483-r4	75	L4_steps_61_79	4f5d2f58-c8f7-4568-b06a-363cae965483	4	2wikimultihopqa	log/agenticIterRag/260715-005906-987696-pipeline-agentic_iter_rag_v1_spad_qwen3_1_7b_newdata_5100_gold_token_f1_v3_postnorm03_stage1/outputs/stages/train_agent/spad_rag/search_policy_rl/rollout_data/75.jsonl	333	When did Remigius Of Rouen's father die?	"[""22 October 741""]"	771	0.0	0.0	2	1	true	true	insufficient_evidence	证据不足无法作答	I	insufficient_evidence		The evidence identifies Charles Martel as Remigius's father but provides only Remigius's death year, not Charles Martel's death date.	Codex	2026-07-15T17:43:48+08:00	bbb3216d378066922abcdb6d80d8ede8cf8f468f9b95991f6811c514b8e530e0	392e2171b67bd0d31cf9ba8c44063b5396f31e2e5610179dcf87652bb9899187
newdata512-0482	new5100-s75-7aacb828-5f36-46a4-8c82-ac7810a86e56-r2	75	L4_steps_61_79	7aacb828-5f36-46a4-8c82-ac7810a86e56	2	nq	log/agenticIterRag/260715-005906-987696-pipeline-agentic_iter_rag_v1_spad_qwen3_1_7b_newdata_5100_gold_token_f1_v3_postnorm03_stage1/outputs/stages/train_agent/spad_rag/search_policy_rl/rollout_data/75.jsonl	219	when does before i wake come out in theaters?	"[""July 31, 2016""]"		0.0	0.0	1	0	false	false			S	supported_answer	July 31, 2016	The evidence directly gives the film's North American theatrical premiere as July 31, 2016.	Codex	2026-07-15T17:43:48+08:00	0fde83e61ca0ebe02f5b3204583ce627026729ec75f2a6bbce571a16fbbc5fa8	5440a021639c15ba7adb753c01be46825a5bd6049759115d45040e6eb4da9d41
newdata512-0483	new5100-s75-9264bbdc-cc3f-4919-9e41-1703af3b51f9-r3	75	L4_steps_61_79	9264bbdc-cc3f-4919-9e41-1703af3b51f9	3	musique	log/agenticIterRag/260715-005906-987696-pipeline-agentic_iter_rag_v1_spad_qwen3_1_7b_newdata_5100_gold_token_f1_v3_postnorm03_stage1/outputs/stages/train_agent/spad_rag/search_policy_rl/rollout_data/75.jsonl	201	To which jurisdiction does the flag of the country of Bahamas National Trust apply?	"[""Bahama Islands""]"	The flag of the Bahamas applies to the Bahamas, which is a UK Overseas Territory.	0.0	0.0	3	0	true	true	ambiguous_evidence	证据不足无法作答	S	supported_answer	the Commonwealth of the Bahamas	The evidence states that the present national flag has applied to the Commonwealth of the Bahamas since independence in 1973.	Codex	2026-07-15T17:43:48+08:00	bf898841966f561b3d3c31755233e1bdc97c15f35e33766dce477270199ba2b6	33a79397fd0d735731a7db1463f4002c20ec871f905677ee86cddcb8c0145b3c
newdata512-0484	new5100-s75-9ca159a9-d137-4b42-8ffe-05bd012317bb-r1	75	L4_steps_61_79	9ca159a9-d137-4b42-8ffe-05bd012317bb	1	nq	log/agenticIterRag/260715-005906-987696-pipeline-agentic_iter_rag_v1_spad_qwen3_1_7b_newdata_5100_gold_token_f1_v3_postnorm03_stage1/outputs/stages/train_agent/spad_rag/search_policy_rl/rollout_data/75.jsonl	49	who is known as the human computer of india?	"[""Shakuntala Devi""]"	Namdeo Das Tyagi	0.0	0.0	2	0	false	false			I	insufficient_evidence		The search retrieves a person nicknamed Computer Baba and computing organizations, but never identifies the person known as India's human computer.	Codex	2026-07-15T17:43:48+08:00	ed8656b3897075544fb6c41d0b1148d69974a3f76ed0ae8cc42b90bd1a3ca4c6	e607045df8e70d14c607a8f70bc05f0d3ed61a1266224f320e0afebddd8b285a
newdata512-0485	new5100-s75-ab53c041-3750-49c0-85db-28268a3effe9-r4	75	L4_steps_61_79	ab53c041-3750-49c0-85db-28268a3effe9	4	musique	log/agenticIterRag/260715-005906-987696-pipeline-agentic_iter_rag_v1_spad_qwen3_1_7b_newdata_5100_gold_token_f1_v3_postnorm03_stage1/outputs/stages/train_agent/spad_rag/search_policy_rl/rollout_data/75.jsonl	354	When was way down by the performer of Live in the large city southeastern of the US state having Pyramid Lake Fault Zone released?	"[""August 16, 1977""]"	1977-06-06	0.0	0.0	1	0	true	true	supported_answer	June 6, 1977	S	supported_answer	June 6, 1977	The evidence directly states that Elvis Presley's Way Down was released as a single on June 6, 1977, distinguishing release from his later death date.	Codex	2026-07-15T17:43:48+08:00	79ae36524db3cfc50dc3f462ed68fca57b3c6021b8124a8a2cbdee010ea86c44	bc060b906901f44957c06d20930f79c92422dc8e9511c163c2a2535735089260
newdata512-0486	new5100-s75-e9dc3826-c6ba-4b7e-b833-2b6b28415149-r6	75	L4_steps_61_79	e9dc3826-c6ba-4b7e-b833-2b6b28415149	6	2wikimultihopqa	log/agenticIterRag/260715-005906-987696-pipeline-agentic_iter_rag_v1_spad_qwen3_1_7b_newdata_5100_gold_token_f1_v3_postnorm03_stage1/outputs/stages/train_agent/spad_rag/search_policy_rl/rollout_data/75.jsonl	415	Are Kal-E Abdol Ghani and Sharafabad-E Mastufi located in the same country?	"[""yes""]"	Yes	1.0	1.0	1	0	false	false			I	insufficient_evidence		The retrieval identifies a different Sharafabad village and never identifies Kal-E Abdol Ghani, so the country comparison is unsupported.	Codex	2026-07-15T17:43:48+08:00	0499bf8e4c944558c6d0b52503d8dc99f9b1e05e40e8359c46c85cfcd8e200a4	61e58fc845fdf27621e8427568e4c3df8b214079bb9a81dc357903c70d429cba
newdata512-0487	new5100-s75-fe163072-263c-45be-a3fd-80b5b0fa4e2d-r3	75	L4_steps_61_79	fe163072-263c-45be-a3fd-80b5b0fa4e2d	3	hotpotqa	log/agenticIterRag/260715-005906-987696-pipeline-agentic_iter_rag_v1_spad_qwen3_1_7b_newdata_5100_gold_token_f1_v3_postnorm03_stage1/outputs/stages/train_agent/spad_rag/search_policy_rl/rollout_data/75.jsonl	75	Who has more performing jobs, Saffron or Marjo?	"[""Saffron, is a singer, songwriter, actress and the lead singer of the electronica band Republica.""]"	Saffron	0.0	0.15384615384615385	2	0	true	true	insufficient_evidence	证据不足无法作答	S	supported_answer	Saffron	The evidence gives Saffron the performing roles of singer, songwriter, actress, and band lead, more than the performing roles stated for Marjo.	Codex	2026-07-15T17:43:48+08:00	933c26838ebc1f072c9c4f49a422222da92bde1f0182054112443e70bb8121c2	cff0ad52f6c073c1363b766a4a4d76422ed43115c3fadcf938448bcf934e7cfe
newdata512-0488	new5100-s76-114a07cd-96a9-4b1d-8384-ebc435b316f3-r7	76	L4_steps_61_79	114a07cd-96a9-4b1d-8384-ebc435b316f3	7	musique	log/agenticIterRag/260715-005906-987696-pipeline-agentic_iter_rag_v1_spad_qwen3_1_7b_newdata_5100_gold_token_f1_v3_postnorm03_stage1/outputs/stages/train_agent/spad_rag/search_policy_rl/rollout_data/76.jsonl	459	Who was president of the united states immediately following the conflict participated by James Youll Turnbull?	"[""Thomas Woodrow Wilson""]"	Warren G. Harding	0.0	0.0	2	0	true	true	insufficient_evidence	证据不足无法作答	I	insufficient_evidence		The evidence establishes Turnbull's First World War service but does not identify the U.S. president immediately after that conflict.	Codex	2026-07-15T17:43:48+08:00	cd7102d9b6a1758186802a9636eba8edf5f9f12f6202a83dfdbb69d44e85774d	78d2171d70ccdc3b18323fab4e7a3359a4a2608e57cb3d40339a62059f03e730
newdata512-0489	new5100-s76-3af42f56-c2b2-4b5d-86d5-28e6e88c9c7a-r0	76	L4_steps_61_79	3af42f56-c2b2-4b5d-86d5-28e6e88c9c7a	0	nq	log/agenticIterRag/260715-005906-987696-pipeline-agentic_iter_rag_v1_spad_qwen3_1_7b_newdata_5100_gold_token_f1_v3_postnorm03_stage1/outputs/stages/train_agent/spad_rag/search_policy_rl/rollout_data/76.jsonl	9	where was the quick and the dead filmed?	"[""Arizona""]"	Arizona	1.0	1.0	1	0	false	false			S	supported_answer	Arizona	The evidence directly identifies filming locations in Old Tucson, Mescal, and other sites in Arizona.	Codex	2026-07-15T17:43:48+08:00	aab8e27d541e5d819d769f4ba9ef601dd469efe6d55d8a618e8dc485c11b7a33	bae18a3476ef5aa7df6d965aec67f9581b008c2bd9c79ee18ba3cf38d145bf10
newdata512-0490	new5100-s76-597332ef-89d6-4826-829e-0f9b04eb230a-r6	76	L4_steps_61_79	597332ef-89d6-4826-829e-0f9b04eb230a	6	musique	log/agenticIterRag/260715-005906-987696-pipeline-agentic_iter_rag_v1_spad_qwen3_1_7b_newdata_5100_gold_token_f1_v3_postnorm03_stage1/outputs/stages/train_agent/spad_rag/search_policy_rl/rollout_data/76.jsonl	414	What is William Seymour Tyler's college a member of?	"[""Five Colleges""]"	Amherst College	0.0	0.0	1	0	true	true	insufficient_evidence	证据不足无法作答	I	insufficient_evidence		The evidence identifies Amherst College as Tyler's college but does not state the consortium or organization of which Amherst is a member.	Codex	2026-07-15T17:43:48+08:00	2cbe83a03ecdcf3a610645f0f4b3981682a5e5870937da54b692aad3e298973f	36cf1bada8f53e2558342db16b2d0ecb70aeeaa646f7c58e07cee8d511d75839
newdata512-0491	new5100-s76-a3addebf-a886-492f-b4ea-aae88ac782c3-r5	76	L4_steps_61_79	a3addebf-a886-492f-b4ea-aae88ac782c3	5	nq	log/agenticIterRag/260715-005906-987696-pipeline-agentic_iter_rag_v1_spad_qwen3_1_7b_newdata_5100_gold_token_f1_v3_postnorm03_stage1/outputs/stages/train_agent/spad_rag/search_policy_rl/rollout_data/76.jsonl	258	who wrote the children's book the snowman?	"[""English author Raymond Briggs""]"	Raymond Briggs	0.0	0.6666666666666666	1	0	true	true	supported_answer	Raymond Briggs	S	supported_answer	Raymond Briggs	The evidence directly identifies The Snowman children's picture book as a work by Raymond Briggs.	Codex	2026-07-15T17:43:48+08:00	59cd2ec78f0c1fa7dccd511afbaa3169063f716c0796ff731aa3c29271cdde8c	7b91bad3c1e62b6cdfd7f6b987ee944512dde5f6432550132cafdc434d254c1a
newdata512-0492	new5100-s76-afddd01f-8609-4263-b9be-9f13d011a5f9-r7	76	L4_steps_61_79	afddd01f-8609-4263-b9be-9f13d011a5f9	7	hotpotqa	log/agenticIterRag/260715-005906-987696-pipeline-agentic_iter_rag_v1_spad_qwen3_1_7b_newdata_5100_gold_token_f1_v3_postnorm03_stage1/outputs/stages/train_agent/spad_rag/search_policy_rl/rollout_data/76.jsonl	471	What Harry Potter character did the character actor from A Kick Up the Eighties portray?	"[""Professor Sprout""]"		0.0	0.0	1	0	true	true	insufficient_evidence	证据不足无法作答	I	insufficient_evidence		The show cast includes several actors and the evidence does not identify the intended character actor or map that person to a Harry Potter role.	Codex	2026-07-15T17:43:48+08:00	cc1fdef587fa135d32a7b7f08773cd5fff3eac670c9005eb5b5a15d493793ba9	e084a4fbf1ec29b13d57325ed0a32e74965efae03938ecaf0f53e9bbc72eda95
newdata512-0493	new5100-s76-c489724b-c25a-49fd-82fe-6bf90f3b13f9-r5	76	L4_steps_61_79	c489724b-c25a-49fd-82fe-6bf90f3b13f9	5	nq	log/agenticIterRag/260715-005906-987696-pipeline-agentic_iter_rag_v1_spad_qwen3_1_7b_newdata_5100_gold_token_f1_v3_postnorm03_stage1/outputs/stages/train_agent/spad_rag/search_policy_rl/rollout_data/76.jsonl	461	who sang pour some sugar on me first?	"[""Def Leppard""]"	Def Leppard	1.0	1.0	2	0	false	false			S	supported_answer	Def Leppard	The evidence directly identifies Pour Some Sugar on Me as a Def Leppard song and later versions as covers.	Codex	2026-07-15T17:43:48+08:00	bc97c5b94f0fe4252a87924d3e4c71fb4344e30bed4d88e10f9b8c318c192714	268694d08a2fe3f32a64b9b6cc4a3166e9ed7c5120af7beaa3177ffba81fbd36
newdata512-0494	new5100-s77-19baa68d-b913-485b-b5b3-2bf4ab4852e2-r3	77	L4_steps_61_79	19baa68d-b913-485b-b5b3-2bf4ab4852e2	3	musique	log/agenticIterRag/260715-005906-987696-pipeline-agentic_iter_rag_v1_spad_qwen3_1_7b_newdata_5100_gold_token_f1_v3_postnorm03_stage1/outputs/stages/train_agent/spad_rag/search_policy_rl/rollout_data/77.jsonl	301	The city where CFGX-FM is located shares a border with what?	"[""Point Edward""]"	Detroit	0.0	0.0	2	0	true	true	supported_answer	Port Huron, Michigan	S	supported_answer	Port Huron, Michigan	The evidence locates CFGX-FM in Sarnia and states that Sarnia lies directly across the international border from Port Huron, Michigan.	Codex	2026-07-15T17:43:48+08:00	7117ab5f976cf852eafcd83c8df7915ab4d795351d01f1fe1e7467aacd263721	8590a3d33ccaec7015847c5285230f616c7e34b61c334c3982e902a50f278a8c
newdata512-0495	new5100-s77-55213f14-c713-460a-986f-f08c34620988-r2	77	L4_steps_61_79	55213f14-c713-460a-986f-f08c34620988	2	hotpotqa	log/agenticIterRag/260715-005906-987696-pipeline-agentic_iter_rag_v1_spad_qwen3_1_7b_newdata_5100_gold_token_f1_v3_postnorm03_stage1/outputs/stages/train_agent/spad_rag/search_policy_rl/rollout_data/77.jsonl	105	Who is a British businessman and the current chairman of Premier League football side Tottenham Hotspur, and owner of a United Kingdom investment company, focused on the sports and media sectors?	"[""Daniel Philip Levy""]"	Daniel Levy	0.0	0.8	1	0	true	true	ambiguous_evidence	ambiguous_evidence无法作答	S	supported_answer	Daniel Philip Levy	The evidence identifies Daniel Levy as Tottenham Hotspur's executive chairman and a co-owner of the sports-and-media investment company ENIC.	Codex	2026-07-15T17:43:48+08:00	eb868e928db8d832f53ba42bd1555c969c9348aa1d087045fc1fc85d7a03a453	c41049c9deed02bf75ab0e8a6a04daa8b7a36ef5ce11b54ec3daa520a814168c
newdata512-0496	new5100-s77-73a77561-9336-4a30-a4da-bd68c2f181d9-r6	77	L4_steps_61_79	73a77561-9336-4a30-a4da-bd68c2f181d9	6	2wikimultihopqa	log/agenticIterRag/260715-005906-987696-pipeline-agentic_iter_rag_v1_spad_qwen3_1_7b_newdata_5100_gold_token_f1_v3_postnorm03_stage1/outputs/stages/train_agent/spad_rag/search_policy_rl/rollout_data/77.jsonl	355	Which film has the director who was born earlier, Rudhramadevi (Film) or Here Is Your Life?	"[""Here Is Your Life""]"	Here Is Your Life	1.0	1.0	1	0	false	false			I	insufficient_evidence		The search does not identify the directors of either named film and therefore cannot compare their birth dates.	Codex	2026-07-15T17:43:48+08:00	6805345dd8bb45417284e230b10f986fdf13ca0109794603df6afe54cd102ab3	44496d83b6daa34946745cae0fdb59b97cedb65c6b8bab6c282523f4aec31c53
newdata512-0497	new5100-s77-8d1273ce-d45d-42d8-a328-20a157c01a0c-r1	77	L4_steps_61_79	8d1273ce-d45d-42d8-a328-20a157c01a0c	1	musique	log/agenticIterRag/260715-005906-987696-pipeline-agentic_iter_rag_v1_spad_qwen3_1_7b_newdata_5100_gold_token_f1_v3_postnorm03_stage1/outputs/stages/train_agent/spad_rag/search_policy_rl/rollout_data/77.jsonl	197	How many square miles is the continent on which Mount Tchaikovsky can be found?	"[""5,400,000""]"		0.0	0.0	4	2	true	true	insufficient_evidence	证据不足无法作答	I	insufficient_evidence		Mount Tchaikovsky is never retrieved or placed on a continent, and no continent area matching the question is provided.	Codex	2026-07-15T17:43:48+08:00	c2699adcdef906e06990204f1a08b3024a3b8b6d5b329206cfd6044676a60ff6	79db3b8307e83ef464c4803e4da2d2f63f41300d81198930e7c1256b8c63201c
newdata512-0498	new5100-s77-92774cad-9a42-45cd-b7f1-884760129392-r7	77	L4_steps_61_79	92774cad-9a42-45cd-b7f1-884760129392	7	hotpotqa	log/agenticIterRag/260715-005906-987696-pipeline-agentic_iter_rag_v1_spad_qwen3_1_7b_newdata_5100_gold_token_f1_v3_postnorm03_stage1/outputs/stages/train_agent/spad_rag/search_policy_rl/rollout_data/77.jsonl	457	The Seventh Date of Blashyrkh is black metal band, and which black metal band from Bergen, Norway, founded in 1991 by frontman and bassist Abbath Doom Occulta (Olve Eikemo), first live DVD?	"[""Immortal""]"	Immortal	1.0	1.0	2	0	false	false			S	supported_answer	Immortal	The evidence directly identifies the Bergen black metal band founded by Abbath as Immortal.	Codex	2026-07-15T17:43:48+08:00	c2d9981e46e50d90313e7fb76383625784f19befef4370271b89a7877d5fa350	c4a9258c04e3ea10e95b355db889f8f2088a6386b6539269d2bc5e7606aad541
newdata512-0499	new5100-s77-a565c132-1c68-4b61-bab3-b25ee6586c9b-r3	77	L4_steps_61_79	a565c132-1c68-4b61-bab3-b25ee6586c9b	3	nq	log/agenticIterRag/260715-005906-987696-pipeline-agentic_iter_rag_v1_spad_qwen3_1_7b_newdata_5100_gold_token_f1_v3_postnorm03_stage1/outputs/stages/train_agent/spad_rag/search_policy_rl/rollout_data/77.jsonl	96	who is the biggest buyer of us debt?	"[""the public""]"	Encore Capital Group	0.0	0.0	1	0	true	true	insufficient_evidence	证据不足无法作答	I	insufficient_evidence		The retrieval concerns commercial buyers of delinquent consumer debt, not buyers or holders of United States government debt.	Codex	2026-07-15T17:43:48+08:00	e98441e6bc82e44396c208f2cbb6381e9f3c87560259d551d2927a079e4ef659	04c349268f7271e8a42926ba83ffb5226523f89d83133536a830fe2d22fcf234
newdata512-0500	new5100-s77-a9635d3c-c436-4924-a285-ded73ae09f57-r3	77	L4_steps_61_79	a9635d3c-c436-4924-a285-ded73ae09f57	3	musique	log/agenticIterRag/260715-005906-987696-pipeline-agentic_iter_rag_v1_spad_qwen3_1_7b_newdata_5100_gold_token_f1_v3_postnorm03_stage1/outputs/stages/train_agent/spad_rag/search_policy_rl/rollout_data/77.jsonl	215	There is a country where non-condensing direct-drive locomotives were used for fast passenger trains. Who mothered the person under whom the foreign group that conquered this country around AD 43 reached its greatest extent?	"[""Marcia""]"		0.0	0.0	1	0	true	true	insufficient_evidence	证据不足无法作答	I	insufficient_evidence		The locomotive country and the AD 43 conqueror chain are not resolved, and the evidence never identifies the mother of the ruler under whom the empire peaked.	Codex	2026-07-15T17:43:48+08:00	159db5ac9ea3525127eb1a9bba04d9df94da28b00f868938e997099e5cdc8b0b	68ebde2cb6be14f30a078273af0f8f8feefe26292d658997947735b354aab2eb
newdata512-0501	new5100-s77-fb7144bd-600d-4f43-a8fc-d48df1e1a0ab-r1	77	L4_steps_61_79	fb7144bd-600d-4f43-a8fc-d48df1e1a0ab	1	musique	log/agenticIterRag/260715-005906-987696-pipeline-agentic_iter_rag_v1_spad_qwen3_1_7b_newdata_5100_gold_token_f1_v3_postnorm03_stage1/outputs/stages/train_agent/spad_rag/search_policy_rl/rollout_data/77.jsonl	174	The basis of the Union that worked closely with FAO to combat the Global Food Crisis began with the signing of what?	"[""the Treaty on the Functioning of the European Union""]"	Rome Declaration	0.0	0.0	2	0	true	true	insufficient_evidence	证据不足无法作答	I	insufficient_evidence		The evidence states that FAO worked with the European Union but does not identify the treaty that forms the Union's legal basis.	Codex	2026-07-15T17:43:48+08:00	ab9e4ed03147d1c49391463728fb99fae291d468a9e06a69aee25506edbfd00f	443d863d6bc4b26b3df9e52b03535a8b6ffac3cfeacbf792c6c90943c53700ce
newdata512-0502	new5100-s78-59c6a461-0906-413d-857e-0ffcb8c04a92-r0	78	L4_steps_61_79	59c6a461-0906-413d-857e-0ffcb8c04a92	0	hotpotqa	log/agenticIterRag/260715-005906-987696-pipeline-agentic_iter_rag_v1_spad_qwen3_1_7b_newdata_5100_gold_token_f1_v3_postnorm03_stage1/outputs/stages/train_agent/spad_rag/search_policy_rl/rollout_data/78.jsonl	111	Blackjack Switch is a casino gambling game invented by Geoff Hall, and patented in what year, natural blackjacks are paid 1:1 instead of the standard 3:2, and a dealer hard 22 pushes all player hands except a natural, a croupier or dealer is someone appointed at a gambling table to assist in the conduct of the game, especially in the distribution of bets and payouts?	"[""2009""]"	2009	1.0	1.0	1	0	false	false			S	supported_answer	2009	The Blackjack Switch passage directly states that Geoff Hall's game was patented in 2009.	Codex	2026-07-15T17:43:48+08:00	52781381009252394df94ffabf7b17a7eeddf204e8df5e7e15fe476934781294	b5923b6d3794c8bb47ebb3240489792b05a9bdeac3247fd66eb49d83357d15aa
newdata512-0503	new5100-s78-c3a6237a-378f-46ac-830f-c9d645769444-r5	78	L4_steps_61_79	c3a6237a-378f-46ac-830f-c9d645769444	5	hotpotqa	log/agenticIterRag/260715-005906-987696-pipeline-agentic_iter_rag_v1_spad_qwen3_1_7b_newdata_5100_gold_token_f1_v3_postnorm03_stage1/outputs/stages/train_agent/spad_rag/search_policy_rl/rollout_data/78.jsonl	172	How ling is the bridge to the main airport in Hong Kong?	"[""1177 m""]"	1,121 meters	0.0	0.0	2	0	true	true	insufficient_evidence	证据不足无法作答	I	insufficient_evidence		The evidence identifies the airport-link bridges but the numerical bridge lengths are missing from the retrieved text, so the requested length cannot be supported.	Codex	2026-07-15T17:43:48+08:00	fdd070f35a498e7b2efe8837505dbe6a237f370b33bfe584e7dda8f65d0deec9	cd520d80e86d1f22c890e1c30b34b2d661ee7d1420c32f75d6e2a6d45ef1c285
newdata512-0504	new5100-s79-4c7a58db-24c8-4c10-a9d2-0608a1bf7f8c-r5	79	L4_steps_61_79	4c7a58db-24c8-4c10-a9d2-0608a1bf7f8c	5	nq	log/agenticIterRag/260715-005906-987696-pipeline-agentic_iter_rag_v1_spad_qwen3_1_7b_newdata_5100_gold_token_f1_v3_postnorm03_stage1/outputs/stages/train_agent/spad_rag/search_policy_rl/rollout_data/79.jsonl	375	who sings the wheels in the sky keep on turning?	"[""Journey""]"	Journey	1.0	1.0	1	0	false	false			S	supported_answer	Journey	The evidence directly identifies Wheel in the Sky and its quoted lyric as a song by Journey.	Codex	2026-07-15T17:43:48+08:00	b933bc276029ea59c88897f6e88906707ad1e071e90e17c46685a5394fbf745e	0db54348dbc5359231773919b495391f5184e3140acf3d5fe4c4ae1b50a06c3a
newdata512-0505	new5100-s79-67f3b8cc-5f25-4faf-ab21-8c40ddd23f21-r0	79	L4_steps_61_79	67f3b8cc-5f25-4faf-ab21-8c40ddd23f21	0	nq	log/agenticIterRag/260715-005906-987696-pipeline-agentic_iter_rag_v1_spad_qwen3_1_7b_newdata_5100_gold_token_f1_v3_postnorm03_stage1/outputs/stages/train_agent/spad_rag/search_policy_rl/rollout_data/79.jsonl	106	who owns the rights to the sound of music?	"[""Twentieth Century Fox""]"	Imagem Music Group	0.0	0.0	1	0	true	true	supported_answer	Imagem	A	ambiguous_evidence		The evidence assigns film adaptation rights to Twentieth Century Fox and later musical catalog and production licensing rights to Imagem; the question does not specify the right type.	Codex	2026-07-15T17:43:48+08:00	2187e54ce7e3d61042c89d3a43473b59b58676408b435637675ad91e554e506b	a3cb2ea0bd8fc9cc6f4e90ef319843e77ea7f0db46400bc1053c48ca159f9f01
newdata512-0506	new5100-s79-6f9d8643-3f20-4aac-b4e9-dfe60792d8a0-r5	79	L4_steps_61_79	6f9d8643-3f20-4aac-b4e9-dfe60792d8a0	5	musique	log/agenticIterRag/260715-005906-987696-pipeline-agentic_iter_rag_v1_spad_qwen3_1_7b_newdata_5100_gold_token_f1_v3_postnorm03_stage1/outputs/stages/train_agent/spad_rag/search_policy_rl/rollout_data/79.jsonl	440	Who is the spouse of the president of the Russian Republic at the time of the disintegration of the country that used RPG-43?	"[""Raisa Maximovna Gorbacheva""]"	Naina Yeltsina	0.0	0.0	2	0	true	true	supported_answer	Naina Yeltsina	S	supported_answer	Naina Yeltsina	The evidence identifies Boris Yeltsin as president of the Russian Republic in the relevant period and directly names his wife Naina Yeltsina.	Codex	2026-07-15T17:43:48+08:00	3b48650bcf01a0df4e7724dc776c2b3f6d88b7382278913236de52e180f5735e	815db14168dcd37736f63a7af794beae3568e98c83a4c4dada3c8bbde7ef2d7c
newdata512-0507	new5100-s79-7d057bb6-b10b-40ca-a0cd-3be0e7a68430-r7	79	L4_steps_61_79	7d057bb6-b10b-40ca-a0cd-3be0e7a68430	7	nq	log/agenticIterRag/260715-005906-987696-pipeline-agentic_iter_rag_v1_spad_qwen3_1_7b_newdata_5100_gold_token_f1_v3_postnorm03_stage1/outputs/stages/train_agent/spad_rag/search_policy_rl/rollout_data/79.jsonl	504	who plays tom riddle in chamber of secrets?	"[""Christian Peter Coulson""]"	Christian Coulson	0.0	0.8	1	0	true	true	supported_answer	Christian Coulson	S	supported_answer	Christian Peter Coulson	The evidence directly states that Christian Coulson played the 16-year-old Tom Riddle in Chamber of Secrets.	Codex	2026-07-15T17:43:48+08:00	5e0f23d2b8f4a32ff68d11a69178e965bdbcfb3a058bb0513da62cac6becb165	9961726c2f512785a159195c16c4eb5ea2efc7154f92d0e66c7c4cfd097846ad
newdata512-0508	new5100-s79-80320962-0078-4bd7-a2e3-06090a52a8b1-r0	79	L4_steps_61_79	80320962-0078-4bd7-a2e3-06090a52a8b1	0	2wikimultihopqa	log/agenticIterRag/260715-005906-987696-pipeline-agentic_iter_rag_v1_spad_qwen3_1_7b_newdata_5100_gold_token_f1_v3_postnorm03_stage1/outputs/stages/train_agent/spad_rag/search_policy_rl/rollout_data/79.jsonl	101	Was Alphonse Thys or Alistair Sylvester born first?	"[""Alphonse Thys""]"	Alphonse Thys	1.0	1.0	1	0	false	false			S	supported_answer	Alphonse Thys	The evidence dates Alphonse Thys to 1807 and Alistair Sylvester to 1994, so Thys was born first.	Codex	2026-07-15T17:43:48+08:00	cf4d92baf723c5ac9102ed4cdd1f24eb27280bcdd3784c670d360aa4cf009187	1ed51b24ea39c930209561320986dd99f66486e45938103b3044e9d968ec92dd
newdata512-0509	new5100-s79-a03f1a8a-43fa-4806-b8c0-76265f037f87-r6	79	L4_steps_61_79	a03f1a8a-43fa-4806-b8c0-76265f037f87	6	musique	log/agenticIterRag/260715-005906-987696-pipeline-agentic_iter_rag_v1_spad_qwen3_1_7b_newdata_5100_gold_token_f1_v3_postnorm03_stage1/outputs/stages/train_agent/spad_rag/search_policy_rl/rollout_data/79.jsonl	422	The town sharing border with the Italian municipality adjacent to Grado, Friuli-Venezia Giulia is a type of what?	"[""comune""]"	municipality	0.0	0.0	1	0	false	false			I	insufficient_evidence		Pozzuolo del Friuli is identified as a comune, but the evidence does not establish the required chain from Grado to an adjacent municipality and then to the bordering town.	Codex	2026-07-15T17:43:48+08:00	398cb8acf77613a5c1a61185df0f25a63e567847d133022fa2c1f5a945125cea	6fb4a3b2372d27404a5451acda437c45c3400e8f7d3ac7fcdcd72175cd94cebd
newdata512-0510	new5100-s79-a62781b9-5108-431f-80ef-8e09a5414c31-r0	79	L4_steps_61_79	a62781b9-5108-431f-80ef-8e09a5414c31	0	2wikimultihopqa	log/agenticIterRag/260715-005906-987696-pipeline-agentic_iter_rag_v1_spad_qwen3_1_7b_newdata_5100_gold_token_f1_v3_postnorm03_stage1/outputs/stages/train_agent/spad_rag/search_policy_rl/rollout_data/79.jsonl	66	Are both Love In Another Language and Bed And Sofa from the same country?	"[""no""]"		0.0	0.0	5	3	false	false			I	insufficient_evidence		Bed and Sofa is identified as Soviet, but Love in Another Language is never retrieved or assigned a country.	Codex	2026-07-15T17:43:48+08:00	e9578c143d3c5c4a309374b855ed96d52ee0b5bd037fb0828fba495a5dae446b	e713f60d4206afef30cc16ba95af2ca1506a710da73187c8782298affc4bd707
newdata512-0511	new5100-s79-c97794d0-7a63-4ba7-8b8f-f2bb9a3bdd7b-r0	79	L4_steps_61_79	c97794d0-7a63-4ba7-8b8f-f2bb9a3bdd7b	0	2wikimultihopqa	log/agenticIterRag/260715-005906-987696-pipeline-agentic_iter_rag_v1_spad_qwen3_1_7b_newdata_5100_gold_token_f1_v3_postnorm03_stage1/outputs/stages/train_agent/spad_rag/search_policy_rl/rollout_data/79.jsonl	48	Are both director of film Wild Beauty and director of film Big Boy Rides Again from the same country?	"[""yes""]"	Yes	1.0	1.0	2	0	false	false			I	insufficient_evidence		The searches retrieve similarly titled works and unrelated directors but do not identify either requested film's director or nationality.	Codex	2026-07-15T17:43:48+08:00	820421127b2c81556c27d0fe39497f767212b74212df22d3342ec1aab27f9860	e31c25d7247986b1d1c13c13974db69ac8705c76d2af66d0ebec10fb5f07312d
newdata512-0512	new5100-s79-d6c5db1e-9bf1-4048-947c-11090b29d09c-r7	79	L4_steps_61_79	d6c5db1e-9bf1-4048-947c-11090b29d09c	7	nq	log/agenticIterRag/260715-005906-987696-pipeline-agentic_iter_rag_v1_spad_qwen3_1_7b_newdata_5100_gold_token_f1_v3_postnorm03_stage1/outputs/stages/train_agent/spad_rag/search_policy_rl/rollout_data/79.jsonl	512	who keeps private key in asymmetric key cryptography?	"[""the owner""]"	the owner	1.0	1.0	1	0	false	false			S	supported_answer	the owner	The public-key cryptography passage directly states that the private key is known only to its owner.	Codex	2026-07-15T17:43:48+08:00	f0e97b82de5a17165d1b215ac7b0ad9749bc91557ace60c7ae354254e94493c5	e47ba86435dceee9e917362543245279c003b546f3257c9ec7ffa5fc3627414b
